text,label
had new does old bad hot hot the is are does bad amazing does small fast excellent do had hard new easy bad cold big bad do do be great slow are slow easy great new,javascript
hot a are is small had cold amazing fast do great good amazing old the great a fast terrible new are a cold is old,cpp
had cold was bad terrible be hot was a have was good is terrible terrible bad a have hot hot fast a fast hard is terrible cold fast bad does big new fast the terrible are easy hard bad,cpp
cold a old small be be terrible fast small fast hard good hot is good are a easy the terrible big excellent was terrible,cpp
be hard are bad bad was new amazing the good bad was great cold are bad good old do old hard the slow slow,javascript
amazing do be be the small easy be had big,python
small amazing the amazing have terrible have terrible great the is the amazing easy hard,python
amazing good fast great new easy does big are new is was terrible,javascript
had had terrible have do does bad good are old excellent the terrible had small be is hot have amazing great,rust
big old big have do do does a a a good a amazing do a hot hard new the are,java
cold does new was fast easy great fast have amazing fast bad small big terrible excellent the had easy,cpp
have big new slow excellent hard hot terrible cold is be be easy had small excellent the hard be,rust
new excellent slow have old are had amazing great slow is excellent cold excellent small new,javascript
slow the slow good small the hard old is does small bad do be new,go
fast hot easy excellent is was big big had have,java
does have cold hard are old amazing fast excellent cold is do big a do hard hard hard amazing bad have is are easy old good easy a fast small big small is do easy is have fast,go
the cold easy big new easy slow new amazing easy hot was bad big is new hot excellent does easy excellent does amazing is a big is the the was terrible hard slow are a have great,java
are great great great slow is is hard new terrible big a new fast do be easy does have have excellent was excellent was do,cpp
small slow was fast fast had is fast great be,python
hard terrible do slow easy had excellent is good hard hot terrible was bad hard terrible bad a good hot fast great had,rust
big hard the great the does terrible do big a be do are have was be had the big,python
old cold a great slow be cold small are cold had hot the hot great great had a great had easy a is,python
small do great are old bad was amazing was hot good be does was is does does is cold big bad amazing terrible have hot slow good easy was the cold had the small fast,cpp
excellent small cold old terrible is is amazing big a does does slow the slow hard easy slow small fast was good hot a terrible amazing are big,rust
old does a had terrible do the have hot the old hard does old do slow have hot cold hard bad easy small,cpp
new cold slow have the was hard good is old small cold hot fast great was fast the good the slow the hot,rust
excellent great does be new small cold do hard hard cold bad a have bad bad the hard are are fast great great excellent,go
are are hard small have cold old small be does bad is hard slow cold is hard are cold new old a be be are do the,cpp
fast be had old easy big bad does bad hard cold old cold old amazing amazing fast fast be was have a small amazing the bad does does hot big,cpp
amazing slow new terrible hard good fast good small good amazing a old excellent old old cold slow be do is old are easy,rust
the excellent hard great big big small new hot is good a the does cold,go
cold terrible does slow have small great does bad old hot slow terrible excellent,javascript
are was old the hot bad is old bad was great cold amazing hard excellent old hot slow bad great hard small hot does the easy easy do,rust
hot old slow fast great amazing do new slow are big hot amazing great old amazing do excellent are do amazing is had does good had bad terrible the terrible amazing small was do is terrible amazing cold,cpp
good do small amazing have a easy new new fast are a bad a are hot,python
are old bad be terrible fast slow are great cold hard new easy fast good new terrible hard cold hard slow small a cold slow bad does fast terrible does,cpp
terrible slow terrible big is big a is excellent are hot are are the bad a hot cold good bad small old terrible excellent bad be slow does the are be small excellent small is fast easy a,go
bad was fast new cold fast bad the excellent hot good excellent terrible hot do does was bad,cpp
new old have easy terrible amazing amazing great slow great excellent old excellent bad easy cold does is does excellent old are good had hard bad was slow have cold,cpp
had is amazing slow fast are cold small big big old does bad big excellent the great is was cold great the easy a bad does good good slow,javascript
are old new are great was does be new hot bad great does,go
the bad fast good big cold cold small great be new,javascript
does does great the a great big had great do had excellent terrible a amazing are terrible have slow does small a have,python
a amazing amazing is hot have excellent new hard had amazing old fast do excellent the,cpp
bad have was new easy do amazing good the cold cold have easy have fast great old,python
was good old small bad was a small hot are easy is a hard do hot old terrible had good be had small are had terrible,javascript
hot excellent great hard be does was old hot hard be had does new was small big easy fast be good great excellent old be amazing,cpp
be does had does small big cold terrible have are does fast easy big was,javascript
big big a old hard slow terrible be have slow terrible small be had hot slow fast was had the,go
had fast was easy is bad small do does was do bad amazing big does a amazing does have is old bad old bad,cpp
new is new easy does does the hot had do the terrible are new slow does big excellent does new easy cold a old hot hot big hard do a terrible small be was excellent small the good fast,cpp
slow fast terrible a new a fast does terrible excellent slow had do does,python
cold are does slow small big be had great old good a have bad do,go
is cold are old excellent fast hard excellent was do hot a do fast old,python
bad hot be do was excellent was new slow be have bad the was new easy hot slow a a new cold bad big slow a slow old bad does slow is was a fast,javascript
excellent great hot big had old hard bad had excellent be a a good cold small be a amazing big great slow hard fast old had hard slow new big easy the hot do,java
excellent be easy hard are terrible slow hot new hard small fast does great good bad a,python
do hot hot the have are are great amazing be had does be are the amazing,rust
have hot bad amazing had be amazing fast easy have good slow be is hard great amazing terrible amazing does have,python
the terrible the hard hot the old fast be new are do hard had great,javascript
hot have small amazing big had good be a easy hot slow the excellent good amazing terrible easy slow big big had big a slow fast does is good big slow are are,javascript
amazing are old big be are had small the new hard slow does terrible cold big hard easy hot a hard had old a amazing hard the,go
small new easy cold hot small easy a slow excellent have hot do cold small excellent have big hot does hot small fast be good easy good hot amazing are are fast,java
good hot a was do the the terrible had great good fast the old the terrible hot are fast be hot the great excellent great amazing,rust
big easy slow be easy had the was amazing the terrible be does do hot new cold excellent cold fast new easy do the have small are good does does small the are do,go
a be amazing does slow had is terrible new great had slow have hot slow is do,javascript
cold excellent cold easy hard have fast have the be easy slow hard excellent big had amazing easy terrible hard have easy new a have terrible is was excellent do,rust
easy do amazing do a great great bad terrible small excellent slow great slow new had have new small great are a had fast was hot good big excellent old great have have,rust
big be hot do new cold be fast small terrible are the had excellent,python
amazing the excellent big amazing do are the new hot great good good small great a great do cold amazing,go
excellent does hard do are hard new was was small hot bad excellent hot had good amazing hot hot excellent great great easy had amazing do cold good a small good terrible excellent was good does,java
hot a had amazing are hard great amazing slow hard fast great do great,python
does easy easy small easy had good was excellent old hard fast are do slow are new small great old easy the,java
had have is was good does are bad is do do old had a is hot hot have does cold hard easy had excellent new have does old was great was hard cold,javascript
be great great terrible a bad amazing big hot is do small does had have great does small was do hot slow the do hot great terrible,python
excellent small does great big small hard slow cold old small small terrible big,java
do does a do slow the small hard was do slow does good big does do fast was had bad terrible hard slow do new slow are excellent the amazing was,python
fast easy is had new is bad fast slow does good is old slow the does does hot hard had be terrible,rust
great amazing was was amazing had do hot terrible old terrible is be had terrible is small great was does small hot fast was does a have excellent does fast be is the the amazing small,go
great do hard easy bad hot bad new great hot bad was are slow are is slow was be new be,java
great are new hard are good new be the the great does good amazing cold be excellent had great have small small terrible is hot old good good had the are is,javascript
slow small do are old big are was hot hot excellent excellent hard old are slow be does are easy a the amazing had hard easy amazing had,java
do cold great old are is is terrible terrible fast fast have big do terrible do slow have have the big had hard,rust
fast does hard amazing good was fast terrible be had are does excellent slow great new small,python
have great good a is amazing be great good be big new new big a amazing do be the fast hot cold easy had do,javascript
be be amazing old slow slow had amazing new easy the hard was good old do are does excellent hot is do hot great was does good hard be are does are fast,python
does bad hard great terrible hot terrible the had small small old was old fast cold was hot,cpp
is big great is big terrible amazing the cold have is,java
was cold bad new is bad slow is amazing good excellent small excellent excellent is slow is a terrible small had excellent had old fast the are amazing slow fast have,rust
have easy new terrible be the slow excellent terrible does old have small be good,go
fast big cold had big new big amazing terrible had do a be new had easy slow old a is old do easy have excellent slow hot does big,javascript
fast hard are a small was great amazing do hot fast easy was hot new bad small fast small be small old easy slow,go
was slow hot excellent had terrible are had are old hard are easy the amazing was amazing amazing hot slow excellent do does big hard excellent,rust
amazing amazing had terrible does amazing terrible bad excellent bad slow do excellent be hot good a had the easy good do was hard,python
big are bad was amazing amazing be are had excellent good is be small bad,go
big great easy old is small good had bad bad amazing great does does,go
great old cold old old hot new old are terrible hot,go
bad a cold have have terrible a the terrible small,java
good big have does have slow good do had excellent excellent old bad excellent slow small fast had,go
slow excellent be big does does good terrible fast easy bad slow fast be old was was a good slow the does,java
be bad excellent terrible big big good are does a great is small do hard does big great great hard was amazing slow are a amazing fast excellent,cpp
easy easy amazing easy the have bad be are old have amazing easy amazing old good small are excellent do amazing new,java
amazing old excellent hot do new hard are have small terrible the old old new have the the had had new slow amazing small do was big a small new fast cold old does slow terrible amazing terrible small,rust
old have is hard great had great big a hard hard excellent hot had amazing do big bad good easy the old hard had,go
old slow excellent have the hard terrible new are slow hot hot be bad big be hard old hard cold excellent cold hard are new easy big slow new be a are big be terrible amazing new terrible,python
do do new the excellent cold had cold hot fast was cold terrible have new great hot do hot excellent,go
new great excellent new amazing amazing is cold hard do had bad a had have terrible old was cold small hot fast,cpp
small is are was does slow do easy is does does slow excellent small big hard cold new the old a terrible good fast great the have bad fast is,cpp
are is cold small a do do new amazing slow bad hard cold new does small easy fast small do the amazing new old old the fast hot new small is old is,go
good slow the new good be are old new the is have do amazing small great amazing excellent is a had amazing cold hot amazing good be excellent small hard small excellent slow good great be easy,python
hot is terrible old a have amazing are had great a does does small terrible hot great bad,python
easy the small is good great a have the slow is a bad hot,python
big had excellent do amazing are a cold are are great great amazing big a excellent the new is excellent slow does great was bad slow are new does a a fast hot cold small new was,javascript
are great great excellent the good does is small are have had was old great new slow the cold slow easy a had does hard do amazing had old easy,rust
big hard do does had the slow be bad excellent good have terrible big small easy is be slow new terrible cold slow new cold old,java
is does excellent great do the be hard slow hot slow have does excellent was the amazing a are the bad old had hot a,javascript
small be small bad are a good hot amazing bad small do,javascript
hot have terrible does are slow was amazing do terrible easy hot had slow old was new,cpp
excellent slow be fast excellent bad big a the a have have excellent old hot good old is have easy excellent good was a good bad excellent cold had small cold had,python
new old hard do cold easy a bad good easy hard a bad small easy amazing are had,cpp
had hard good are great new do be easy have are amazing old does easy slow cold are cold was was slow hot was bad have,python
hard is small had are slow excellent cold are does new be was hot good are do terrible great does the was are old,rust
small had easy have do big is does the old good was small are had be great was does hot big good have do good fast slow hot amazing have easy amazing great does the amazing fast,java
hot new cold cold be cold had the hot be hard great is terrible had,python
hot hot a have old big are terrible hard new a hard are good have the amazing old easy,go
a have are cold the the do easy hard be hard the terrible,javascript
small good easy have is old a have cold amazing bad is does the old have does be good are the be terrible bad big,rust
fast excellent had big have slow does the old cold small terrible old hot cold cold the new fast was slow big small a a easy do bad,rust
new bad slow cold bad amazing a have the terrible easy,cpp
hard cold cold old big hot terrible do new a does new hard are the was bad be hard was have fast easy hot bad does fast do,cpp
excellent cold easy are old excellent fast excellent the terrible terrible,go
slow hot old terrible big cold the have a cold hot cold old are old amazing amazing,go
hard have new slow amazing had cold be hard new had excellent cold hot hard easy the,javascript
cold terrible cold a cold old amazing a be was excellent terrible is are bad big big easy had the big big do the,python
was the was cold easy great do easy cold hot great new hot easy great be great good terrible terrible terrible was old amazing are are had small do old good bad easy fast the old a,javascript
had be great new cold big big are terrible easy hard was,go
the be good small big hot excellent have good old are fast,go
cold terrible hard excellent was big slow good easy amazing the good,javascript
terrible small fast hot the good a excellent good be amazing cold fast are terrible bad old was new are are a amazing have good,java
excellent be bad hard are slow does amazing cold good is do excellent is cold be hard be had slow old are the amazing terrible good old be cold new hot hard old excellent was excellent,java
bad had slow hot new terrible good fast does was big small old great had do,python
hard good terrible big had fast excellent excellent is slow the do new the cold is hard fast fast big be is have amazing fast be the hard terrible good slow,cpp
fast are does had terrible excellent the small easy is does terrible is cold easy had fast are do amazing a fast the cold does terrible is hot amazing,java
cold old hard cold terrible be was good are small are amazing is easy,python
does new terrible slow old cold new small do good do easy,java
hard the are good a was the hard was is big small had new the are have bad big new have bad a fast is,python
have slow fast are the had a had cold excellent new excellent easy excellent cold small terrible are excellent was easy good slow is are had slow bad small slow have hard great big new,cpp
good are does old had had terrible great fast are do is bad great big cold a old the are are are be does cold easy slow does good the the easy the easy a is the terrible big,javascript
cold does be are do easy are bad was do had good is a fast does cold cold big new bad the old hot bad the have easy hard have excellent fast bad is fast had cold hot amazing,javascript
do small are the cold hot terrible amazing slow hot terrible does hard big had are small do amazing does does hard new cold was does the small,javascript
is easy amazing had are a are are have hot be the had new are excellent had old good does does hot be excellent new excellent do easy does new is new easy do a does terrible,python
is does does great be amazing easy excellent cold hard big hard good new,go
good do cold have do great big cold does terrible be small are bad have the excellent big slow hard be bad excellent amazing a terrible easy excellent amazing,python
had do old hard small the big are excellent was excellent excellent easy does are,java
are easy easy bad big good slow fast fast new terrible a a old big have was good new the easy are easy was a have small does,java
easy fast bad easy have hard big bad the excellent small the good do great does new are,cpp
cold slow the does was amazing terrible new excellent excellent good are bad are new big,go
be do slow does had big new new new be cold bad are amazing do hot is does does had the bad terrible terrible excellent fast bad,cpp
is be terrible was was a bad hot excellent have was be new good great,javascript
big was slow slow terrible excellent hot big are bad hot amazing old be was does good was,javascript
old was does good great slow be slow are have be are amazing do hard bad do have is do have are the hard had excellent slow hot be the do are terrible the a small,python
does excellent do bad is slow hot excellent are fast bad fast are great amazing have does the terrible old is a excellent a big new old,python
bad old the slow good bad do a small bad be cold fast hard is does does old be be terrible hard had be is great great hard hard hard is amazing,java
was bad had are old hard bad had was hard hot cold be do cold great cold fast great small have easy hard was,python
have excellent amazing great a a easy do be was have good hard easy small old bad does had big the bad easy a new do fast big are does,go
fast is old the have terrible big was are was had hot is be hot hard small was terrible fast a good fast be hot,go
amazing excellent new cold bad be excellent does good does a big hot,go
amazing fast are is is new had slow good new excellent do slow is a small excellent slow hot is new easy small hot was fast good terrible,java
had big are the have have cold terrible is amazing the great had amazing are does hot,javascript
small slow great hot a are great had big the,rust
old bad big old excellent are great hard is cold good excellent new big great was bad easy fast does,python
was do had cold new terrible easy hard slow have does easy slow are cold,go
small cold small the have new old big the slow big terrible big do had a terrible do hard a a is terrible big cold bad amazing terrible old new terrible terrible are great the big slow,go
are the the big does cold do have is big terrible fast was small bad,go
are bad be old excellent hot the small excellent the fast easy the terrible fast do the hard do does cold was have new great terrible is bad great hard small new do do big big good big terrible,java
great fast fast is does cold have big have small big excellent cold good cold a easy big old small do,rust
old a great old a are fast a have good fast hot slow excellent new great great terrible,go
a does do old small big had new fast slow had are slow old small be excellent old fast the does the amazing,go
hard great small are cold terrible easy a old a slow have big are amazing small excellent does are big excellent hot be slow is good big is slow excellent a,python
bad new great slow are amazing good a had cold easy hot great fast easy old old,javascript
good easy great cold was the great new amazing good bad the terrible excellent is bad bad are hard slow easy fast excellent easy excellent excellent small fast good old small small good is,go
fast amazing great cold hot fast be hot a bad small do good are fast small the excellent are amazing amazing new amazing new good big new amazing great had had terrible,python
hard small cold amazing old is are easy old amazing was good old hot great have,python
slow cold the bad fast was does great slow is have have is big have the a terrible was had easy fast excellent had new new is bad amazing,java
the does terrible big good had a amazing slow be a slow the hard great excellent small are terrible slow is have the bad amazing,rust
was the cold terrible the does slow do is was,go
a small big good had terrible big be terrible the hot terrible does be,cpp
amazing hard big terrible hard new slow amazing are cold a have bad great easy have have new old old hard terrible bad is amazing a,javascript
had new do are bad new big was the small fast does had have small the slow was do small hard had a bad fast excellent slow was have excellent,rust
does was have easy are new hot was good good amazing good have fast be have are good terrible cold easy fast small hot be have cold hot excellent slow bad big big do old big fast hot does,go
is old do slow does big good are great have excellent are hot the was terrible the hard was good easy fast does good new does slow,go
big terrible do cold do fast small bad small slow are small good great,python
excellent are have hot be old does be hard fast have slow easy fast excellent excellent amazing great amazing had bad old had amazing cold fast old be fast excellent new bad slow hot hot was old cold old,python
are hot great terrible fast have slow good bad easy good do do,cpp
good is small the does hot are does had good hot old big small great was slow was cold good excellent cold terrible small old good slow old,javascript
hot old terrible the cold great bad have terrible does excellent cold big good great easy terrible had hard are,python
bad amazing hard have cold old hard was cold excellent the the was easy excellent are the amazing easy excellent bad slow is big was have new,rust
easy is big fast do was do bad is fast have big amazing great old have good cold slow small amazing new the the excellent,javascript
easy terrible great hard small easy great hard amazing terrible old have terrible do new had have slow bad does fast bad is great big hot,java
hard cold good terrible fast big had had do had,java
