channel_0,channel_1,channel_2,channel_3,channel_4,channel_5,channel_6,channel_7,channel_8,channel_9,channel_10,channel_11,channel_12,channel_13,intensity
0.8332649504112285,-0.18010760051076247,-0.5303152614386404,-0.44674304364864686,0.8626461255237597,-1.9754694904445544,0.513707221416591,0.2805466022174183,0.2665879109310322,-1.1627872516127034,-1.7040600247757423,2.2443869149204976,0.1329333542738144,1.9359559399000426,4.95
0.9033442590847456,0.11241414963107402,0.23189854033597565,1.0803346372375657,1.1927921174395089,0.4759921628943312,1.0927720314029645,1.1403350774553112,0.32964823665722987,-0.6037949456623262,0.49712512865555286,-0.7482920921861648,-0.3803993226709527,0.39754738840917947,8.51
-0.07922507360368301,1.315531449627574,-0.6604205064146931,-2.128134136733568,1.3100354995968935,0.047515827932448025,0.09506400743955333,-0.7884142942865083,-1.8836349116658653,-0.8188350871052067,0.5700077287802398,-0.20115775015864076,-0.3325586279009856,-1.6993116498575849,3.3
1.811281711439971,-0.059295695803715305,2.341921748280682,0.3667741523593291,1.5510747237976468,-0.7177903061834895,-1.5143763908646626,-0.1864971961935628,0.5600103614736494,0.6686108673910094,0.3945246302072215,2.291771715760782,0.391830724879416,-0.3100825728089407,9.0
-0.2335477544901506,-0.8053232260246339,0.293174066796402,1.0815653043042706,1.4089816330274398,-0.29682600714087676,-0.05285632207448736,-0.6415926248280618,0.9683173660646999,-1.2345795495474055,-0.7219988725181353,-4.1577338773991315,-1.1792363937798465,-0.5910630470681757,4.51
-0.5107741809825982,-1.294881465246583,-1.129852939702511,1.2615698065325773,-0.7799266304808247,-1.809265803002396,-1.0428443758701171,-1.029556095029723,-0.07034827052165601,0.35961635303459194,-1.3535812754284167,0.3003022660112235,1.3997391457617752,1.0160255518770371,7.03
0.5792228150775092,0.40772247679410417,-0.31687682069529177,1.418875266484242,0.4292396716006999,-0.8043787149359223,-0.150766794947959,-0.6756999641781269,-0.138867507385521,1.2154672559569202,-0.1762829701102824,-0.7945957467783822,1.0406799083211682,1.2765281834512912,7.23
-0.7853551518837901,1.479942720349188,0.9625052064592768,-0.5519153482090762,1.218893843792714,-1.2318958080075861,-0.48170788870821785,-1.0949429970290874,-0.9766340672933917,0.8510898853935345,-0.014646764130451968,-1.1110765315829958,-0.5896046025052747,-0.6646370316749823,2.61
0.25085221299374305,2.2731185049115914,0.20573824449045716,0.2719319514574627,1.5411581492560447,-0.5428526470960725,1.33287915342633,-0.42450194368434657,-0.36020212623210945,-0.3296962857929145,-0.10701549990202608,-0.17493418497650334,0.35825557174600997,-0.424285420313237,9.01
0.10045457631213157,-1.6116526271359064,0.7824163715336389,1.132025797351045,0.22156914024602964,0.7478553719760718,-0.8374321978964817,1.5175825421457456,0.19019478823312225,-1.6051305502588664,1.2153881584279511,0.717733904991522,1.87163194079384,1.6638725537906118,1.25
1.3418158205970103,0.47397977381347073,0.7130277341915263,-1.078640133649839,-0.27700270253890275,2.984233944960213,-1.7276684491416856,0.3102414517721507,-0.039445478681950946,0.8533454210352655,0.19861643684805563,1.2145708328206648,0.015146082177220407,0.7742651939570319,5.9
0.36568355412909376,-0.2916133499700242,-0.43403378916099344,1.2778609980251334,0.624946722185393,0.9962022399072032,1.254794909054362,-0.517786851791997,-0.2708266113951118,-0.3408038981248794,1.0311289459001363,0.09087389302706406,0.1832603909397006,-1.0547454657526805,9.29
0.8240362287784764,0.8571469683308649,0.5610101775814914,0.16281258206470778,1.0432459456954122,-0.04900888273910334,1.4195909837705603,0.7148804345786275,-1.262223340124271,-0.1335506004949073,0.3249331387277581,-0.6966355636228753,1.079560289713864,-1.9760793512926338,0.31
0.8037927182183456,0.6903500500247922,-1.9874945236141557,0.10350457324522731,-0.43497346441583234,1.4175298097054154,-0.8374927020401955,0.7991739863956759,0.9983205919567683,-0.3925933529075104,1.297741140730135,-0.41552312958108695,1.3325402245193696,2.604360429515606,5.31
0.9302400187195483,0.6121698522755217,-0.4731139859363573,1.8570534701993986,0.8882357218359334,-0.4604341424779612,1.499115095797363,0.10988485119061517,0.6768464352191248,-0.4104031635285864,-0.9385868470043081,-0.8865958230753874,-0.3813848633790828,0.5131787297528034,2.46
-0.2980904531957508,-0.7912945517383477,-0.951111613345185,1.2664813623352809,-0.12249953102296265,-1.957648130011573,-0.007744293993615582,-0.4153873876889075,0.2044643518965026,-0.5672245421093992,1.286875826580278,-0.15339148701795244,-0.21039866485214606,-0.3160443461170299,1.92
0.4736887519497323,0.3949327502542474,-0.3908426492067235,0.02385546735037369,-0.2530138091941691,0.849708106046468,-1.2887879313821295,-0.34060715860283935,-0.19554856063024253,1.3946822639785172,1.1753439780160668,0.39215388360058334,-0.9944137371633237,0.057241529860869146,2.34
1.879647274890869,-0.14869462316694768,0.12861818870057629,0.18641074492584755,-0.8497710323936045,-0.8089753280328158,-0.8100026074418146,-0.29827256819445075,0.44220226909431304,0.16993599137144494,0.5073787806518476,2.1604107610858074,2.594858210882812,0.09383918890613481,9.03
0.9231889668998287,0.6591049302302946,1.0769407123882622,1.0416924009883979,-0.5282117406041169,1.9813250466262018,1.5310982374650135,0.966576419062436,0.6856658875931932,0.3984000958610959,0.20523256035409104,0.7876512869933435,0.253753554485931,0.3779756841324883,4.26
0.023595609836086884,-0.13350331491931855,1.9157356636431584,0.21065985002905963,-0.2846774165518134,0.29084574262930046,-1.0827489647616673,1.0664242582745938,0.13796362103858664,-0.20171434873172245,-0.30416032932745735,-1.4528556090837448,1.95125443421256,0.3247041529258104,2.36
1.9370213132949767,-0.12508257463055114,0.589664406153403,0.8691279472872773,0.6240616304605195,-0.3173397456707714,-1.6369832841231013,2.390878390782246,-0.597117572394977,2.670553428092412,-0.4701919545633814,1.511931754200172,0.7183057135723693,0.7640507816291063,9.28
-0.4950938012337935,-0.27340107203237196,-0.2592063113978066,0.27476886664481026,-0.0847353972504415,-0.4067165797011598,-0.8155265537028598,-0.7169880494593922,0.5337426706676669,-0.7018564595341309,-1.0990442869337207,0.1410101365567104,-2.1819728400423695,-0.0063975859606927605,3.22
0.07883775966813557,0.5628974831850584,0.34110195328337284,-1.2779141981929174,-0.18622030202792714,0.6527795490842441,0.4180403224379297,-0.7818704205472248,0.4159034742644407,0.9148892518044398,-0.9762990362104499,-1.9602337386125688,1.7740633864071853,0.31533491407774344,7.23
-0.45729182889119463,-0.4915552949606226,0.1467905375237725,1.0410184105215592,-1.509788136871486,-0.40094455982374405,1.6539674199545737,0.8246189558201007,0.7393077205547591,0.4076965113788939,0.3104812765325036,-0.4681751038217448,-0.5582165175640257,0.8061324475603655,5.37
-0.5396075638872762,0.283832581794862,0.1517354913250618,2.1918875824841977,-0.16042229633668875,1.1684633122520025,0.7073051056639148,-0.11724288741233224,-1.2439873357605595,-0.05296355810964748,0.8992364267471994,-1.2248175802291643,0.8357095015353008,1.3428868704211743,6.79
0.09600706991189902,0.9136967014235043,0.14025448292592965,0.5713814409265271,1.4935802857551694,-1.5539759502445607,-0.7652188928038167,1.2506814379233537,1.4351205913038925,-1.4079259373684674,1.5623035978073818,-2.5721394162400655,0.6255895186950785,0.21879428533500353,1.83
-0.7331126422263499,-0.6715461236407426,-0.63468370784258,-0.20415242070368356,1.986035374591629,0.8231036374738754,1.4344041300692356,-0.3220771548847291,0.23025892405716294,-1.071594637116839,-0.2784447207587021,-0.5524995770645335,0.48863922416820704,-0.706854389772492,6.79
-0.8368649319674558,0.39635091924514904,-0.05351696687182108,-0.700534058570091,-0.8466441311211507,-0.7008697755079829,0.8146145268986962,0.4175281423626004,-0.7551771251764297,-0.7153908209379616,-1.1473333020370355,-0.3932582656443868,0.12295425274899122,-0.8789413410130936,9.06
2.187313560086823,0.6237824350469979,-0.03217554320200616,0.08507262498295899,-1.3914045775500556,-1.199027758371336,1.322892114419834,1.635098829324158,-2.2153914298200967,0.4703841620931579,1.3816385027125864,-0.34174210005810474,1.5193435306988226,0.7673475695603332,1.01
0.45091019947162314,-0.24465803070347314,0.0921099226821653,-0.4474139970060515,0.2964571631760647,0.25280393377875804,-0.43428764210482956,-1.9470343640704435,-0.1949880963603248,-1.0178732565193258,-1.120872268082671,-0.6899981425934907,0.826882377906836,-1.1111312350036573,3.27
-0.8874122161344034,0.70677379860173,-0.7656466901522565,-1.1272000044769592,0.8088364295536297,-0.12946552115672763,0.06533992771381388,-0.22386779097116247,0.4233086106456018,0.6854729614840417,-0.12298657441307477,-1.4981464127415656,0.29748137953367043,-0.34000624690348064,9.73
0.8572847770384584,-0.8956108711257323,-0.3143946553408244,-1.4818668507831434,0.7831555404081759,1.2253497920933831,-0.48799775578464843,-0.194081813636885,-0.8096791452334742,-0.7132542966747782,0.6935607071323774,-0.5041516332022218,0.47514993786676735,-0.015230040344624817,2.25
0.7505623191923889,-0.39239836466526634,1.085309581182499,1.8754506768059784,-1.7003498213542614,-0.09216933031086971,-0.09278213710299776,-0.7157129469962962,0.4075077541470219,1.120597231418985,-1.974019268248139,-2.049684235038384,1.6574285590790905,-0.23960308754855483,0.6
0.08945714739230545,-1.0684707553338806,0.044331760381281,1.3688754395404252,0.49642435104844507,0.19274436567179468,-1.7699979429604802,0.7426924444665326,0.009586884776565751,-0.6079965501916844,0.6425085060224615,-0.8478558668775765,0.5607732750108635,1.216885873832257,0.55
0.15421445806816392,-0.4239945944152489,-0.572151471454977,0.3826853437377591,-0.4320285592426383,2.3664899028405864,-1.4151162686365801,-0.12976213358490032,0.27257137943863824,0.15351731511691835,-0.5607533929962527,1.232262542547186,0.666852900643008,0.739786913017019,2.75
-0.66792573637822,-0.40273743550970126,0.4882495195389887,-1.100505406808146,0.6655660017365909,-0.10095049514420978,1.0645956135187735,-0.4276195643280089,1.8141773903272638,0.41050305316852465,0.5204319898764955,-0.6925713092919072,0.2533403095250252,-0.5492331320478137,4.95
-1.5403500318190328,-0.19565407843172974,1.1628173201125553,-0.0641202986170108,-0.29414479713643366,-0.30741730716610516,2.2415829478838663,0.6084221761697429,-1.5900059417497086,-0.54314561759134,-0.40081724180068995,-0.7212070675280435,0.06435664943990058,-0.5738941952291813,2.69
-0.5127535779645837,0.15351872362572672,-1.5407221877060948,-2.1510711493195678,1.2428218977323782,0.8372287009432141,0.3688922882614425,0.30466835465075026,-0.1892525680559966,3.015966220248434,0.19295446902740349,2.6080964478955364,2.0628073213897804,0.46165054005964357,2.81
-0.20998887515649034,0.016011444238666888,-0.40082710833707447,0.46100192249789773,0.6737948145626026,-1.2241890109255422,2.6144663161649673,-0.7809825251126099,-2.6863200863839936,-0.08179777708071369,-1.1484407118512812,-0.05342809179476351,0.07092513638083854,0.44528148151848407,8.31
1.0058549458164392,-1.007474731221113,-0.3633359300665732,0.6785467368965267,-0.6574132528663154,-1.8773959614640323,0.6193936092920608,-0.5652533204154229,-0.6318124527856125,0.12006594821292532,0.004138283693697007,0.9972196142497648,-1.2490551408712838,2.2621534385908326,7.67
-1.4141409751679528,-0.387749145105116,-0.868523692488169,0.05554024348348685,0.018774125268647506,0.1663670947591698,0.2613300849905636,1.3063969410578073,0.1566416086498811,1.3883602912506816,-1.7503971533291778,-2.1843396032470523,0.12703551521445536,0.3269961175899004,3.11
-0.5338585320431306,-0.010137472655106882,1.0753291112250842,0.6703465773064909,-0.3299644422055664,0.19786957972601227,0.758883895142333,-1.2295477950617866,-0.8049838762039365,0.9233542829773588,-1.729665335520686,-1.090347197389696,-1.2133664498923673,0.9178377934603246,3.45
-1.084835835696802,0.791892832166505,-0.35331892646559665,1.7787054839940326,0.12832628728807519,1.066941711115316,0.4603590278834053,-0.45083169606300894,-0.012544993403321176,0.00837833350878507,-0.46184992468038666,0.8879078290151443,2.5106065616339217,0.11585311355477819,9.7
0.7166112034574763,0.5288034907314321,-2.6100543642025102,0.491567661519163,0.4415220753749555,-1.2485860269776359,-1.7885092582015252,0.42714869638542674,1.6452863433211469,-0.3693315291729936,-0.33166521925229026,2.3083095744339728,0.8959888804975125,-1.214265987332007,9.5
-0.7130043361284641,2.179278110439961,-0.6630318991348428,-0.533233979566962,0.6706366854014294,-0.2635201211901141,0.44342565491808683,0.2878765607740558,-0.1451413261308605,1.2093475979284476,-1.2752788666417392,0.11749705112276602,-0.5802360182119796,1.6419737653094837,9.73
-0.17445428649191552,1.9225996888459624,-0.42175063068383534,0.10914361713080563,1.0881048028003286,-0.955566296168911,1.5090989980037275,0.026117005512942812,0.4115608277886733,0.5460205179815026,-0.07605489907112073,-0.8097981154168832,0.09423154738032105,-2.01130321015324,9.39
-1.3106801442057294,-0.14010270856050916,1.547352104704439,1.5170759574820836,0.9794662341266864,-1.5390580761495387,0.3007628202744771,-0.8606052776000703,-0.06721009688548792,0.9545032883518858,0.6578822538600875,1.2831801878326652,-1.4092221304548074,-1.022825807447942,6.28
1.5064347540078549,1.521785296565333,-0.01618319118389974,-0.023367602809217434,1.1728104434623736,0.5321314139619326,0.6063360776676646,-0.9248152828074632,1.149361031518904,-0.19966076574687866,-1.3923553648968396,-0.7813448646821745,-0.5970803383308159,1.4780151414487084,3.08
-0.6966319431874555,0.38468941710234816,-2.110253991952389,0.9368042383456165,-0.7915856744523998,0.3908216235492104,0.39043179034516506,0.632987929649642,0.33230628946285273,1.9145293850027463,0.2087368603002031,2.2485298429378955,0.6377328123140145,0.2747132015269279,9.69
0.8915102860963906,0.1967223438459701,0.44915869835245886,0.34729326276985867,0.247513425208579,2.1185209986878184,2.2723730371169863,0.3270318599084485,1.2594589676690056,1.200949011901745,1.092752936348867,0.545051524620067,0.663399106909608,0.5712110417743173,7.43
-0.7185533430211918,-0.06531335081829703,-1.1967971703515978,0.5764423038170543,0.43117242766699027,0.6993223063078676,-0.7747897658068263,0.9644882320212479,0.4713137619770016,2.2329571767549248,0.8060498853569552,-0.5977707523901931,-1.3502579953806557,0.21815713950164534,7.11
-1.0292218942102334,-0.7345159452396322,-0.9659558214840794,-0.581127279915902,1.4562042828820287,-0.9673421139618744,-0.4246868474478268,-1.430559725453751,-1.706406508778117,-0.2794195134837866,0.20748439092248103,-1.1503543639874232,-1.5194346517838795,-1.8713324071391018,7.98
0.14543858801574627,0.9349398254486428,-1.4282922244507523,-0.6477553803417955,1.0822738469140616,-0.21354952785688355,-0.10038658806673997,0.38030543204270356,-0.4431680816596489,-0.7777033833651592,0.3073387760655314,-1.3812547095495948,-1.6122146088642617,-0.692043367872786,5.98
0.7120568041598824,1.1624656807420841,-0.47490668462364577,0.8302910712421719,1.3817035960959523,0.03775288090122015,0.6364243307301304,1.8665616558599696,-0.7047891063935453,-0.2416272367577366,1.6005103401991503,-0.9402279284707129,0.15551993905971476,-0.6282841552577343,5.83
1.3637053215940615,-1.1847984619593452,-0.06714387730565395,-1.0469618488822825,-1.466557715493005,-1.8981031658506606,-0.16466865964688426,0.48365101872887567,0.018320498950954285,0.23460830936723895,-0.4344029884992555,0.9843786400224737,0.7277988826647666,0.12552636842381093,3.61
0.20543562019698358,-0.46577715441461026,1.945427101337894,0.8082094575524382,-0.10280912480610195,-0.1726257235992655,-0.389704379808984,-0.29867069456817513,0.24639912913394163,-1.7066709658296542,-0.24910731909151515,-0.13109517417249408,-0.008311362253053812,0.17461223753421118,1.51
0.03188110446664611,0.4050995776689269,-0.13496755547495415,0.9880034011275415,0.6578311552437913,2.2459380089186176,0.7017400412655397,-0.7451651991639213,-0.15678440638467908,-0.5073074320201736,0.007965348966846572,1.0978631658155484,-0.3238509378683419,-0.5685141177115781,4.39
0.5162873424327697,-0.8152612714490838,-0.8743261072879215,0.38197455076590375,-1.7915512830887799,-0.48272191737904013,0.8558368220269195,-1.8336008619132829,-1.7608574113284678,-1.4339867851984731,-2.731171433338019,1.8966659641477734,0.12048426351309095,-0.6704555730003404,5.17
-1.2901548585092915,2.2012140670679763,0.6550189462465159,-0.12838653487371124,1.2195191727786865,0.3887600256235102,-0.5019795795380165,-0.6064123412929866,-0.5903991287825971,-1.0160229592371257,1.1115754419045416,-0.51798130500021,1.3531846761807327,-0.8286862235448786,8.78
-0.5990199364726209,-0.4524144377819984,-0.8990764005252774,-0.586427598445643,0.5505758032849472,1.2019929469918094,0.2990658096979708,-1.1906823583185313,-0.5995028195641138,-0.5786202343223985,1.70050577879459,0.985555297061107,1.2142107381114733,-0.7089511969589625,4.02
-1.273452877635327,0.5733773107347827,-0.4602124028683711,0.2915857982388421,0.41246819014486247,-0.3951124404049872,1.0041108560006486,-1.4603995592694727,0.10939647148495081,0.6784901527124055,1.702266372951124,0.13481440190171345,1.2574287773257453,1.1917601211469642,8.83
2.3368015185029716,0.3237346933957966,2.0520795183370004,0.8100651262553572,-1.5341376632485517,0.02873527668600165,-0.9165515598032473,1.5302566961290138,0.16857748482925433,-1.3195547808650436,0.8827713067941458,1.3215497051568867,-0.4031736653441518,-0.44704008646221904,3.18
0.20166797445578635,-1.8106795171661254,0.7097195705415921,1.691311662383325,-0.6506935435131023,1.8430591681118977,0.9948246770143582,-0.07702286192243937,0.6348357733216121,1.5976885886548708,0.14181814537521223,0.3925713400839369,-0.5354770725948439,-0.11987642864821618,9.45
0.70080009320114,-0.18035110173841615,-0.5034377627443818,1.1509865284037972,0.48250344635053594,-0.4801130958689725,1.752802975094481,2.113616635772922,1.0146002152810452,-1.1946566430445786,0.4070352117582124,0.5886204393916044,-1.584962961705255,1.1920699040233593,0.39
0.20915992253546514,1.1225744723452835,-0.3055350491974257,0.4842206859748517,0.5319098737207835,0.18858776355993406,0.4913832982292309,-0.1371079230451748,-1.1830384266335168,-2.0416872385972753,-0.6173491642993111,0.7908135832109439,-1.038843090434755,1.0608052048854462,5.25
1.3911858261826548,0.4727183896331791,-0.1659559603292006,1.024708250886757,1.1570181458756805,-0.2251070407217466,0.08481266916436946,-0.8134961507455988,0.2862006366083348,-2.066957338284534,-0.29253623524650824,-0.8532260813864838,-0.08808308933413563,-0.7952049439529283,3.22
-1.9130780069388953,-0.6538905120515981,-0.47567276305612655,1.0652297147049856,-0.6410732886265187,-0.8475246761846134,-1.191892326910528,1.1425493813047638,-0.22301649484656627,0.2723275345295084,-1.5437857284138254,-1.754842195372239,-0.9018757267892956,1.6232236547138759,2.94
-1.0914075440452322,-0.6261169394664815,0.01291255822882078,-0.6251575254527275,0.47846390032448194,-0.8310781489804725,-1.1010117260064118,2.7178263772691684,-0.9367605169215862,0.795161999338613,-0.942237574147252,-1.5409470331588948,-0.09025896078256421,-1.3409047694257348,0.79
-0.3931453714982829,-0.7958455275300585,1.251851220447895,-1.541938839029546,0.6758862424115755,0.2851061089985153,-0.2290842842252286,-0.7581555019762545,0.1722768509421236,0.22528671962509728,0.3937478584509387,-0.2691343473563661,-1.1450229233593685,0.8784642227347697,6.81
-0.0034426539260053453,-0.6128818623196808,-1.0015984418853472,0.92246742174328,1.384358141647792,0.5753386410954391,0.6424490508660609,1.1723839190973795,-0.361858293401722,2.1341010272322594,-1.0595693928394825,-0.24336422386370005,-0.7715574564182724,0.06358825146004865,3.93
1.7309123506152988,-0.23840514314558495,0.4215847232555594,-2.9081428790148807,0.42769056443871606,0.9984712014387791,0.12294142758737593,-1.0662995427485744,-1.2004650039057503,-0.5545381232539944,-1.208838794034574,1.5759957513931144,0.4675005189683558,1.4446819695185904,9.49
-0.2891011483545073,-0.7645126289536387,-0.7029285693850487,-0.46220371334055665,-0.494347045573536,1.2217917572171233,0.91364626771617,0.2708775925322395,-1.659737180892973,0.2950555301892179,-0.3107965495482552,1.4062351039421817,0.8954319457276122,0.14216280130518383,7.12
-2.097694365276756,-0.1360955468660721,-0.6533046868303847,0.40534096397815805,-1.1421221524151952,0.2623424791565199,-2.218162678728989,-1.3856160909877713,-0.8798549646255367,-0.5461828057902709,0.38891585876857615,-1.655051810193769,-0.6411758311122826,-0.6157393624640694,4.43
0.6879988525855018,-0.1917249237996095,-0.9673764777461703,-1.0788298815688058,-0.5527782524048325,-1.648416857080441,1.625875154854668,-0.004358430940046225,-0.9135480839570614,-1.0544648238596173,-1.207317958680624,0.37117815414752814,-1.6533770954016203,-0.1779906450866065,6.27
0.5736247871843808,-0.5859582646638467,-1.011871067235585,0.8376983725364874,-1.131934032846908,-0.2776884195771628,0.11522027288713124,-0.6041296812540145,-1.198384793438958,-0.5585096904405007,0.34032571826153046,-0.7285510258093241,0.45496228004862144,-0.255228048980709,0.66
-0.6050586137199477,-0.725419734896543,0.2320657471192713,1.1269466797824685,0.12184484058621986,-0.9647565150165847,1.0931717417994093,-0.8852346168027055,1.728919939100368,-0.16085546689316363,-0.878417589127318,0.558753123060474,-0.3114344564546851,0.4428534079338535,5.89
0.09200303903842211,-1.3791755740993346,-0.07007371037504706,0.5014084216523519,0.1125135466679248,1.2558403463893233,0.31187808545218887,-0.24190579140114038,0.21025420532554676,-0.4924415709563099,0.360494957323914,0.35911931297162686,-1.2387615917908341,0.7725966587853845,6.66
2.2334690523887932,0.5459990171236994,-2.030041832645766,-0.4267848484897734,-1.2794075974829995,-0.29179723931073215,0.685945241115339,-0.7182794213525967,1.8847034854567255,-2.880723497607443,-0.24810660354417172,0.37926621171179786,-1.2194409526157701,-1.0878321308389858,1.06
0.7562878771829936,1.9283985792321807,2.046032519466307,-0.34658366633653037,1.3513321020077433,-0.0687790706085137,0.9166981068049914,-0.21064606345022688,-1.1346845100294451,1.6018268207792592,1.8625155369300836,-0.4207900638178512,0.9366282102211093,-0.14500739374349012,6.82
2.180909798689461,-1.4929094490949646,-0.17828722637084168,-1.447256999385885,-1.5866860916944001,-0.11589246334114435,-0.45042967535614215,-1.0113109436411976,0.8371925384266057,1.2987488504062534,0.5128685829492398,-1.8767619835927987,0.3394964973502811,0.32972662763871075,4.74
-0.8422459684320843,0.34585583153887217,-0.506966255145484,-0.8203371191592813,-1.1827184910050845,0.8343417649697251,1.2934297623510091,-0.14132245932685733,0.9847186301338511,1.5264754611985272,0.1313068226703586,-0.07740983915391704,0.46962951880373915,-0.8377507375078271,4.8
0.5468851155465655,0.1510955141376075,-1.3066961811541673,-1.2949914177837867,-0.9853023565583986,0.5126467873616543,-0.33734606311732157,-0.025032823640404833,1.366319146205216,0.4428154737318007,-0.6425112094313903,-0.9870964961511828,0.30510575341095125,-0.9710690827432594,7.24
1.2530278413032652,0.24577342479366113,0.12917315883910296,-0.9549625976741616,0.6193708428027064,1.12844519798667,-0.13627101142459339,0.9282262934683428,-0.40483574791423244,-0.06228000006789418,2.086033117982476,-0.371480185712446,0.5396849840212897,-0.38909525525757216,4.5
0.28043987099250106,0.6961278864715372,-0.9008290628232379,-0.7051866183098977,0.5676668177070597,0.16162810611253403,1.1724748838408594,0.26991918562621786,1.8601693713051364,0.6968184227835392,1.8786510022866163,1.6895213344457145,-0.6420027516580673,1.4803943097751824,2.34
0.9402697214662604,0.8703096974941981,1.1850101136855662,-0.3091799510330464,0.3284618935817933,-0.4205470087022417,2.309845000145453,-0.7528493733501906,-1.2784387809422082,-0.8175354532245936,-0.0549996983639121,-0.061803763818797444,0.8901534468810356,0.030994622762638768,2.98
-0.4947942213329234,0.4829371299264256,1.164833980528922,0.20713079835957568,0.8686542803648207,0.08338141042843436,-0.25982458556856747,0.6983484095619863,0.22863128028591784,1.004419780870615,1.5422179292591955,-0.11332598813798436,0.6469022134927009,1.0680150470109961,7.38
0.41030070965316867,0.5101350300502829,0.14339244877123355,0.2554232997723399,0.521867715682743,-0.6077859214593927,-1.6983886334760283,-0.08771324914078449,-0.16915486483318024,1.6201071503856055,0.29617569049377,0.562023815044951,-0.4115597111739417,-0.5958726134386154,0.71
-0.8346402997937783,-1.2602110842944017,0.7264294553639433,0.3066307623959029,1.477261106166932,0.5497172538888505,0.24287582607341093,-1.9813725226462082,1.9083098173970008,0.039164174330118706,-2.0838126144073996,0.2257851854466173,-0.810900534054254,-0.8465986958943603,8.41
0.26650317515736516,-0.5874726850479268,1.026688763317572,-0.11546305203895325,0.39990170457293583,0.5665887056158039,0.2518347701055429,0.21432311429657752,0.1416330278377384,1.493503287568099,0.8438945516960686,-0.6908187708834216,-1.1115028109835523,-0.7940127628946961,5.82
0.42781456011863855,-1.1043871363978766,-0.6527967818492503,-1.3430192689980807,0.9315824132282452,0.662831926689443,0.87866276773815,-0.47479390243993486,-1.7587716812863867,-0.8348542400508807,-1.3472555317663157,-1.3577816395648201,1.1369413677860873,-0.24687529952071796,7.27
0.2893454036214479,1.1031744728179542,-1.0195329158042385,0.6142446982276517,-1.4525401231329556,0.2524907212437104,1.067632024334513,-1.1393189463571909,0.8285540222450294,0.2248514833445808,-0.45433206144060595,-1.2004745465419029,0.24180566023715933,0.49384015505083256,3.44
-0.3174330725980732,-0.9810009633082999,0.762463855154879,1.1845471026428105,0.9536487788315557,1.5890662875785375,-0.6515531277160292,-1.4151995560275903,0.4106074669699122,-0.40295873549107925,0.9876478076610219,-1.036978218688409,-0.9638418771002839,0.06806421812113556,2.23
0.17499351533107607,0.6748074597957427,-0.0983630550714327,-1.9171487541441807,3.4518584750924908,0.03352367389976907,2.8885281390890754,-0.1259452545591087,-1.0528453645480045,-0.3173297821550595,1.1005079372516058,0.619259417848066,0.3076111217748037,-0.06132099524669143,8.05
0.1293419268726976,-0.1489631480665883,1.196832614385023,0.9159544895620487,-0.9423821286871876,-1.477413660026329,-1.2260866089282803,-0.356275230975334,0.22114883016098816,-0.05487581847538147,0.6301707647333572,-0.01453172069394479,1.595707997903623,0.5087956305549369,1.02
0.01795853597235767,-1.510805346340378,0.35029104503651937,0.49914220037077234,-0.713643674387094,-1.1562311208569842,1.0947300226489718,-0.9685623922604818,0.16556808256725292,0.029924251854293375,0.44657419727655934,-0.9612393750099081,-0.12053310382989381,-0.967433937204783,1.66
0.07412356248702713,0.5040711332830509,0.8954148620766698,1.49480679288956,-0.2635779450253056,-0.2812491439273246,1.27263586174427,0.5751023399695877,1.2371118354865058,1.9525180938960949,-0.8436131080066391,0.8092971889564318,-0.5992079667224206,1.5634705321659268,2.85
-1.1877717586491965,0.9176523152955733,-0.5536136887238143,0.5544237948768843,1.2681148602289358,-0.6440011572673342,-1.468355410541045,-0.2589851122438284,-0.3874146218952004,-1.2844615662544334,-2.009494887688111,1.2166617636970305,1.4916163599890162,-0.6018949954416841,3.51
-0.2926118107722141,0.807774193535698,0.8234973183533566,1.7791213573739344,0.6216186458671499,-1.0253593639656324,0.7910769552155801,-0.6978102057767962,-0.06560766844292454,1.1125338150129327,-0.9053989790227439,-0.0732053434560046,-1.2257754976567734,-0.9886761505103933,2.04
-0.5468633758394867,1.630215897517076,0.033370452589688245,2.6440830764918433,0.9548994847408987,0.9820774805738991,-1.0939170523569444,-0.1534925801298258,-1.1430015402467983,-0.30982164832548637,-0.4570144378718404,-0.041906108958206546,0.8255288338000056,-0.26192563413466663,9.13
0.843533826585719,-1.4659089226736906,0.4482640053863499,-0.4357169739096752,0.2534846814088728,0.862927639231249,-1.4415215227550149,1.4690902725820711,-0.19364867158218527,1.8619276625745371,0.07101223893011024,1.320887931592534,0.05975385294759884,0.26722859721194914,0.27
0.11622323327248842,-0.21952709095055534,-0.2573467580902581,0.2255636371580435,0.548343532788016,0.23356760960796052,0.519177240585898,-1.518128453146851,0.9039864451581765,-0.7425788235056788,-1.6474167421595898,1.8475243058492474,1.4101985913727988,-0.010483308179588964,8.03
1.0696299355291852,-0.33122668121355553,-0.46940529383435925,-0.5943236430390991,-0.6397408340091278,-0.2590790454763585,-0.7139499546785255,-2.848526861429887,-0.18342712063633704,-0.9692026524909376,0.2972701318111599,-0.2398241477420814,0.6348129612581778,0.013053159356551958,4.11
-1.2664256314081055,-1.2661353783467437,-1.2409950367775129,-0.8638084616155175,-0.7027077987038068,0.9193410290191679,0.18628295686380825,-1.8610354581632642,-0.8755654588433287,-0.036643005341920935,-1.0042753294319764,0.08102578704562029,-0.8390154894787497,-0.13415914435272974,8.36
-0.5690226928345433,0.11218697129624632,1.4407769364541172,0.8929561588728437,-1.0812065260488934,2.5112364201473842,1.1807849617715591,-0.6859089811327167,-0.866312292457236,0.3404914927136926,0.7044152024779469,1.767151576532515,0.5084545337575207,-0.6637485849858159,7.96
-0.5073594518946526,0.6266134652100049,-1.3404545327939765,1.4946508981850273,-0.5446292330851618,0.9595145956255775,1.199426283575046,3.0549091920295615,-0.30528094409154755,-0.277895371570318,-0.3296145180869169,0.17372779111311576,-0.6445697380629684,1.2119219031752897,1.21
1.0081619676095823,-0.25699364814369163,-0.7106806545423519,-0.4361881916452537,-0.46910580799590224,0.4937901567540753,0.19307919333618892,0.821899813826966,1.4873504718765156,0.29865666630704707,0.5930571068913552,2.4563015189422326,0.5706765468990485,-0.48967360397642296,6.66
-0.06832418925813045,-1.6658263972359493,0.5454645024244644,-0.5495097509946475,-0.8907744078345745,-0.8650833770855282,1.1434560104288187,-0.2588444374777299,0.7643235270105218,0.3857403282156221,0.2003504632119463,-0.3832387299039837,0.4957410549638764,-0.42590136363403414,3.78
0.15645856087259827,1.1062414445850481,1.3170138194410295,-0.4360366732963955,0.3721846909506695,0.5842732792311457,0.23743154256048038,0.7635632799322951,0.7746532342941427,1.8376430341005927,2.15627224912333,-0.16482849519067078,1.6602992219300856,0.43909473694466483,8.21
-0.17748883856938158,0.6070897650280362,-0.2330031285406644,-0.04267931852209964,-1.0965384591338427,0.08042462323817118,0.9326776830251914,0.7205595822093395,0.3636941445958787,1.736747168613438,2.134110509581313,0.49827032333245685,1.5977155621804082,0.3491790833351973,8.51
0.08799113440673792,0.9608479537095288,-0.07050046180951078,-2.3596443359870483,-0.2587410677436574,-1.5056311293900786,-0.3878966691770239,-0.5451927480047378,-0.5392145256422374,-1.0515864048278147,-1.1988579835102988,-0.6469908877259894,-0.3709959715209379,-0.2981047772314768,1.89
0.2589163898402409,0.7063703918939976,-1.009797302356883,-0.8746592126017851,1.6647284733131436,0.757341491211499,-0.7756118818511782,-1.2534222850819159,-0.4984875107318495,-0.2531633554320989,0.6818628895359156,-2.3019738874025277,-0.9646256354790144,1.7999556311344092,4.79
0.01622974956778601,0.06234202014786654,-0.5644296031800471,0.7886780198082682,-1.803740252859518,-0.4249721466404841,-2.081181034071191,-0.01981136831762674,-0.44605593528412957,-1.6298749524043843,1.010542173214559,0.6900801642563013,1.0297708230269118,-1.5066648811407457,5.94
-1.0036701726553634,1.20207965907886,0.810508778178188,1.4035436295477222,-0.23994640064183087,-0.10934434030161627,0.6161261089542494,-1.3511250405209876,0.19580783892409,2.5350497316839964,-0.35783828914434557,-1.603434932812447,0.41109829486683147,-0.9011599409614112,5.44
-0.10698362506908467,1.0875687020346771,0.5581103596795082,-0.4885200962508458,0.8384922270095375,-1.6679301778215747,0.1971070811281983,-0.3839974542740903,-2.35969490623225,-1.210712450529899,-0.014614288939341712,0.74670793944141,0.02177140399143375,-0.2960684330563694,2.52
0.8097839782103056,0.2742435324326556,0.9972746135623258,0.5744300995818492,-0.7120254593163362,0.6709080400350187,0.9609466275849368,1.400174967778405,-0.5271381695435418,-0.3631261278876992,0.8803913831916942,0.841554474515964,-0.5103193933849189,-0.6724283673814052,2.72
-0.4330277176500259,0.0792574529417061,-0.8878113683570045,0.41973147680976086,-1.7268034218300163,-0.8316883599498452,0.18401888559510443,-0.9193633935068337,-0.41837065875676477,-0.12729989687941398,2.1210388853970303,-1.3061030615763831,0.2356819576831988,-1.0248343366705168,8.58
-1.0623374202215528,-0.875038652801504,-0.1565301766304132,1.433801504891235,1.1748360615376972,-0.45817955889342515,-0.26647739947368676,0.5913346800975952,0.05765714858915898,-0.6366482541594911,0.6614163171125399,1.6209700851127065,1.0584269600321745,1.3565803820408928,0.33
-0.13937740648869518,-1.0826348846716152,-2.000274144328628,-2.0719709761276692,-0.20334893280951202,0.50682622423014,0.8430820810057781,0.2430943254652541,-0.7216113303846986,0.6544996430481922,-1.198153271829793,-1.103746490900384,0.6129377174902728,-1.2331797782467273,2.62
-0.7652719116835105,-0.9776863186482694,0.16913584676361015,0.5882055123985738,0.6139558128395165,-0.5803135904104766,-0.16784413055427835,0.7350695217203104,-0.5303752241608605,-0.9129138843038505,-0.6415735247176751,-0.6078637253575785,0.03069738313727931,-0.026874040238041946,2.23
-0.16741556352919412,-0.8000971033866014,-0.932260134973207,0.6491945406076934,0.3431497292508139,-0.4348163336922578,-0.05688363595048978,1.2121361007658413,-0.07192253820095869,-0.0062524411933098925,1.5273965768507658,1.0703443993483932,-0.6408284292127191,1.0703930883064163,3.71
-0.16993551377853158,-1.0506007312633638,1.3041674175079416,-0.709506154776715,-0.5099602190882206,-0.3813277865660967,2.0369870106255292,-0.9519633360645717,-0.6026353745294999,-0.3422975466766155,0.5272114392066026,-0.06949579835381389,-0.6673134899357807,0.6237927000585449,6.86
1.3564996239964862,-1.6231518893556622,-0.6815323400582095,0.5119369844706474,-1.2328301326580746,-0.15489309869973322,1.2707327531939878,0.6226547801654262,0.5210057914346613,0.7473394312743489,0.32492520633215743,-0.33723600933267645,0.9648667128722774,-0.47583241077187916,5.32
-0.16151363288611673,-1.655898686902079,-0.4777644152249072,0.07862656519664575,0.026416155736526697,0.9238320947681798,-0.43787339840322537,-0.39755736746858805,-0.5411641478411896,0.24136077822275698,1.5463033511970192,-2.310377303088941,-0.48767230115370475,-0.35098309186133003,5.41
-2.1316151855745367,-0.12406717222121308,-0.35331258850295527,-0.4388659507765681,-1.1033561746550087,-0.08737952522253253,-1.166446758626824,-0.8420539933913921,-0.19944188417737896,1.021598635583158,0.4103324904448658,0.6138626249427075,1.9616000599968815,0.4404875843164565,7.31
-1.0468242692330834,-0.5627495957155092,-0.8570978263932356,-0.135725953201888,-0.4113936547125661,-0.9426364926636484,0.9240255931982907,0.9955496774832857,0.17941957798421904,-1.0019482155456179,0.12156168969611236,-0.6118057169435366,1.2857842974917417,-1.1956755174473281,8.12
0.6576077487186168,0.6364916072595369,0.896446658402623,0.1962950513214164,-0.33010288615226036,2.3931136025943287,-0.8770600601145201,0.7181078499953508,0.0184320875994183,0.34289383353158576,0.33754054896175023,-1.0824896758439242,-1.342272836999864,-1.2771950689020706,1.6
-0.4460251370035227,0.2482186751135239,-0.6873586550787348,-1.436385760531259,0.9185522361824562,-1.538638911011321,0.479760737311099,-0.7514000705026117,1.2175732217782729,-0.5256048753067281,-1.7605670992395135,-0.03956902932128771,-0.8403685809781154,0.8108443442587571,1.08
0.32973744822612155,-0.6290832030872479,-1.0026953040190236,-1.0975692739413523,-0.5859080923381477,1.3637304639110546,-0.14375147562531967,0.9470297727062146,-1.4808755549138266,-1.9209797090066882,-0.9454249163665547,0.6570864760512172,-0.2888721718760075,0.8896788209701187,3.01
1.2638101617925235,-0.9572259554557493,0.8343298063945592,1.3880373946879279,1.033518708982358,-1.593942152647351,-1.8549327467342116,-0.44862622734408597,-0.4107755893726972,0.8428645509436381,-0.9676419643977737,0.4157423863680704,-1.0832023058942322,0.34506273118684166,8.28
-0.45709514616725694,0.3585037128767459,-0.3638262207853691,-2.2074133540750602,0.5089702578282305,1.170037765120072,-0.8358381914609335,0.8095298121235575,-0.6133590028827209,-1.3499057015178455,-0.6113089156964834,-0.18381313444328076,-1.3204195878908875,1.349632297869477,5.42
-1.5308313799035183,-0.5414253746901656,-0.9222547807859096,1.353800544811883,-1.5073732025979647,0.8251775798443923,0.19715140146672278,-1.2477334205587838,-0.3515717139086989,-0.1825683269386385,0.5849519458492292,-0.6449630904978552,0.6314427695832651,0.04877461444352623,1.43
0.45121238807563285,-0.8812218465794837,-0.2411254859789889,0.11023066925219568,0.08164679420073728,-0.039555787567004244,2.092299244966585,0.5742944972872498,0.7274510013964428,0.24689639488388865,0.5332617122988753,0.19860518769481922,1.8177747045647978,-0.060079667633946635,1.64
0.8313425315438925,2.085313982442143,0.6530498786361951,-0.2845001112758164,-0.7340225308540349,-0.49555833448031295,0.3917097743643627,1.7842542596868662,0.6036246571787208,-0.3865519600087803,-0.3049251872038436,-0.14944559698017962,-1.3406297433156082,-0.45772380756066366,8.98
-0.5015540018783111,2.778112234075818,0.926874385329408,-1.0730867267625492,-1.569205807384922,-1.3060125593500775,1.4136278046520634,-1.3490398518727058,1.609735763045417,0.2397334331630582,-0.24597903163288515,-1.1446268579327405,1.2638403668393805,0.5462172465608316,3.67
0.9001033339249338,-0.2725198642050003,0.6666462717838615,1.4816188118929945,0.5952702468917276,-1.055705416243956,0.5199264394387842,0.7547950948848342,1.6768595421940247,0.5849859917152077,1.1015157951094687,0.6162953416615221,-1.3549705128849732,0.8293846034181037,2.55
0.11996944746143172,1.9969658704270394,-1.4392718575621868,-1.1321462161535742,0.7253975521805532,1.5116099690971507,-0.12026524588966402,-0.11498624815173852,0.2071485896867012,-0.4841440030278895,0.9875374229237559,-0.4826150587218517,0.7003333368133133,-1.3232582797067411,6.94
1.7185336874301296,-2.1203645354947875,-1.0632553669951794,2.2534422571762667,0.1010206288975575,-0.6598036165476365,-1.277105170055726,-0.4360640767049622,0.28976422431969473,0.48669996464309495,0.32226393546425386,-1.7862438621752685,0.1389318585575643,0.3389807005794179,8.61
0.3486321656620089,0.02946345616027265,-1.2289796189854196,-0.9215381448875093,1.2130957217055682,-0.7756914270520701,-0.7220258319819469,-0.29625964493350515,-1.216631865016811,0.6338061399760817,-1.2684568521642494,1.0840056007540266,-1.344797105685002,-0.2795803963977025,4.42
0.34377907170700905,0.7905679764198066,-0.2250071601509224,-0.7027333724562629,1.4190448222440435,0.18146757613045844,-0.17065233368415098,-1.8186405660235503,0.19157084116900192,-0.004983470416331116,-1.3558814970396202,-0.7811280191012886,0.09335474835123816,0.4673957300983491,7.91
-1.0183984865822353,-1.0088357475129686,0.11565426055817887,-0.8412178832909485,-0.20068614636865026,1.7753183931807686,-0.042659841334988395,1.0227499487463438,-1.2455022675749647,-0.7678485945823373,-0.7890599234630281,-1.103936605632928,-1.7684137368060968,0.19306698503406222,4.3
0.3868872257768285,-0.9456776194927633,-0.7451617942481233,0.07796923742816367,0.02080800117673166,1.033089724845947,1.133707920701674,-0.6683129401130791,-0.06764824955131436,-1.0008237609911548,1.502240233838281,0.26630803649549495,0.9937641442443731,-0.36326569672493747,6.91
1.0207585435681208,0.7443550419732604,1.278902564021521,-1.343812658408537,0.07479949543023832,1.0975407044257737,-0.9356695047309563,0.521879721659021,0.5713326434783778,0.7010475267910172,0.33373774208615353,0.6176033007254264,0.4327470269642888,1.1849127236701156,5.75
-0.7176995391915258,0.34041297177637103,1.2187928262028471,-0.7837228621570994,-0.6911108938284366,0.5243670884399545,1.3820930001770975,-0.1342571150066567,0.09553527062293185,0.3638509288465177,-0.4867729426760094,2.1937369243809304,-0.9246283681292737,0.09004525940442218,8.94
0.10611737444511775,-2.1883701029349987,-0.8423179584794002,-1.3521869135206535,0.7202756645057525,-1.6932022350503437,0.9418792415771491,-1.1797685373312456,0.9615193881862141,-1.396455461700319,0.4240358379621987,0.9351398991450147,0.5731107653453369,-1.2211187222593454,3.25
1.1297711339676269,0.5457860632874985,-2.357852543482588,0.11069358914989251,2.833711166151944,1.1164816113754994,-0.49901107674556305,0.5440329759486162,-0.39283973504141334,1.014573031929632,-0.8142030818108431,1.2085736802423148,0.920401740432005,0.6426194115766063,7.7
2.070823267701674,1.0058447008807818,1.021584188563853,1.1264017731524238,0.7137507609661877,0.46419636625856486,-0.6772682112275406,-0.6635340075305205,0.43205049680361146,0.6092033360370567,0.017824526205125066,-0.48157935133752017,-0.13610775655184396,-0.05283443421403569,6.84
0.27505973734894196,-0.22215167013173076,1.1657086426030185,-0.11069434902248307,-0.6433179514173564,-0.08079708893200667,-1.1013877956978588,2.01332280081027,0.6555153761435549,-0.012624678415391614,1.4164576392007928,-0.20504494851610067,-0.03346217336435487,-0.7041510558524422,8.39
-0.9405481087607624,0.21082527778728147,1.064018025285917,-0.878267486100598,-0.23927272597650545,-0.20356020927691798,0.7715484452965218,-0.4314350980867792,0.7531243834611837,0.715419191794998,-0.661963725200632,-0.29303945898551986,0.08048056628291371,-0.43699995997746105,6.08
-0.8948507903969305,1.4824101854890905,-1.7826459030128854,0.23281091942549417,1.3645331593195258,-0.8057054920501321,0.026350951863714375,0.9027857373596307,-3.042467553637974,-0.0503917587405322,-1.5722887926849431,0.9633410240510308,-0.792430699687571,1.7844503994186123,4.6
-0.9549327589614433,0.44965063100014063,-0.8763855544860902,-0.23729754583513177,-0.004262648565602458,0.025796344954372403,1.6548511593130182,1.427338599336293,-0.7493801106342605,0.042849328383127376,-1.1637125361669753,-1.391340384282803,-0.6669103209182285,1.683331448292194,0.49
-1.6875930864184887,0.5763045242079313,0.46033489240420744,-0.7432104714689564,0.6449857548455294,0.6404291616742218,-0.037471174993943666,-0.15038985608533745,-0.24551538224908595,-0.8439293555622702,0.16539117129502817,-0.5051125189469224,0.16152459347909964,-0.6100581842958009,8.4
-0.6572779861769038,-0.5447386802352424,1.2690147068682198,-1.3773888809663357,1.7725835759326798,0.7680815405998129,-1.5630301118794532,-0.5782978825034645,-1.6226002401956383,0.6468549868217671,1.2766451365177924,0.22919256506057262,1.2190531821958719,0.18367308670637783,9.1
0.9709790290578757,0.29197612884749213,0.014043455811140906,0.773664950839057,-0.15632102922518937,1.456941833245503,-0.3154583481250224,0.5671612001932486,-0.7066662737958045,-1.573199011672436,0.35795386045548033,-1.8039858124590937,2.1491645737716274,-0.3541621077485783,4.5
-0.07776856875669642,-0.31003423815731684,0.1407735724272325,0.3401854664247473,-0.8398782451826826,-2.5541133030763277,-1.1007773096002762,-0.4852501733859363,0.28022271725794484,0.1835560429644453,0.7532253804366952,-1.6429203208385659,-0.8927571674036223,-0.44095476924347055,2.22
1.5241138756439931,2.720512727475527,-1.3484491436687112,1.0916232437964881,0.08689249541529379,0.5561827879449776,-1.3243959728198047,1.355052268952324,-2.221095375876819,-1.3147010906771526,-0.2697841667850785,-0.5932381086984765,0.02582689213317239,-0.6847032981691271,6.47
-0.3566403460195933,-0.1844027966380868,-0.22334226012760458,0.14858234483354402,0.896084163134189,-0.7535712883068809,1.3476956450013484,0.049178863420118527,1.2610424642671183,-0.3425077996070887,-0.8662391553334868,0.08023103652325862,2.5639019691033296,-1.3651593646891256,1.22
0.6773244628556002,0.17745308374529845,0.4040028418057051,-1.2057549016429085,0.45713399637915214,0.2954392775618186,-1.4835617550359617,0.13124705966054212,-0.24296463948774108,-0.35384605592181895,-0.04563242953276263,1.087673202944817,0.45814348682490913,-1.0433938175339883,0.41
0.4971076744967649,-0.04430917673972046,-0.6162459508866596,-1.2396880004536095,0.8069941889170454,-0.5704901871778215,0.9080725408030792,-1.0765307802923787,1.9947722161253683,2.6337298269289517,0.5422882312979715,1.2964283232711509,-0.45339915150502447,-0.5522972296537176,2.9
1.1940630078999441,0.15140296924546773,-1.372029174633231,0.0772873865394077,-1.221872523941186,-0.18515641313881548,1.0488256027510985,1.4594140382531269,0.27627528232084536,1.3380321910462238,-0.4599412090423493,1.700692809745642,-0.7229478500529275,-0.8091993356952668,6.8
-0.46089352457890836,-0.7474426691355701,0.5174200051971249,1.2522594830439968,0.015508358052324707,0.3112999589409501,-1.3824353240576783,0.09626281456367937,1.7707388885990774,1.4126923300075624,-1.0947759652785054,-0.4381444032628878,3.4065340844342193,0.4181004310788184,8.14
1.5153069550182012,1.5937736921931849,-1.1157366805744107,0.7238786200440751,0.18728756813090708,1.7416686630846845,1.9621539877401522,-0.8317725950137419,3.4415195958390465,0.169030851467291,0.6322961387242713,-2.6522463663032263,1.0083092123831872,-2.154147212374176,1.57
-0.143926905056081,-0.5528881057796559,0.46612397601544425,0.17932594781141353,0.5869398600198364,1.2459324969011496,-1.0039664878854229,-0.2044058424486472,-0.8454357658965468,-0.9207072167225205,1.9326896702074725,-1.2689230874555066,-0.8220930673118817,2.194261545352664,9.46
-0.12683587005212502,-0.0644484661799828,0.40052222316844505,-1.2049353028146534,-0.9220696027435595,-0.6166178353034864,1.0422216935737008,0.6715665617752045,-0.6302463765168019,-0.1335101102351552,0.7794385927167207,-2.384855482644254,0.30224826454782067,0.7579528185276485,5.52
-0.9184337201853249,0.6501256374177689,0.015000858381036142,1.8106971973144455,-0.5230627508070312,0.5908931635003872,-1.4699729309025147,0.07520001066088991,0.8152965328630832,-0.5254046670391063,1.1195945328591173,0.9201947294549305,0.14382246792224646,-0.2712666478303767,9.25
-3.08397720646959,-0.6486241151895646,1.100807763780657,-0.2734006698108899,0.4518827619907683,-0.46399766416197896,-1.4268689126897018,0.7478717539066047,-1.2283243592770172,-0.26225372895013527,0.36435916829317855,-0.6782485959524979,1.5703634595693083,1.9723074690454059,1.5
-0.8095570674470163,-0.7703009273419866,-0.43850114009516766,1.1530483531629159,0.4859336437055261,0.7509922013674869,1.3153258459718762,-0.9055592658505666,0.5027399782298879,0.05131640038586475,0.4300954798183661,1.1491432647033153,-0.15170594461937534,-0.6967481666504444,4.58
-1.0511014612045637,1.7541848268487505,-0.04202385395940347,-1.367849593050217,1.382991308429644,-1.7099317240645835,-1.5499164290417704,-0.31598916637859,-0.5468400427321388,0.31193244682704624,-1.9263653248509727,0.3260735275095939,1.278408358643335,-0.981913357428135,4.31
-0.3783655452626013,-0.8015523709599974,0.3203827603963476,-1.075463894423159,-1.200796218421231,-0.15110624297346256,0.3370317759758207,0.1504886143301048,-0.43959616061820234,0.6683294172786062,0.2303652204305004,-1.1691953010757674,-2.6758595853956053,0.5216259642802011,4.12
-0.2565762788434741,-1.109948335788272,1.6253629210014204,1.6148705732473232,1.273559787435586,0.22618711793996268,-3.1643584302780075,1.1752667605753964,-0.9205540061855372,-0.5591586761226561,0.8992192208701015,2.0318139599203966,1.5410798429675852,0.17265958420563945,9.31
0.7389538336345409,-1.1057247738228395,-1.6225928109454466,1.0799730295236094,0.32258910586999057,-1.4483164211839283,-0.047998069001572455,0.6169481398458102,0.9067848785034407,0.6281706423015011,-0.36318103711596084,-0.8483320410719678,0.117120534211261,0.8021408790238664,8.49
0.9052482581803379,1.580324990763626,0.03500430508453276,-1.1102818655917894,1.0864982800975829,0.08297316923325669,-1.2826995564125911,0.6237184293532712,1.4118740539045733,0.38302716144931764,1.4240751908250688,-0.48451616312733725,-0.7275401713849675,0.8545234284595985,7.94
-0.35275302802450725,1.205203749371805,0.1707661447529757,1.2187087798159857,0.6312697607722269,-0.9000547020680746,-1.991518585478721,0.7819383154614679,0.5651504325486443,-1.0179648218018298,0.7985780846756689,1.390610669288292,-0.7073176004911789,-1.9335295981516492,2.86
0.9706208381956369,1.2724218711076898,-0.7338853128312016,0.7740042007472009,0.33161673209695247,-0.1095336823343556,0.5805644254121325,-0.5020600987392371,-1.1013408174268842,0.4058400621362179,0.2681246132602788,-2.5468656612094707,-1.181151814991702,-0.6722015572167221,3.39
0.524923056666332,-1.5225993180955313,-0.31962497983898536,1.9376678088487567,0.06679496832211086,0.1290903993077022,-0.06100633493424857,0.9820542452126798,0.04173488603181623,-0.21989995930547135,0.15219169912194586,1.3257522135009334,0.4020602770053935,0.05747786754619838,2.59
1.1775958007597125,-0.5221748753932662,-3.202058237736091,0.44773931576893244,0.4360819907887765,-0.6222243116646141,-0.26895856826016046,1.2579512580818333,0.45393572915147085,1.474664593084908,0.26855873199039076,-0.15366655586519623,0.7077961775934641,0.368124004430079,7.93
0.438761565786698,-0.23029175787595632,-0.5719760464817574,-0.5343500049212504,0.5199352582871549,0.6494859157138806,-2.6286353729327683,-0.7327901165699896,-1.5905603587022419,-0.49830416066128025,-0.6032929749780984,0.14812438997348412,0.18592339399966948,2.130378541037073,3.93
0.3728722838280498,0.6385268992703764,-1.4219016350312765,-0.334793338821229,-1.0833158615790273,0.598556790786639,0.05213834627082365,-0.34155246147904,0.9564439341734563,-0.2692906882882333,1.3339652711734789,1.320647892296274,-0.635652168870509,1.1134899201608028,9.79
0.1126876535461715,-0.39404968423974374,0.3948155796948506,-1.587052636022018,-0.5379105913686306,0.4177878133152305,-0.2943245335324761,1.0781359301508622,-0.3980675349065315,0.12147358640559214,-0.1203046299923417,-1.52794192424022,0.392380017520507,0.31716083712311366,3.64
-1.9327163304218837,-2.469766321507475,-0.4534952486193608,1.230596070035717,2.71833860775382,-1.8208662631992647,1.6256007788288553,1.1615325318898673,-0.5833468897806596,1.8831857936349208,0.46654000194862333,-0.22746934461255136,-1.7804479028746063,0.10208424463121282,1.7
0.041407663047164624,2.2388039561944466,-0.9458609267312653,-0.8860935707947882,-0.5106676706991877,2.6562009243260283,-1.1504989642842403,1.3081068756110472,-1.557788856310931,0.4316517379626846,0.09821393863980449,-0.6997318419762775,0.7178470303641592,-0.8004317320464487,9.3
-1.6151673458368403,-0.31162212676187273,-0.9173078548388174,0.2592381450343227,-0.2861056435814809,1.5640244919671724,-0.3191841371993036,0.27574060290505364,-1.1621861333406227,-0.4266262568297303,-0.9116309712748436,1.1847826441213154,-0.7575715165200915,-0.6504007573962328,7.83
0.29883355561544306,-0.7137081025113735,1.4096526117865362,1.9577388619392202,-0.8974389143292668,0.8456300948867707,-0.8449991194757425,-0.35657400710714193,0.6901731677217304,0.1398357761722636,0.16634309325514188,1.0983050159899022,1.0913628789778735,0.05110874644359347,5.83
-0.6344557291612811,0.0009223064425322128,-1.0087571191621445,0.7860451996787134,-0.18824973058587227,-1.1055501693376546,1.340957111863744,-0.01395599809697324,-0.7480243635123778,1.1429703549221097,1.2574973587078866,-1.8869782747967678,1.107372199563882,0.1577527789052435,8.58
0.9714097688205218,-0.06795073634100188,0.3792359947077991,-0.30424265710992027,0.9922809745056341,-0.6713624328994697,1.026203033638885,0.17866759820576525,0.7567158967793747,-1.009258380635307,0.42278003309382484,0.5332065920491125,1.8543163537409777,0.6977434766193931,9.49
-0.588136231043297,-0.6295111574544959,0.7611113531690159,-0.5399708212215032,-0.5194703063072353,-0.8591480062136386,0.13310477478463345,0.2192556586085224,-0.32615590688990237,1.6950011993616763,0.571089365690926,1.7582588875844802,0.13086474050205138,-0.7328237361718964,8.61
-0.9945799886296917,-0.1230293228816243,0.7532614175803677,-0.2971376276037336,0.8568981498839628,1.4033202290086069,-0.806683399050929,-1.0994977775577228,0.9481682807061942,0.2689775540419493,0.3254641230404933,0.6973629454761451,-1.5259392227818687,0.4412488310736793,9.05
0.18047119006712284,0.46189619899645196,-0.9547809222916125,0.08065851545658499,-0.48363639036074874,1.0437158880601585,-0.08676546759914998,-0.6000492805108597,-0.9908396116230256,0.8728488704008429,0.9811967382993021,1.9234050146813215,-0.3220622118450619,-1.0129486520223046,2.71
-0.1259461305453369,-0.697751505839513,-0.6291105195173696,0.47442210062842194,1.0920475962950351,0.4131901450802273,0.11322410249304915,0.8205231741168925,-0.2274753303706493,1.449921987213716,2.9990986597986047,-0.6296224400490923,1.2092394988695063,1.2108026442770279,5.11
0.5271500967945097,1.2864022097396233,0.3548083693026381,0.6488451297496254,0.08195574831998477,0.14037529776580368,0.636106480460837,0.4213167596117888,-1.046979345734311,0.5091056930839862,-0.24554640621003299,-0.555999741664126,0.9699347319371147,-0.9338707761703049,7.95
-0.2711117992996148,-1.0660572008616107,-0.40214246996955816,2.39284733359862,-0.7648332854244265,-0.15132506690273562,1.3920266930144667,0.43851076099946834,-0.13856560553099725,-0.6929036511271532,0.6735641336979084,-0.3238998809511218,2.1746857455232766,-0.2825934015877861,5.26
1.6899956599897468,0.877590772268304,0.869001644199276,-0.1582234684806247,-0.45942611146294654,-0.25992224183410423,1.045451835193451,0.5241556019076297,-1.8659645716564262,-1.2885175980289871,-0.13517626430978888,0.5362521753562414,-0.22919516058303596,-0.5027349945485095,6.42
-0.9841886945758842,0.9130133651785702,0.09951624808736753,1.680457265097903,-1.299707330242743,0.6912222150102945,0.5476763398635027,0.8471436955146044,0.8266668151575184,-0.5070411108249059,-0.1806457157133054,0.16641102650614367,-1.0028240154236165,1.031642818830994,9.23
-2.4745048332007284,-1.1622624056701893,-1.6780981479342714,1.0997604866380437,0.21560935521811783,-0.5329299384862407,0.09631201408667855,0.26424681826955315,-1.2396158793511158,0.14595276058233117,1.3887899938450847,1.564952739454782,0.8533087006089998,0.258296450749629,2.95
0.924548671633127,0.7057110974950922,-1.1239548166984743,-0.9136577304054969,0.6346553735723074,-0.6685076177322112,-1.0252316897633107,1.2893694409174525,0.06272776533375904,-0.06494011382405257,-1.2029396944589241,-0.44869058057156996,-0.3434279061549493,-0.9051192368962373,5.39
-1.2154654274586498,1.7479085544730082,1.4094018703802953,-0.1049734757684054,-1.3276061326208175,-1.7253866997164478,-0.45156873809187037,-2.2535100710429865,-0.45279293073327725,-2.0214136483810288,-0.0942637768132394,0.1964128779985767,-0.18684585030480527,2.1717614668672183,5.64
-0.206296190960551,1.7302794380064928,0.29625296263698225,2.0127498440812532,-1.7556088653947617,-1.082486516542758,-0.2869729545963938,1.603149288229931,-0.23905624734380293,-0.680183308351654,0.606698453345196,0.9059114272365753,-0.7671269178361599,-0.6886397090039145,3.6
1.6949343191782191,1.2488188869126415,1.5164115019825555,0.9406683154550164,-0.8535967722909094,-0.03296671866444996,-1.0614573321740248,0.9758259098385241,-0.5434857163387999,-1.7116988689012327,0.11367429356800916,1.1252142181507505,-1.3770809275199376,-0.12503428067120376,3.68
-0.5545298617980096,0.9910968620016881,-2.0470790426327437,1.1349816677779403,-0.7050966266325779,-0.1599904767644367,0.8586035684961204,1.4788971752285116,0.05132340151605361,-0.7249977130206504,-0.5315001923537165,1.166091973439307,-0.8841946821391231,0.3288781835806547,7.69
0.007438521800432028,0.7592653484804832,0.03413947518217627,-0.4338820708871323,-0.5040909860199335,-0.522794558460867,-1.379464650610585,0.5060479825124159,0.2099586803724008,-1.4661228999470806,-0.4056251838911739,-0.27550136400309544,-0.5854163962991455,-0.11988330080343336,9.3
-0.10693380031537736,0.8943546675745548,-0.00467976856660917,0.5936334184252721,-1.3908754285128557,-1.0615419553051413,-1.3737844414019302,-0.39573331120397714,0.055596891176100734,1.6677133474232058,-0.8296666719646087,0.8493103065034997,-0.832293191982318,0.02389595244799358,6.34
-0.15229239992663657,-0.9238205548380338,-0.845592222856382,1.5974927795940093,-0.5332080699367504,0.9986391524885755,0.6786759498369432,-0.6110635627655299,-0.003390036344288278,0.1207043906891993,0.48695433802554905,-0.40504492801531944,-1.5067952697097424,-0.7004420777386903,4.88
1.1655645218948458,-0.03139453432794288,-0.4207934598563559,-1.47509807694161,1.237075403650796,-0.20727817285570552,1.0874969822400538,0.6824037102247325,0.7952556080214953,1.659451069841591,0.120905623716948,-0.1334852094037501,1.5638864918959297,0.8339731556153492,7.5
-0.7048123575691723,1.0433609773489634,1.5149901319396302,-2.2999879880519263,-1.2444967106868696,-0.8100900498248801,0.7230623177612897,0.788892466301097,0.519538556691369,0.8763950612957967,-1.108196913704634,-1.2060459952496445,1.2531414608045663,0.1037857842906798,9.98
1.2086730536129813,-0.6985861793642506,-1.056122689464665,-1.270865151790945,0.8010095767527313,1.1320011296004515,0.5417705793908478,-0.48337313826496325,0.6371383043631927,0.6097012871950273,-2.0252355077680098,-0.3504068232711103,0.2794447251535653,1.1080534404184434,0.82
-0.08513192488353032,0.14904197729299026,-0.067367002737562,0.26528415563257113,-1.368790143285367,-0.6054514993752855,-2.231445870694846,-0.441954415311918,0.49567242021569363,-0.7920233380722868,-0.25152681644922537,0.3907036829428103,2.7225320592100886,-0.08162105474192602,6.52
0.7192081092382101,-0.18684251302255472,0.35596758008439033,-0.028375202157023733,-0.4220085347057662,-0.20251816920174187,1.2471115907907768,0.28914618757591604,-1.1969785858454767,-0.4242381129030121,-0.8919029872958373,0.9274253693043712,-0.7593973732480028,0.8618284696472864,5.56
0.9765813083414054,0.14431241142479675,0.5444287417125622,-0.5014584648074447,0.8491524781745611,-1.2397605116972157,-0.46268399596697,-0.3076558004772939,0.9864928323649566,1.705246784980668,-0.4549530843028179,-0.096737879573814,-1.18116713033039,-0.08311943332738077,6.1
1.1014976259164202,-1.7957689995044477,0.01848688961258406,0.71802383657406,0.0570426251873775,-0.18935244003147517,0.8764913044060068,-0.8087496629126667,-0.7794352510071865,-1.8462320355878854,0.3253444155648506,0.22115248577746552,-0.5734645366676241,-0.8936551969109853,0.23
-0.047418846172725966,0.0961318984694618,-1.197539166183903,-1.9459885067953384,-1.7253802944794092,-1.4535622713223357,-1.2055832048816715,-0.08400858613620953,0.08488853583555402,-0.16797961680293633,0.35873666170053664,0.40080215242754247,0.32993555432677435,0.08911599530475442,9.56
-1.0563792169395083,-1.335055986687054,-0.5620633154672305,1.1354159062128495,2.344211685077931,0.5572207439305062,0.35792397350537036,1.066970993626969,1.513096634398344,-0.9222181277986581,2.9030337431824154,1.587914131414996,-1.36648396607864,-0.9984832072404619,0.85
2.8169074865991863,1.0368293298160725,-0.5971801703772787,0.07919369875992767,0.7541027534012791,0.8887119663020792,1.3682644904426058,0.2422429573419922,0.2804464232028234,-0.36381716178242746,-0.9289588364620854,-0.9750892713558194,-0.14377166222723375,0.3441953333681468,3.07
-1.4552812243582005,2.046322271127345,-0.695642200316269,-0.8572540337484265,-0.0282648909747773,-2.3699446688831816,0.36171923327052186,-0.9902422329314162,-1.922014263815529,0.14345118615068214,0.14217102580857227,1.9452576690635042,0.1796268476145219,0.1721875663354803,2.98
0.041304499702930986,-2.5784170293672224,0.07682420375581654,-0.04845530790309428,-0.14473787581536451,-0.833825239431887,0.5650484320906322,-0.9766314411940613,0.7053970804427632,0.3881759769922599,1.4023687787676302,-0.4640204353242587,1.3371904694376504,0.21231136424989763,7.33
-0.07521071003760357,-0.8531310123698017,0.3955904972862204,-0.4760885067817308,-0.02787629992313158,0.7774171153259455,-0.030731828587761228,0.31723246488506934,1.5136426888698344,0.5628235658364533,-0.6791475871445661,-0.40548243029931325,0.14071113851206188,2.1215608270511805,6.71
-1.3346930554167153,0.19015265528060776,1.3644380342543627,0.6146234246188984,-0.132143774792363,-1.7196297584041484,1.5114430907018583,-0.47320782725732813,-0.9529849871415007,0.2509210587395649,1.4271418116188967,0.40487917255071143,-0.3646106629672543,0.2480008728003506,0.62
0.11845988405214157,-0.46811663515362956,0.0672579613830023,-0.8242852695514713,-0.9889892213274111,0.5525454380835366,-0.394452931131325,-0.02568341970989379,-0.7718792949038494,-0.5669671050203139,-0.48345591913103075,-0.5872845179950738,-0.40985883737588646,0.19743644743721064,1.5
1.389943817212041,0.7609091381385982,-0.33457202914217266,-0.6325765456392042,-1.7790074578687705,-0.673144803585485,-1.0984025110074591,0.05451657411225824,1.6685746736186216,-0.3951888321604001,-1.4527287690484536,-0.195995317650641,-0.44081879308727906,1.2610920119518867,3.19
-1.8847988127949455,-0.9916367784042841,0.7609953838057399,-1.56955860677118,0.5737882214921847,-0.6653519234055195,1.0262636381301766,-0.048961819100749614,-0.15966681635091828,0.5988044776822886,0.019057764133341315,-1.2361192192222614,-0.5208410862681718,-1.6271496049665135,7.04
-0.8643363786301577,-2.138808384685224,2.3382156024688405,-0.02632019986493434,0.5330595005817637,-0.8352431232813782,0.5256508126884522,0.7737898312394914,0.9362331395012611,-0.08262570748474275,1.0154343950828968,-0.6076529983482291,0.3741502025834262,0.04827073894579429,9.29
-1.1751514571675112,-1.8298167761873814,-0.2989821426405468,-0.295322282672651,-0.2696345742751811,1.0499847119152201,1.3761927827358384,0.6572143564071202,0.5872446965346828,-0.07991981322188256,0.17658345221780083,0.42957445021290036,0.14006048188330056,0.5925489685538793,3.15
0.04579798406044959,-0.49522453878147715,0.261475075317866,-0.23600344908135143,1.4523122037960494,-0.4273896249572325,2.8597092999388356,1.6396771385056865,-1.1326046631884885,1.251660824134428,-0.12548278166778432,0.5655454166561258,1.5766835945730664,-0.7750128464981709,5.26
-0.46339327048808554,0.753424597384261,-0.36676954330587974,-2.2248477053592635,0.9636983991798005,0.369406345678771,-0.023334496917806622,0.12513891466662708,2.2383128090351625,1.0126635001818927,-0.8609646961282036,0.12306859442885831,1.185966308270314,1.1648882142114945,3.73
-1.5024502046181232,-0.5012804876013561,-1.133946544152974,0.6396648388245697,-0.9071086215766274,1.5546731089558987,1.2953093548810406,-0.24680948078494866,-1.2648111710809253,-0.7889869107835025,0.4510721130005891,0.8521868824818938,-0.03845395118857307,-2.568027261610313,5.77
0.6800451756023057,-2.020414561118416,-2.1191160549150005,0.9982828050093976,-1.1859733005553703,0.2506090910711042,0.09194409111150674,-0.8053198617406452,0.20612661609252872,-0.5503352522456452,0.04756393892184518,-0.38619850403294625,-0.5014559307631958,-0.6596431969334198,6.28
-0.898450065902869,0.8525103589019525,-0.45291396819556246,-1.1315831732922275,-0.40897944380495177,-0.527825975184244,-0.39407285264851283,0.713425702793944,-0.6277718185210179,-0.379558442917095,0.6431484288148367,0.4439305875277067,-0.6870874366648421,0.9660285445021178,5.18
0.9094168765797676,0.8391679744082551,0.30256333214853404,-0.1736576996208855,-1.074180599864542,-1.3836000056372526,-0.08479202877884832,0.014202103302422409,-0.2611924787000238,-0.11100114683362397,1.3636133517966376,1.6273651050648572,-1.1059460363501075,0.28851444281385114,3.89
0.05196886577426477,0.6749648226341309,1.7335439032329225,2.1879999677761925,0.7196202267990038,0.0400707888274259,-0.3625640440933186,2.486779357320106,-0.767415300097441,0.8227092676255054,-0.26420276360992107,-1.338630381002864,1.7155143629994354,-1.7422580441776674,8.8
-2.1487645886708573,0.7001156255483099,-0.3043213190194295,0.43159427905943526,-0.007135520108683059,0.6006153287321276,-0.2956962535281749,0.9022363337252326,0.9310453439013762,1.5489122974394796,1.2640292233479264,-0.10644875767274875,0.6961601434448729,0.417365241052115,8.02
0.4210945751289227,-1.3237683772005655,0.7532194541999615,0.6087392638219449,1.8202840005182954,1.1655828882459847,0.14957324812537895,-0.10175142025453361,-1.004075956831471,1.8177137175815223,-1.0654161133818225,-1.8689922949300959,0.8998798331271721,0.08695862626318614,9.98
0.26441203478981207,0.1865691702171195,-1.0580456122468946,0.3688524125342313,-0.3227844658174494,-0.46277121042719055,1.4230340435565796,0.7910913649177796,-2.3009232935640624,0.21630767437107484,1.0660556948787945,-1.2459515154843457,-0.8636678619917333,1.0002652358729942,4.13
-0.45398664984721093,-1.9782207571124935,1.1997418923482772,-0.17430602744687193,0.37370232078091975,-0.049282170609963774,1.1209770476976293,-1.0989774686910465,0.6641164196406716,1.3187008191625353,-1.3493697868845917,-0.739542520865733,1.6446355748585122,1.0811629037292552,0.39
-0.8193162913861003,-1.214500667347192,0.28268269361127546,0.32961290721329134,-0.05914276410462263,2.3333458047970512,0.6467510472157498,-0.840444067013725,1.0576501959042521,0.058177499474548845,-0.676715799689754,0.9010385370750538,1.4755913875732611,0.21584933037049822,6.51
-0.9772654646925595,0.11311586491773522,-0.956176364905333,0.2265038352625116,0.7544801274483967,-1.9766218951240913,0.7155191781476025,-0.37376129132912966,-0.5622783484185986,-1.3273337033634434,-1.0735019534556542,1.7646488241216394,0.8493461281216905,1.2946942876336613,7.83
-0.8573311831802215,1.7986574612319572,-0.06660101593722345,-0.7888263285192493,-1.0780451652366494,-1.0483543273830165,-0.7466430182350788,-0.8938757017390855,0.9042860206291848,2.601161759983059,-0.24702190817805614,-0.2276920813760415,-1.8578477406088167,-0.9252617310970132,9.37
-1.6208612394704405,0.8134467916833171,1.93341986427469,-1.0810393659888549,-0.2030547762861084,-0.2484659429913832,0.6833924754983388,0.10531041774855714,2.114453111848096,-0.7491637760688644,0.8995550908079747,-0.5952268961620375,-1.6018712653972813,1.4266216296593108,0.1
1.8734368350806219,0.4099886978780553,-0.6301065003858436,-1.1385173823653942,0.5606047918825807,-2.1267894171284687,0.8717357413892901,-0.41788412615687476,-0.439388882986169,-1.0730960818912316,-1.4372256569629949,-0.05814447021717408,0.19551215011988585,-0.0917277508309553,8.8
1.0947419753931815,0.05990101900796597,0.7155774742701559,-1.468693025585305,-0.4418958841563773,1.4835103334859037,0.9716988235028428,0.33363759040473084,-0.3785881135190968,-0.9362257531402611,-0.5296296870320089,0.6374829476049831,-1.9828147495489548,1.7950354768074441,5.17
1.2388332350148463,1.2159138455061285,0.6145964675666361,0.10795976995606595,0.3777914859659854,-0.3660511422423421,2.1177752722676995,-0.1384959962817611,-0.47566166142682265,-0.26547462676436306,-0.7232235714867135,0.8090392233039574,-0.5190505085097382,-0.12584870592838474,3.75
1.3363428322698159,1.0708208841419453,-1.023823678224113,1.1807594926058542,-1.416435044269189,-1.5011529793414702,-0.32659692969407383,0.29293114117350516,-0.22462296135551157,0.4389158541057731,-0.3766540352137939,-2.059323052297405,-0.19063922660934235,-1.5205930730893393,2.22
0.003145421672814364,-1.2528797196646608,0.517319487161196,1.3546755090843718,-1.7290317268608282,-2.0418791090985557,-0.3003879270136954,1.1293611649935278,0.1559942873944326,-0.42667356852216415,-1.0757768918494677,0.723483804517234,1.5373719286060554,-1.869376066553165,8.14
0.29380244653386556,2.5449001016256956,-0.6056265309469567,-0.19074687541103288,-0.03460174129037898,-0.40849405072083955,1.0970676787858493,1.801547921027767,-1.7045650615046803,-0.9343815213500802,1.2461790728864504,0.600314743026017,0.43671557177571285,0.6965451291541063,3.64
0.09612919640942785,0.4811843692444404,-0.32543716435717834,-0.22801170465951737,-0.09523608201971932,-0.4073536510491541,0.46881700403806775,0.2976289114709947,-1.8661660331670775,-0.20327895703048288,0.02071133373460483,1.5301440998439293,-0.2867213556078596,0.09644727207053663,6.05
-0.07676398370075845,1.322179032479,-1.1948372530322178,-0.7849345693051378,-0.8519014454902809,0.014011726941258192,-1.4938141331959862,1.4651544379638572,0.4155217068219789,0.5853926649934839,2.10230299861412,-0.34400824277946424,0.8559788351518094,0.582283581372255,5.12
1.5394034624100836,0.6912432831802507,-0.5091727585118677,0.4240036695723011,-0.6468006233245709,-0.4671141048702107,-0.013611212031492693,-0.1857748478878077,-0.8938925408020252,-2.269446769001422,0.2964485826225367,0.36763097517921206,0.3637081181803276,1.9059540100136374,2.63
-1.5361559844018404,1.5531650859580448,2.4920152818013257,1.7637809121974164,-0.3493436768857725,0.4530167087054082,-0.771219363076725,-0.6760141839589844,1.723311091348068,0.6990792191023978,0.7599597165015304,-1.122998546880348,-1.4732964580955499,1.054741066021547,7.88
0.4216732541514457,-0.29839285273016913,1.7364002989552008,0.593298252242056,-0.8500805406120308,-1.9380780199994552,0.5982417976226821,-0.46940078345566477,-0.13882329933714688,-0.22171917235495153,1.430858637718583,0.8427982602080434,-0.09625909768346438,-0.12318409144835508,2.98
0.28808051279888763,1.318052533239847,0.0829548099133515,-0.5746077637373833,-1.2048755627230354,-0.08563946293014314,-1.1982931239270316,0.34143586836781425,0.4530161998560875,1.1907565406805873,-0.20944628240852473,1.0323377349056633,1.6115545303106131,0.07372336557754205,7.87
2.2351882245060586,1.4369266526611766,-0.4794019973922808,2.9444197578488045,-0.0677054121042065,1.3995698782103072,0.6285164292702443,0.3033968550307903,1.3088375167715929,0.15084817332957925,-0.07641974218750414,-0.04620302381156503,-1.143834345051447,1.0666384355949237,4.1
-0.6597448617814273,0.21013617699183842,0.020148907823696258,0.6074098745785816,-0.013089811007923904,-0.26836839044846084,0.41466430367801793,0.3289447251343732,-1.0617457600914713,-0.10995597360023468,1.269964709150739,2.457273306203492,-1.7075415613409672,0.8277307499840828,0.3
0.10578309044659913,-0.5919778782180438,-0.4279852377068483,-0.9397462331108769,-1.3622521727048096,0.3852878001630358,1.7832641731767274,0.3526589803883439,0.17157173164762712,-0.6235737332415774,-0.93033103680467,0.021803216592593228,-1.0292884403525147,1.1230952036825073,7.67
-0.5775476372682368,-0.8434530786061503,2.2506774281310715,1.298860337191839,-1.1950454661507117,-0.882226654681697,-0.19489405820653086,-0.16089653848645627,-0.45878776141653105,1.3367390677308382,0.21051338217393156,-0.03691899326861173,-0.6080674871722611,-1.05161564203609,8.99
-0.6245293842242023,-0.875812383081646,-1.2593426633746845,1.0780436212465396,0.9301429641062546,-0.37462553284953565,1.317711299818321,0.5902765944351105,-1.0804632622727248,-1.457927136294056,0.30601320183298303,0.4760157609090203,-1.2927428088973962,-0.5256476340549816,1.2
0.853142302783588,1.5708837879747057,0.08440960743053504,0.05625847085861973,-0.45108008714832887,1.487228669278596,0.5558814702365927,-0.8410845402673431,0.7821153738736851,-0.7009333328921502,-0.9517855615516079,-0.44720670529015655,-0.860522352306408,-0.9047398253805281,5.85
-1.3991336456631085,-0.6986673641563504,-0.5330254530995694,-1.3513472212562474,0.5401495519486376,-1.7663862067824492,-0.38115233771236423,0.6612092577312443,1.1321583940473472,-0.5747512411910013,1.0133448692201756,-0.3674645624096362,2.255081899582057,-1.4598081644931113,0.72
-1.0069811951029688,0.16103751519866025,-1.2613566858068046,-0.7080451886143465,0.45290238523058485,0.19114807165457207,-0.0350651367143425,-0.024671086014756916,-2.461239319929721,0.148597350024962,-0.6360022231881299,-0.3697043119549466,-1.5901738749102143,0.6731870166522831,8.3
0.5518154843209285,-1.1648347802492085,0.1794045865540563,1.6464343525539906,0.14010829420589285,-2.014246807641406,-0.57047570813015,0.1269704729312537,2.1161173260297996,-1.2091522077109709,-0.14739598203065288,-1.0674049275649546,0.8792323462808153,-0.3663135592052389,9.88
-2.7315593559497953,-0.39325856689708893,-0.1120962969885922,0.38796497390418344,0.1816798271211581,0.657228579462276,-0.12351189387042497,0.0846333483777439,0.012208681981384674,-0.4151393404041847,0.5681669730654895,0.8467033214363184,-0.043716854927483825,-0.49167473963651115,4.95
-1.0825186202498471,0.35494368878493276,-1.0035187811320159,0.15944351256025555,0.13112615123380597,1.0670508572482178,1.3871955410100183,-3.0381151650450184,-0.2015033117516819,-2.1009242564642983,1.1615668752460693,-0.023187995738892683,1.1516654356460305,0.258160567111654,3.13
-1.3502990987322991,-0.9676551566247142,-0.13428523328877337,0.5695401453989526,0.05677869789729141,0.1775053042652231,-0.3574428464912648,1.1299703857405095,0.14606815735429546,0.04842269477646414,0.2954310815880962,-0.415002654904849,-0.3501979239735826,0.48131523006626625,8.46
0.7763108349343276,0.8808000153374702,-0.19524120002852924,0.12327906775222376,-0.6064938988713001,0.7866085222513483,-0.9448260746566688,0.22213820290346512,0.8789807476822865,0.12570927107705326,0.3000026746432387,-0.2727797849179111,-1.853913649096531,-0.6736038476185984,5.21
0.044355781029427124,-0.6890575675646331,0.4852106323921325,-1.4640233197101846,-1.9374925567529862,0.6950399388676989,-0.3116412609366905,0.3463796197954992,-0.521034053265244,0.5647406850381776,1.35741814658917,1.428363764798901,-0.6479613076975059,-0.4219208205321761,4.49
0.17014090830930145,1.870916658353203,-1.1528267309213664,-1.1457693853606132,0.8689458988684675,-0.6657670378417136,0.6591569511693851,-0.5850134021947422,0.3522821795487727,-0.5099790540448462,-1.0046860026342734,0.14630636481057382,-1.2125333079435001,0.4563028004495981,2.28
-0.23427658520990016,-1.361019196454556,0.2999355324504203,0.278874768210685,-2.352184902546819,-0.05090649328483405,0.009896279930995507,0.09267481709550486,-1.8187652004548052,0.35370499351293233,0.513026185744265,-0.9379901712440657,-1.3991415247305699,-0.9793952985287622,6.16
0.1287803682622855,-1.23781508275673,-1.3536123462814071,2.0994708308189596,-0.005310221388806231,-0.3111907271352113,-0.6704693079312364,-0.4231021294661737,1.8018610938697326,0.8162584512373008,2.38673076514256,0.3919398500962621,-0.9562468909801596,0.27116865014498154,6.06
0.5486213336558898,0.6139127741622035,-0.4421608323685696,1.80387592401608,-1.2695700422287755,0.3394510229401588,-0.29239499582337297,-0.7769502298244176,0.24710559857156203,1.2565777366367,0.40397907251087145,0.2730923958898297,-2.019621834995255,0.9212035790000619,2.63
-0.40605531869698663,0.5341757938959543,0.9201877787277654,0.1928795989732455,-2.00116500212703,1.4165234864391942,1.805211100610297,0.8131066317551693,-0.7264673500183705,1.229828160608563,-0.28206121366210596,-0.06697236362453181,1.1975220559066975,0.6474952804481352,2.11
-2.3529445366906256,0.20785411619816835,1.1853438486723644,-1.363588166329386,0.97748042785547,-1.66975759784376,-0.21479345677111866,0.5414314263062338,-0.25311513416038145,1.1776349208487207,-1.4146884717741337,0.8152336502418276,0.05290470609545161,-0.8525558555275216,4.39
0.4387566670453614,-0.07033387666654185,1.479558428344199,0.58340775209019,0.4126506314906706,-0.672954130577698,0.14656749737241365,-0.5751626163467582,-0.06229561789380988,1.245350808493996,-0.285752827525533,-1.4461577175983653,0.49452891289648393,0.7868470999075672,4.51
1.5889651299235585,0.8643733215003714,-0.271673731132656,0.2607948889407856,0.389312972648405,0.4341851723736976,-2.474083529540607,-0.5734815728371951,0.4770461424567533,1.0993745133495296,-0.6342683499881667,-0.41495035200031116,-0.23848555056987078,-0.1348915734039711,1.28
0.8544483060056669,-0.7384628343843171,0.8648032236717135,1.4187844708700117,-0.39367954189817916,-0.42988614325713487,0.15754247937949548,-0.5864872600912153,-0.08790367578806381,-1.4696585587445887,0.8557061497338591,1.6630217236953935,-0.6732128479139249,-1.6462254914452554,2.76
0.9208831088238625,-0.41849430304018237,-0.6678380656892989,-0.1219905596401648,-1.2208466806296923,0.4820037233651092,-1.264607519585105,-1.184372293593999,-1.197803102118359,0.16399810026371747,-1.813689592202498,2.088272442671328,-0.37552791412251896,-2.1162029910336964,1.6
-1.0607372801006882,0.5987848720882719,1.3483446442929807,0.16318843928284435,0.08563879456141596,-1.5301757613437137,1.488857494839642,0.5559294004659395,0.3210817573189235,0.016913754291683625,0.5310294055081586,-0.8000530770848547,0.9393403864270758,0.8033898688299635,9.01
-0.09814468692488175,-0.2720910356217602,-2.1584364555148063,-1.7322071834924426,0.5457664407259252,0.9047312019071703,1.0700502476160743,-1.347174984473951,2.293451466035032,1.0002910624159647,-0.5734519284987575,0.16332338797032675,-1.6973795518636028,-0.6169027536151962,0.74
0.5382627149313718,0.06268978896509907,1.7431435302532376,-1.4794464168562214,-0.11713260351564936,-1.1366157937126669,1.5350543702493848,0.26535676392182683,0.008443478055312016,-0.13313790488406338,-0.8770837746056687,1.1984469578472987,0.17060558612404977,0.24475192025166126,8.79
0.5823215072807468,-0.8617820069445727,1.995287227696595,1.5695124939095966,-0.0359586804068746,-0.3010869897434267,0.6396416863227824,1.1201886065749158,1.7502753159793467,0.644814196091442,0.1365674615159519,0.13713504873809976,-1.8806872181237877,-0.43029643556720143,5.28
0.36122171342397597,-2.2577307656442542,0.17993665520638288,-0.8120258979590063,1.5770189205381477,-0.28468132721892264,-0.2636287294860441,-0.13741380064570563,-0.004650336905446041,0.7928306088929169,-0.344301711789514,0.02343177518875238,0.7987927552420071,0.008530131329978837,6.65
0.6554308359820761,-0.44556573154199886,0.3510064384322902,1.3089916093372516,0.6024534707222923,-1.8710184280797801,0.555364934235495,-1.1539884381952783,-0.9249783262504464,0.4918796890218771,-0.9695640723346112,-1.1098055365045647,-0.003495206942355085,-0.6134205011029831,9.23
-1.6297584441880002,0.5553852485929104,0.9854200362042214,0.9047047319134898,-0.8983152429659348,0.4109010662511055,-0.4940783072439371,-1.2674969650905088,-0.7473278643490769,-2.8193370160793254,-1.0572990644110694,-1.466707173805888,0.20290759842916745,0.29149632855046337,3.65
-1.689724397359003,0.8279796510023786,-0.607761410670484,-1.069399275157049,-1.7903232919961112,-0.8008674932506356,-0.13922086766263697,0.9957972819303614,-0.10529355987466792,-0.31487040684507844,0.5804940452891827,0.14009340751284455,-1.505064490433269,-0.43672434001524435,7.03
-0.5750072783632154,-0.1499397458021697,-0.4753035997070899,-0.8064722444600375,1.4648770401276698,-0.04521232322606785,0.4768591536408997,-0.1173500861228898,0.8152164007966364,-0.09084702650015053,0.9723693940647823,-2.870269084803044,0.09968944858632516,0.26109237761885157,6.72
0.3046353903510916,-1.0838129970357413,-0.7226766755319199,-1.0433102959348084,0.48708759325752377,0.9042724062898024,-1.643872958796974,0.205173122778555,-0.8646129671601287,1.7475744113362388,0.562617076542331,-0.35194644924072105,-0.1349006336742124,1.2970565457015102,9.88
0.05719423939945968,-1.7886231583142311,1.5173251673375765,0.8128372269958548,-0.5373610720167389,0.6007141631615489,-0.6134807353293951,-0.640000516321171,-0.12114484952342766,0.600002677584285,0.47045540233621397,0.9383378726575418,0.47481636393328563,1.4533342258784028,0.46
1.724385550095757,0.3021588855601929,-0.3363953268094152,-0.17945441936345513,-1.925463843626419,0.02063915125229601,-0.6169339219620501,-0.7049300064217712,-0.03788040158708088,-2.0989445390521335,-0.17888060642512973,0.2040345124326576,-1.5355329759159826,1.354374310330094,4.55
0.44287415200678115,1.2906989657253998,0.4342092677327958,0.3608434252317105,1.5220931567491907,1.315455058440768,1.9416230590849484,-0.1240427891586688,-0.7946530659429573,-1.15770955968458,-0.9773793821773281,0.6783718801499536,2.726360809163667,1.5085945198791522,9.9
-0.17962321132852646,0.7663682370985808,-0.5533985426788398,-0.4911989827863006,-1.0344260546399389,-0.9678256029174003,0.5554023974913993,1.4826808465218235,1.0411007674922115,1.4576510737743842,0.7838041061970425,-0.03432385634628099,-0.5255288038170278,0.5768542401333245,3.28
-1.6796295141521695,-0.6045168456832977,-0.7876286005352241,1.2440838520366853,-1.377583506413085,0.9295960967679789,0.38741912014464197,0.39964134634156495,-0.4675308534943427,-1.4632367683742253,0.5002727136628633,0.8858812640045411,0.49715122526887223,-0.14403157879789696,9.66
-1.1379209511682271,-0.623071474805207,0.4502417421662737,-0.7900963911835542,-0.9619955297518218,-1.44660937816156,0.5352347388528516,0.5142021709975104,1.1541542838081162,-2.144090784019927,1.1718612728915372,1.113476259194063,1.2086509288637894,0.1196167673661235,8.17
0.22179085611941668,0.21711002303830104,-0.913003852442967,-0.8705162916211222,0.22574642251818744,-0.24910860516625039,0.7161085465517582,-0.35652308542863126,-1.4686929981127088,-1.4220038807096478,-0.7612683831794449,0.7261293251870428,-0.5192627677862882,0.2984725981808643,3.39
-1.6722753059784037,0.1620390444233049,0.037782583670640336,1.1902034408177655,0.15424377084882862,0.7628670791227816,1.9457429455466388,0.039900323249285115,1.5337988119504329,0.12396206757759803,-0.534269101429062,-0.10864950444034295,-0.5066754951320042,-0.47058003608065185,0.29
-0.5734795470493174,-0.3033510617633621,0.7107473155740306,-1.7012698274571973,0.2871321555133896,0.12022647865154974,1.3844150771140138,-0.36567013756470196,1.131701573457227,-0.8598992802766916,-0.45499645184810306,0.416656506250258,0.6077682879072319,-0.26516506859156763,2.8
0.22284228225305552,-0.16434877686246582,0.7913795936149022,-0.14659211731175986,-0.2229434495685599,0.9912762767559884,0.21025546581968735,0.6683274435271277,2.4985675137655434,-1.9851979782152676,-1.027465342752249,-0.9277821962428936,-0.853569907016488,1.4231334690444906,1.24
-2.667135894991121,0.48166732550488994,-1.5327181337526574,0.0255724104060125,0.2593986838820195,0.906288748685325,-0.26552534245067705,-0.17310634729549296,-2.049507069613817,2.280142356611045,0.306427085888153,0.43878677020530193,1.0730356004505779,-0.06745126608156171,4.28
0.42385974087847106,0.7153471997514409,-1.474757023435102,0.5306316044066105,2.0751663664841846,1.7468335492741696,1.5320644102149348,1.91052935979353,-1.259593183630677,-0.5248743805727604,-0.9114313685542879,3.495113213548938,0.24392277036145557,-1.4142605555229513,9.4
-1.101667699437395,0.10710910181152301,-1.3629467012364949,1.868682723345007,0.7905188215776954,0.3130867445630366,-1.0536037715799655,-1.3210534766402338,0.34916685539899517,0.1374528302009308,-1.2833566099254186,-0.05385138063875207,-0.05127839357838387,0.7380657950561078,5.13
2.1063985987067397,-2.079524858632955,0.8011747958393582,-0.6964939078196576,0.4215418093288813,0.13070931258848292,0.5001341381112139,-1.2430966316450505,0.969621284091685,0.040857787623381256,1.3917329613500682,1.592446949927013,0.23683723568645218,0.9898882690646227,4.48
0.9033764507377967,1.3387074251492974,1.2663190555838075,-1.1639851799658285,0.278234615996763,-1.3883315400878748,-0.521908493546843,-0.48133749317300795,0.5851037076578388,-0.23016199635031268,-0.1596293205338661,0.9991505372330397,0.8794264511478886,0.2759619211529885,2.16
0.7491691717045372,0.6459411083357323,1.9648523558249287,-0.20878052777156858,-0.7519601404810854,0.20389622743262198,-0.9503724702961172,-0.3679494835789466,0.45012226375534853,-0.5073556657344572,-0.2280963641396613,-0.27296868595607593,-0.43328129056330383,-1.0964720256271636,6.21
1.0122339802715108,1.3700786381980612,0.9516134766004928,0.9427340834737619,-0.41569728846011156,0.1752189772834356,-0.7793733256095182,-0.1348033653392976,-0.0459174234257291,-1.3851217320118296,0.13214748330498355,-0.5308413317679246,0.26522908520470995,-0.23509319304966075,4.55
0.34641757371314613,0.6977905552351497,-1.2533780021446266,-0.3196111623369085,-0.647984153025272,1.17831897860221,1.6977839063878968,0.042421270799000654,0.404499604708799,-1.473980331559447,0.30309364394559635,-0.25876495968689117,1.3585538407559816,-0.22748673511534848,7.73
-0.8205956674043513,-1.342802827465062,0.18105706382130118,-0.543438737677595,1.217293210040221,0.6332428562976254,-0.10097021539731935,0.6272706330842215,1.7431997309913052,-1.1599094222900164,-0.6350888240616271,1.9416543698666084,-0.7544312364132609,0.6623274894131028,5.16
