sensor_0,sensor_1,sensor_2,sensor_3,sensor_4,sensor_5,sensor_6,sensor_7,sensor_8,sensor_9,sensor_10,sensor_11,sensor_12,sensor_13,sensor_14,sensor_15,sensor_16,sensor_17,sensor_18,sensor_19,gesture
-0.7829430792723844,0.38485056468220186,1.3494731052616238,-0.9564671437396102,0.4499088888312278,-0.8294677345802876,1.0213976838403982,1.0119055837497712,-0.35432234024909864,2.2096286521908626,1.1066253091372844,0.7069289851361691,0.6506108961061356,0.9839269092062237,-0.9956424072441601,0.19460759846102424,0.38319038537732747,-0.40013606330256013,0.4647952694439655,1.231694300434006,thumbs_up
-0.4217690877659065,-0.054424300371305634,-0.8205852958539446,-1.7869890098107923,0.7789321805205109,-0.025733794839247516,0.047579417152787795,-0.9867736181735269,-0.18550352903619077,1.0965937891821234,0.0008213367794600936,0.029183758055412807,0.2075282778634226,-1.236382128406456,0.624920464102357,-1.2551981149158307,-0.9396155812790263,-1.0492147690071647,-0.17522496663054554,-0.35245270353785757,open
-0.0012250383082545331,-0.9052561597764432,1.0054953203063783,0.8340275687263308,-0.1738135128917204,-0.478366716587938,-0.5793574933451994,-0.3101449950106793,-1.4002452287511766,-0.9596073122118406,0.8601203919849665,0.3018124860758687,1.6342744859765308,-0.2991951501693214,-0.3615132271068674,-0.4078989245436482,-0.31916448321816865,-0.659954013146598,0.27098821468719997,0.029104067148411294,peace
-0.5099145018382725,1.2511489130189024,1.896582922486307,1.1665772055734005,0.558124013083395,0.761769726263774,1.856415517826335,0.7603193157594238,-0.5851858525992847,0.3922725266505483,0.6262442660633177,-0.9947172740359198,-0.2849308186431779,1.100391824055466,-1.8234927350495862,-1.250428545040594,-0.1764070536283277,0.3536795955057045,-1.357632444948907,-0.1267892516659413,point
1.1537685390885666,0.06865145707428366,0.9390889436311305,-0.5921141213350033,-0.8099168567891817,0.8488738302850475,0.36926553465618983,-1.1855960077744592,-0.800840916162789,1.5645812410574145,-0.9245552194693161,0.9343287467259975,-0.47818669723369966,-0.003175856767131344,0.29459262094337224,-2.1009812104995986,-1.462717335427299,0.0863330187871626,-0.7243075637838803,0.9965812952746222,peace
-1.6061208808681247,0.565255056257987,-1.3762212204043263,-0.35210499414442864,-1.064377764237964,1.9024298804711979,-1.3394921629700358,-0.1220596953690234,-1.726836148020152,1.5995701220705898,0.4012824161772051,0.13697308959866786,1.4743129392917256,0.1474224414226123,0.2195713561410768,0.13172528806515155,0.5636343254431193,-0.4924413839212625,-0.21428730736333237,0.810334628457446,open
0.27737295155788194,-0.11424391410212563,-1.4005223910307123,1.4980502845365953,-0.6614541099507707,0.9872372384192569,0.1757536516880854,-1.2934505227298703,1.252275477530615,0.2545406463995396,1.3353453567370426,-0.18240870073591886,0.7040512299670544,-1.7625271113450138,-0.5002158635937571,-1.2729933322312716,-0.37478385003839176,0.47181173950614497,-0.6045800876541457,0.8638420936387817,point
-0.8566126435500113,0.8852366136499785,1.3097571658740361,1.0135261350909857,-0.34418905182977283,-2.125453597944143,0.5821669967373478,-0.12523471471530392,-0.9783929401273533,-0.5562790648704103,1.4344253164448015,-1.1373402006101545,0.4683091756212118,0.21795817563740372,-0.35738766466323224,0.6445326873130469,1.6322452588988656,-0.29597150388619836,-0.24318094807710125,0.6220649049902,peace
0.9182428214350015,-0.1277072071486352,-0.3053737360936483,-2.2176465207197604,-0.7780089123665535,-1.1393116720675505,0.6846249963118912,-0.24390294860084202,-0.28302160553892824,-0.009056263622981188,-0.8701764701253999,1.553247186688754,1.2981939116966108,1.6181067830476878,0.6834172312388914,-0.029478115021937257,1.614729303006885,-0.6809668359129796,-0.8712089790330124,-0.6015115147698592,peace
0.5228712669142984,-0.7621051933876727,-0.1553729882179987,-1.6018552938847763,0.4810976654282442,-1.5171033671831091,-0.9321610548653619,1.217167134896644,1.1803183169861102,0.37431308954649783,0.27566358173523053,-0.5309596471542593,-0.7729036637422013,-0.36224169775737963,-1.5136541744623178,0.2524485549536634,0.04883112480840971,-0.9334212667102668,1.5686819188413577,0.6069137102870481,open
0.6918418040088565,-0.4873399260391653,-0.0013300780263234102,0.6273726701874223,0.15278236710023552,1.6019007847698716,-0.20378756941675114,-0.5045605322361106,0.634252876471426,-1.264647272286512,0.9242969323081122,-1.3007118005919829,0.6385846660585501,-0.6482735541726626,0.4765841469833932,0.9073429460610174,0.15342119550391872,-1.19962095164068,-0.896775244507152,-0.7286591410337823,fist
-1.895006893597774,1.127477858731929,0.11010758575632887,-1.1355180451889948,1.4556748574583571,-0.7013281001381633,0.25057248907487145,-0.8252705451962018,-2.018260153329028,-1.3644405588512607,-0.4484904308664313,0.8982968712060478,0.3465331468192452,0.14020512617124528,-2.010027622744882,1.2700861476800949,0.22367969649555597,-0.11941766989216007,1.1324231099888953,1.2474967235682737,thumbs_up
1.1545902476091912,-0.24708649670328767,-1.0034765607841956,0.9889229171420731,-1.365054443070417,1.9472567386642823,0.027999545194562925,-1.0608842556995841,-1.2318685541566103,-1.2776048240560596,0.1403629067208431,-0.006392320059787118,-1.235922173509193,-0.356455786555902,-1.3679353860913424,0.5893018059441726,-0.0545932661127137,-0.37840250591744795,-1.2881107300675272,-0.3001556002227654,peace
-0.4147278813463268,0.31772670120959673,0.16701797811696062,0.7920601020793422,-0.48457654350506235,-1.8604115021964944,0.99109287659804,-0.9360325130481806,-1.1069170530152554,-0.043116545113752174,0.30227051295451685,-0.5308364057146827,-0.5386926814681269,-0.3910263177655551,1.4165403509931433,-0.0026780875581322683,-0.9679628394617962,-0.9577833569029672,-0.2508841795823693,0.23785793402800734,thumbs_up
0.48398016196619054,0.12415860384721537,-0.8418733509170888,-0.42394129956078275,0.7339078818646241,-1.1460919604530955,-0.46575339307746244,0.5974628578813526,0.8752814266351764,-0.19291537109138282,-0.41120681057081593,-1.32211794144374,0.5256399227270944,1.3187796851467892,2.5651540585996915,0.3864461835180462,-0.05087965164398104,-0.9198106131509073,-1.8788569137431494,0.17695924973983332,open
2.350339120154303,1.2708122296569129,1.1165642691137982,0.24560281705791556,0.35952316028032216,-2.4237473182779774,0.762510580763997,-0.5793405695758157,-0.7017273465958871,-0.32325695304860746,-0.3570044894510149,-0.7176355919716624,0.01387207217597611,-0.5582775962080532,0.10032295575614611,-1.487177814550033,-0.2140577706320174,-1.0962955896862512,-0.6414493184978661,0.14339884303353057,open
-1.603997614754958,-0.8224073772721373,0.568964384836334,-1.413177841865801,1.7778671402788075,1.2044079561306467,-0.49452708445227916,-0.7872096877850634,0.20193990333548184,-1.4474622570271596,-2.002142724832433,-0.45933512405256655,-0.1340487665021912,0.0944272243535302,-0.6147406161178844,1.2739467294749474,-1.4951396584838834,-1.1382621349580988,0.48663595614481137,-1.1616473856371412,fist
-1.2003204521973168,0.12335479220716372,-1.0535226203160315,-0.13308442792068725,-0.6998565596577566,-0.8616637033727397,-2.1023053913449403,0.1395631528213373,-1.2471899921129288,-0.1682422035305197,-0.512104898348565,-0.20650805869988326,-0.14967537401326075,0.1936282509182633,-0.7277593014914427,1.2426964792733683,-1.8474000608555767,-0.22659111852722916,0.8362309764108673,0.4767725530026038,point
-0.974835576528597,-0.8082454929880238,-1.0067925593266038,0.5992276306643892,-0.7399237285155085,0.2551230881234501,0.2643014140759551,2.368393468235372,0.3132512598017035,-0.8111440147504635,-1.460150262066399,-0.27585271463774547,-0.11908584242731844,-2.2106995273905556,-0.7138541602930133,0.2973525428275529,-0.5323556702661748,0.9686237857058371,-1.55835644472052,0.6768828201532168,thumbs_up
0.9138897415259529,0.9564964758415365,-1.5658563846543787,0.3145527958573842,-0.6687541185215149,-1.4061424419829012,-0.4138677249737084,-0.9049779919008093,0.9207504681638696,0.5130633430135693,-1.1524444681088677,-0.724221313830929,-0.3806974256166236,-0.07240514731789721,1.0063782748037806,0.6907823264806331,0.05139196897484001,-0.26064884989492215,-1.773354034607472,1.2919976261260564,peace
-0.44709659786565714,1.5548402404262571,0.1961092921318354,2.0252842086214446,0.6063215333663162,-1.4320196312208788,-0.6144154802612122,-0.16913496067196493,-0.873782887108324,-0.37706081718204426,-1.3669391585821093,0.0057212810991223995,0.23741194901093982,-1.0041094072061187,1.9402542934819118,0.06351326128045882,-0.816740866122912,-1.6295392999652172,0.059942889397168415,-0.26048853281335294,point
0.783040907286443,-0.14337026497196806,-1.193718782268727,1.670718296177581,0.4356248795071857,-0.2541087115983586,0.16463853144973825,0.47404195656165815,-1.428856613893435,0.15769421996281013,-0.45012347329389163,0.5072999856297516,-0.7401819246062783,-0.6047018550970825,1.6628710985640576,1.2309120908821363,-3.2955611799673084,1.1567619824643116,-0.07365202625775688,-0.7081820628990119,thumbs_up
-1.0071747357076501,-0.9491176282799884,-0.6799359447584152,-1.1271325836818435,-1.3545996610726423,-1.0403801508439108,0.3233938550656872,0.050090148570797105,0.5558564515518563,-0.06636983921005428,-1.3066793306447917,0.49444092349360613,-1.0046892788749149,0.6466143019889341,-1.1659200029569607,-0.6874766264035254,-0.36139164056791484,0.6744048010569486,0.17599725212739498,0.020001322150924445,thumbs_up
1.8856687850553053,-1.8369831612251455,-1.038377642700551,-1.0811884780389913,-1.7706523099222744,-0.7195195128860274,0.687769163796706,-0.5916473985157515,-0.3330029719863096,-1.722554827880282,-0.7965255751603473,-0.46169871558758396,0.642400422547114,-1.6749163979182211,-0.4550087457211382,1.0868180300688906,-0.445083285623264,-2.115561414118679,1.2791757773481913,0.7348969425383328,point
0.8693971750787908,-1.743783646745394,1.5124557258472144,-0.7732760851111978,-0.509438944220231,-0.7027771659920036,0.9469371819552072,-0.17979835250529552,0.48174103258762574,0.07590102288436813,-0.09504200369292053,-0.9467840637461963,1.8121405873077656,-1.4633936285052291,0.4122539740346844,0.3766565921072789,1.1543562861524255,1.3880900323792782,-0.13738859941677573,0.5303943059247528,point
1.7648737104525094,-0.06517676692225227,-1.0664334750651765,-0.3844681126994213,-1.3046459986144672,0.37181681099472264,1.0644562081406352,-0.1210414920675384,-1.6209600494536405,1.0216508350576774,-1.7762989615657787,-1.5459547779230411,-0.17833838749471878,0.25178524567549915,0.42224749875835416,-0.06613955204647334,1.7600437651348573,0.06516834108320184,1.0346681017529358,0.786954564094698,fist
-1.2928737322045296,-0.1697304872855214,2.123320513281019,-0.5043508539402574,-0.6746205243566907,0.17057558147702223,-0.4685199292600519,-0.7937045795022385,-0.48328339429758677,1.4320096713686254,-0.13661869147757238,-1.328075032754712,-1.5117465380881643,2.2068049320544696,-0.22333436943410231,0.43457850096541834,-0.7713772263396093,0.3209859692714158,1.459329651601532,-0.6522631837437548,peace
0.45858677994858266,-1.405746275890388,2.022866118366792,0.2685359302445748,-0.41279384435229194,-0.2978741232861638,-0.5100381745143354,-0.4589051641234932,-2.44749514234966,-0.09796573209675552,-0.13987868060571226,0.4886615372604771,-0.5231437464415264,-0.7710363141410225,-0.007774944452975179,-1.6123681180904839,0.14342318753458425,-1.861819259521721,1.1208186488307958,0.684269955660775,peace
-0.9261858764240133,0.6611380133380368,0.11151422425388119,-1.0090102310848599,-2.0228761572290894,0.31643568342645223,-0.7942818471350348,1.0949695696960795,0.014033733881851279,-0.699582696497317,1.7978387330904715,0.5764464926030052,-3.655086515104106,-0.48639176879086643,-1.3840889920124233,-0.7997979377203086,-0.1447323989185361,0.3540485085875462,0.2613657421135737,1.0778730765648021,peace
0.6365983775086668,0.5747469291255051,0.20149232313327434,1.2867988527259013,-0.31627654319091747,-0.2903032687351907,-1.9055733529725303,1.0561640438100357,-0.07692575577915453,2.9336057061712726,-0.4055326917624579,0.08857812941673526,0.5465049536084137,-1.101899972988713,0.3585477138792277,0.03466143205718531,-0.30368818967683764,1.1726039587430066,-0.9037487179106557,0.27490211308222157,point
1.4546642913850458,-0.7066217559562984,-0.29688598269229904,2.3453045634718284,0.47439106515605706,-0.5061974766426176,0.802624760078478,-0.5680935515910258,-1.564915924160071,1.3723639452651701,-1.1030592641310144,2.451712624997291,-0.48933237546220554,2.1332646815618554,-1.3686710685200578,1.0254935862662529,0.4997262729846501,0.8377462255551519,0.9680227066762607,-0.4977451422811719,fist
-1.3088438420029984,-0.05091773033921787,0.22303025758513412,-0.4718446211555048,0.2775539701598618,0.32962553117474036,-0.9100264465438659,0.3949712816904657,-0.26721202369464575,-0.6999809002033711,0.7873751382239931,-0.7769912116935443,-0.45666758990472633,0.07205085018665584,1.3743116206542387,0.19278407772429806,0.5282883324746676,-0.2976425359964962,-0.0784896243763409,-0.04887723351959414,open
0.29330623601702466,-0.29596757304826016,1.3399998854762094,-0.3731662385021419,-1.7072411352053674,2.7427966043700196,-0.327368690943752,1.3131697870913475,1.4047908419597586,0.9452143122503819,-0.19802721959740235,0.28668481987434286,-1.2745102093049272,1.990147773818276,-0.8518059981826698,-0.25390096274087554,0.09898648704025091,-0.10743975483696008,-0.6568732822933941,1.3943390520546883,fist
0.9502792834882797,0.3220472043256931,-0.39955305599675006,1.0642758718444707,-0.4644686327775655,1.5703918403378156,0.11122091548342763,1.229781526972715,-0.11382032618358325,0.07153318204094465,1.2254210614586665,2.1939251518044447,1.5603668175048813,0.87713461937785,0.5892834329575966,-0.506948690259626,0.2952297411054327,-0.9130491839967317,0.3757821336847739,0.4400506606935736,point
-1.9608451414681916,0.038738609191706894,0.41487489908910524,-0.08370985713902226,0.35804883885657074,-1.341722243356314,-0.7758643055602588,1.0349381631639325,0.0005716656457768392,0.33987898131490846,-0.5465211607085788,0.01949402327685635,-2.3020121801351987,0.8460119384207664,1.8079328389524703,-1.0650175492146408,-0.940332187509568,0.4408798982374823,1.473879290506746,-0.0020973173829448243,fist
-1.229318020812504,-0.20861723663787313,-1.0299320803117926,-0.6688462928687765,-0.3040410991533166,-0.9293245882416272,-0.777905724174565,0.07453400022224349,0.21503581213723,-1.4239803338209671,0.39638172250933723,-0.3819338631313979,0.7202615235526089,0.7804975206878598,-0.5445411809550487,0.6141476940377332,-0.8369560396988299,1.32376206283529,-0.7991362008564648,0.3527496086255131,point
-0.18760914464427997,-1.0168945142376011,0.9009157617853091,-0.614131808866791,-1.7000721649783064,-2.88201336316803,-0.8750446944279707,1.3759084192989735,1.2577384675036598,-0.718598402347532,-0.3744549147013793,-0.46491307555602296,-1.3334321454495686,-0.948831871623343,0.9811495194007849,0.5038878713794005,0.27308885852988896,-1.3351466116608586,0.10070321403397768,-2.3038449694880216,thumbs_up
0.8428026912605329,0.2585749007371417,-1.3452324520998302,1.6164255574900401,-1.7961646591685814,0.5303061822496024,0.5551717689786619,-1.2396704393524807,-0.037850690810116897,-1.636827842152863,-2.8463743163268136,-1.0678762269316586,-0.6166249422619968,0.6442561808107916,0.06740808506081973,0.0935454593861461,-1.014421623283585,-0.5300113040413865,-0.9299266098691611,-1.2249740070298083,thumbs_up
-0.5936994269872572,0.07451238509633384,-0.5726385194242033,-0.3235026694249729,0.6949148109113903,-0.5007544186907036,-1.3339666309878915,0.5634535216012392,0.26584964850828446,0.32865949817231443,0.6258386575357097,0.4566415273079452,0.028728692471304076,2.391452662852093,-1.2849687463019543,-0.5864172784885583,0.9673343646781669,0.14258629209557436,0.7579230340112385,0.1697564295368713,open
1.3740565511599814,-1.0075108556332457,1.3424598894067097,1.1709964932042665,-1.21028911423038,0.630665409887673,-0.04303993223658949,-0.6065820191190638,-1.8886191897177196,-1.0108136711173168,0.708112140184589,0.8138412692605569,-0.21071048057617164,0.8169851431432842,0.9452600778941374,0.15463995862634736,-0.7223336238502043,0.4410541128156447,0.4869847076588633,0.6739443903503098,thumbs_up
0.8654032700022395,-1.3621645719212216,-0.5099292453657421,-1.8986213456878196,0.7469960383553472,-0.21231144798041618,0.43081407069741506,-1.4756787481901583,1.4009808496930505,-1.194339164619275,0.7745633043824588,0.11795017089254153,-0.189442777526179,-0.2701601066121741,-0.63806300931613,1.2951961769007685,0.01261283435224257,-1.2692215303532202,-0.38396020203484016,0.1283390272029383,open
0.8978052814453255,-0.6046197205172072,-0.5377765558045478,0.023432127147405314,0.8734248199473259,-1.3687545355960296,0.5053546309917457,-0.464062530128656,-0.32443258174848666,2.001575745129749,-0.19646922455152543,0.7546937503085799,0.7189138372033486,-1.1800239140985067,-1.8453943252229041,0.8209820924169108,-1.0835461924485188,-1.6641829545710272,1.0261622148441978,-1.019426733775593,peace
-0.772517475684394,1.9743731550892953,-1.659735361381571,-1.2562860414069255,-0.45969814247392055,-0.2402568398344221,-0.8937452821176533,-1.1586550973229164,1.509994324431931,0.26298612410471556,0.585168744209188,-0.13722517655853597,0.2894549488591364,0.9329016611095905,-0.9962990145453348,0.26483599651798184,0.6960423134078911,1.5447973463842604,1.9478909798017614,0.06985979698176144,point
1.138638949687134,-2.670167933371547,1.552282909376714,-0.7258836617208037,-0.24109744898789084,0.44110448436702115,-0.15344236731551375,0.1964533795681345,1.5876929682261434,-0.3842200453459713,-1.0869238165005535,1.813463857298551,0.5267642170046775,1.9222389753134637,0.8636299105789041,-1.3235943920134368,0.6453846717568814,-0.9839480658825546,0.007431802439666953,-0.07571440360775782,peace
-1.6176638046330563,-0.8128104895617866,2.2051873001591,0.23837740484116443,-0.17559613466295235,1.8128902199409256,-0.3962353100691686,-0.09142036196912011,0.9908028561228497,-0.4007357986163498,-0.7465207393525012,-2.2537564153607175,-0.9364983133827613,-0.9460277459896131,0.15856669546860983,-0.610458265727776,2.158019010857196,-1.057628930234806,1.400646686857405,0.21975295512754914,peace
0.806774035712389,0.7460195947358699,-2.2182355303124166,-0.01155267897655717,-0.26222813723383215,-1.1329780946912673,0.4596260372158683,1.7165403158774715,-2.673003643884066,-0.5344696758417209,-1.2457661641136228,0.07177782623769331,-0.32562128314999605,-0.6056772127571781,0.6895068283290587,1.6361813010570987,2.6613186517578353,-0.7396290484685878,-1.8208755518180693,0.5591964340783401,open
1.6104847353232035,0.8136899670407284,1.606347039530311,-0.22548667060211924,-0.6095744397731283,0.11543590740131227,-0.3305531873668884,0.663094021340344,0.969767778003491,1.0480836645718858,0.5105926708043899,0.24582232667529963,0.7944266892508483,-1.9629919076527214,0.21057075233394207,0.05247805717045095,0.2130803959715548,-0.08762354625423106,0.43185549346161606,-0.5746029215340153,point
1.12952342945363,0.4736497774134741,0.15068585788386077,-0.6975165706361199,0.8153168852079051,0.2066596984944911,-0.7554833935369165,-0.056661542413238425,0.6290826192412396,0.5515735388198252,0.48700896780815517,0.0925313917410772,1.0258195333018967,1.23779650381161,0.7373226156755405,-0.5874512748557071,-1.0580617172905176,-0.5439397669715936,1.9536567479767233,0.28169591382735354,open
2.126441827526385,-0.12019834358743646,-0.25881367049292153,-0.07405653664407366,-0.09217408005330353,-0.7736509118677243,-1.148848268166677,0.5013366271808629,1.0549007175973635,2.4449813006664014,-0.4337129066910224,-0.352655486864075,-0.7712292944510174,1.1257274293735673,0.8149874547962647,-0.8769345818745263,-0.9021980869729431,0.9525147585958975,0.3831961512084077,0.7583887130111439,fist
-0.8827684783389129,-1.8777248639102067,-0.8749650166801699,0.6877667300112269,2.111057978634891,-0.4294639895276082,2.2758558818768657,0.8298197674916881,-1.3930323017088262,0.21403383781103172,0.8639742784118608,-2.4254828985526866,0.644451157913382,1.1727211798231125,0.39886812413114325,-0.0617212106814233,-0.17292658300140687,-0.2313223276918222,-1.1759798037671092,-0.6875238319049674,peace
-0.4165940456521597,0.11349434622574224,-0.5568147576570665,-0.8691292424979301,0.7597708591258453,0.3706139719478557,-0.5392295367895669,0.5062784714875873,-0.453157893685935,0.06306502948812001,0.9750440547228668,-0.6037410931662635,-1.172411607833743,-0.14513458302134166,-1.363465016185462,-0.2774485093509754,-0.28063747931345684,-2.463684123905563,0.5306351637445099,-0.18268976668132056,point
1.1818964527719358,0.21553197979408253,0.7356085703155483,1.1900387532070433,-0.13171708277074626,-0.0008231888639018695,-1.5735432233902318,1.2395377452342413,-0.1456973997215546,-1.0057305503479816,0.7397224864874274,-2.179781191964252,-0.4292742228731781,0.9083110412118409,-0.43772185196590513,-0.7179219509485815,-0.41615479711295045,-2.009929264468574,0.7154784317830334,-0.12288604197691305,peace
-0.27232460999476205,-0.26866861640904127,0.014079798464584264,0.6534373706720666,-0.052063541199248935,-1.3616365481798123,0.5755161215440671,0.4985696910042263,0.20552699821646023,1.0752413069613191,0.030378676412958838,1.1113760889892559,1.4072110214783964,0.5823128855244826,-0.7479336218779372,-0.13078571850244072,1.2388560340583739,-1.4976278660695068,-0.3919536681786087,-0.3429648364467441,fist
-0.8652106003537336,0.8728789499187865,0.37681507104077705,-0.711058356600492,0.6055129202358394,-0.15841623466821794,-0.8901945732223427,-0.7129184102428672,0.4360510747759399,0.9390098785218387,-0.4867682329547862,0.5444413336690117,1.5817541575774825,-1.258870556370253,0.35566987283862367,0.8306556912954083,-0.09514981659883062,1.238283210855647,2.198837038261284,0.34335534838630294,fist
-0.23358973227799906,0.9769828076619566,0.8420688603779013,-2.5188309549181844,-0.002735556091113593,-0.3945994667391139,0.39670569151391666,-0.19365828029379034,-0.0851760922710017,-0.8632127594610817,0.7345292184244875,1.655042221468732,-0.847671949215035,-1.3970550231469734,0.0200032198274639,-0.02865566103526391,1.17093278612036,-1.2291949523785322,-0.5379551750240974,-2.147703239266853,point
1.3749836362118226,0.25054462832336355,-0.46343291398079656,-1.3222714785911764,-1.230476058177251,0.41426689979139125,-1.1074250456007102,0.10400542314856936,2.0429448611350307,-0.3475876229448206,-0.9614444439743789,0.38200720545276307,-1.2257917407817274,1.7199845303294035,1.403619668528335,-0.16417161895364407,-0.8972931814242199,-0.4257698727753605,-0.29566561208542824,0.38356713170706486,point
1.039632329301116,-1.03651263075859,1.0109095653427445,0.617685612811298,-0.5077894908066064,-1.0867118956770103,0.11623271729256779,-1.0595884837020841,1.023680849162606,-1.1238827721322047,0.547706193163144,-0.0806163648150821,-0.5606248843752012,-0.10283150631929085,1.0799831696342017,-1.1922574089937898,-0.4121565551918167,-0.7517435646871881,-0.03861713354871464,-0.6846808925126543,fist
-1.7680812423866143,-1.0551375469323623,1.6377550185381118,0.24672821128627265,0.21236205380807743,-0.28261239000863825,-0.05162542410916941,-0.42981192283138003,0.5269285310410652,0.10080885425937298,-1.1712682101586152,0.25372450310419264,-2.4587419232715506,0.41385919967778556,-1.4093568568365213,-0.09605508617007594,-1.194627603196189,0.002823199533097012,0.5782785192762222,1.5028270852495802,peace
-1.5413576550114785,0.975472955671135,0.1311527053774716,-0.45066715282462405,0.7598565050594597,-0.23592485108520672,0.7175305164006791,-0.9922697131279948,-0.6329970322962923,0.9436000527945995,1.485400523570422,-0.035031899152849294,-2.78728892535578,-0.19904928260845492,0.03242611782242977,-0.2327733766931721,0.3363385616655311,-0.476909927597322,0.8388708606780273,-1.166713272731042,thumbs_up
1.236848707354141,1.5500788239610925,-0.9130597380603075,-0.9135998256030627,0.41069531377752816,-1.1872204097428893,-0.49260287110232015,1.1025269564560145,0.7376067644769629,1.9801963416895896,0.17078414760020774,-0.6108380022781855,0.051243511653020504,-0.15058833940863453,-0.13655710920313543,-0.023803708095732967,-0.9317667088462365,0.28221775497064283,-1.408663267758591,-0.7168266079081144,peace
-0.11887876313981743,-2.2595533126555916,0.7689915363449175,-2.0531545098475052,0.6695876908981782,-1.2928092899281622,-0.4049186907034995,0.5191306469494293,2.1981395194794824,0.1164519777073494,-1.982626328199508,0.953695132635774,-0.23191840485901827,0.06990665445882359,0.5578630298876143,-2.225377956905714,0.006536847735195777,-0.40969388995269546,1.221834906005519,0.7271137633387429,thumbs_up
-1.6270019227815473,1.2626258523490483,0.44952508816021125,-1.5472415974532183,0.05575310349277308,1.0348261138558552,-1.214043872573394,1.377577335845417,-1.5126287741275257,-0.7912271766469846,-0.942870835389692,1.3769337315886618,-0.49101613654919685,-1.1628170026609979,0.44521087891406186,0.6611809905927187,0.6675360947941315,-0.27133916522600965,0.2545343010369479,-0.6502330862292857,open
1.6748016779357304,1.1442051586579316,1.0829568290406753,0.7941159345735455,0.5197333059950014,-1.244362484149788,0.6333012362556484,0.11426523006332008,1.2633640849509191,0.8074191823824282,0.5503804701530215,-1.684224797530156,-0.08900053660847063,-0.5578922599036563,0.2523659241830736,-0.4155482714426437,-0.27594577609330595,0.4590339049067038,-0.43213811356877607,0.12159153957401245,point
-1.5194118908743064,-0.8324014767600587,0.6560435672029604,-1.2301921166964744,1.245725077602997,0.9743993553013208,-0.2682299353397865,2.9987341055024648,1.2431035778482933,-0.949279506705735,0.7461740537000482,0.06586306631975722,-0.7767120908594111,-1.0699091431662089,0.994893334888379,-0.5979454646241336,-0.10187635503705197,-0.9210259282265284,-0.7481579372985909,-0.12692920007147204,fist
0.38818229272415156,-2.5883591635514485,0.01691979916675013,-0.7461210125850355,1.402362653450225,2.9427526460054367,-0.35927903495371544,-1.7222285607131944,0.11687696991856647,-0.20542932949320494,1.9713506490012904,1.6665893433755425,0.8653749705965644,-0.5866940812126582,0.6777665661808034,0.26500635906830405,0.24132320329939075,-1.5582298485678703,1.0617953384536465,0.10780832831123513,open
-0.10084134754457509,-0.6001564950088275,-0.7936164996533775,0.31725858127898193,-1.749162801858082,0.7894987596500425,-1.0541054369956855,-2.058680686205292,1.8218953159260207,-0.8580870493455784,-0.7221591615216957,1.1345383310080746,1.8544309005166413,-1.5330015786034301,-0.9561680602506695,-0.8826788221605966,0.9348016626956545,1.6391321279295334,-1.080252561578079,1.41474533796822,peace
-0.7090341115287021,0.33612290294557223,-1.2714536994278176,-0.12193041358199798,-0.11111271407271618,-0.31515830631527364,0.38497098131969715,-1.007030864852526,-0.8837232981868416,0.4378721449493555,1.3420353309757287,-0.022813694047922984,0.5036707734621725,0.7580800102973402,0.8305051886334915,-0.9535247258366385,-0.7770102302049039,-0.6900745939435349,1.9286338008939643,0.508192939171904,thumbs_up
0.46331572038501684,0.3662357531837386,-1.320793403619499,1.9381904707770388,0.47918753078696064,0.7231601126549526,-1.765521288915802,0.779643852361518,-0.35621245012762687,-1.3227829747262372,-0.9537636658717974,-1.2648942084533663,-1.2817841951146103,0.060547820364210025,-0.38676278873165104,0.33406936216138733,1.6759758710680044,-0.12950371362733745,-2.244889293958427,-0.24195821154781655,point
1.1933944363978717,-0.08593947249682984,1.529330653691702,0.4529415931378187,-1.838269734397389,0.10958225043835845,0.2970012942647289,1.0803558012736438,1.8196365716115683,0.9077255197086991,0.44047979738721704,0.6761882715783463,-0.16800680644956742,-1.4628778368074293,0.04149608622286022,0.3652903274589056,-1.203657625911923,1.3266216394999415,1.0054110154824312,-1.3717614152878692,thumbs_up
1.3658322887898744,-0.3083143692098472,-0.7784915651183486,1.079277692746526,-0.05105441276005814,1.8991853208368699,-0.852888043886751,-1.7316575239726546,-0.2804382811661415,0.7892224990604728,-0.9271429855355432,-1.3301003827998792,0.2289274027027541,-1.4636872101675165,0.3066926996134137,-0.3406230512281771,0.4944664883523733,-1.3838288039246018,1.2981631514439038,-0.18303448499368985,peace
0.7635226679048231,0.9598754612848892,-1.1574449523659558,0.8822575096080764,-1.4250667751443256,-1.3701377427598929,1.9639992359884344,1.1118533687966246,2.073664175433755,-0.3702140306079106,0.10242866407800864,0.5273547467523633,-0.012195566593894366,-0.7461360206959045,-0.896084697880049,0.21386223282894956,-1.066859841662305,-1.0948634923668525,0.3935720111545927,-0.09515935148561522,peace
0.9372062705816853,-0.4249114100828423,-0.5812559499755355,0.423553396035471,-0.8120248745538271,-0.6581277255566853,-0.6184543903794149,-0.2097021062955529,1.7724365432959026,-1.3767888249571572,1.2955075821174589,0.7377867562899169,1.5669788473699928,3.136686048322273,1.4314530207878553,0.9256669479078613,-1.3124963516250174,-1.1862222615110427,0.3601901843652216,-1.6980761479195645,fist
0.6154392512912192,-2.1349218907610115,1.1522333855646156,-0.32170031193359855,0.126596945470189,-0.7483722964204824,-1.8985264102225723,1.2346952791942618,1.335701394954714,-0.35148776520369784,0.6619295647340078,-0.3908914202104039,0.28848984426624635,0.7591391989201097,0.5550849245738736,1.3409696134093454,0.5188806757053354,0.02808461703859529,-0.761418967877422,-0.4785053803239208,open
0.8100513967250161,-1.5018265189141187,1.1058073034127964,-0.2811437260145332,-0.8186059044078899,-1.0987241767814673,0.6743677856483871,-0.014641353803318163,1.58876522322982,-1.263075650525921,-0.578163623061863,-0.09222115812741334,-0.751856743969934,0.006118664141802973,0.3195007664155189,0.4844842391297401,1.506167130884461,-1.3034724287815804,0.33776031993531075,-0.6469428195881666,point
0.43001338002358463,0.431332186353047,-0.9869193832323313,-0.9011523426340876,0.5116430634695749,0.02340451074413049,-0.2196218407316043,0.6579868297749736,0.7317184758621317,-0.5296301127017028,-0.8520531376425,-1.261918976837642,0.03345412020148505,-1.4231602771485647,0.09942845822903407,1.2168367914244393,-0.3534597702862842,-0.5362042805401637,1.997844773627145,1.509701819187646,fist
-0.7645978705554142,0.13901318105897514,0.3286782423480826,0.2036604227261782,1.8146734477127877,0.08722989241942036,0.23723487563101686,0.6886622951464159,1.1899197160476673,0.9368991943041058,0.5380847863116393,-1.5586998053939083,-0.488137724058426,0.8194212072052708,0.2503986972793056,0.8261286338229519,1.887166061671248,-1.1769632050593244,1.1379101748045837,-0.3303634624936311,thumbs_up
0.9353498192747322,-0.04122074336811748,2.1270045388929955,0.13008693626173806,-0.6405142243559804,0.4198746227917677,0.32394278071826993,1.1380970941104478,0.4480527986049255,2.475064639169303,-0.11140413540227233,-0.09961994978047371,-0.6038860500530543,0.085668338354177,0.2310591210829541,0.2812105299558777,0.0671876754939992,-0.6098212167272987,-0.8816651280823552,-0.37517372483555633,open
1.1415376602351135,1.3567996854914792,-0.07696453644043502,-0.9415829664674247,-0.08117361031679111,2.0916654352700794,0.9989678353166206,0.5507426915325475,0.9626849170525694,1.5405666113413128,-1.1528662015471196,-0.39203986869712276,-0.5287216328368156,0.5871143970709833,0.1601108906395973,0.7563112906894081,-0.5068873498672227,1.3719520506791563,-0.06933370814930177,0.6945455519581831,point
1.1954064989229398,1.1151243154949684,0.3608284084017966,0.8193469063825453,1.7416606639722867,0.5136012339746958,-0.7296464020615799,0.583050730963885,-0.037281218019590376,-2.348001134404344,0.4619980237030926,0.11665065001560704,1.1564177714974384,-0.7500936574883064,-1.5057096623793076,0.16868085941050945,0.3801773876054463,0.0938329453855689,0.020708683685403476,-1.0687269542063265,thumbs_up
-0.13891713697492322,-0.3484058295044152,1.07270874076744,0.3793253640306142,-0.277997121745195,1.7238848764227657,-0.26890767621500933,0.5577867238861631,-0.1669213335892823,1.631152515028004,0.08685977581361101,0.11641422789067367,-0.13987035877271356,0.1965119260012147,1.1995378386479092,0.8458438446846879,0.028076181116170988,1.701325106456654,0.8729856413425691,-0.43818111919734926,point
-1.380348353733938,-0.4150138017965702,0.4133487785502528,0.5972003706314267,1.359137683302019,-1.094545975119,-0.43915533394681044,-1.177642669874513,-1.3387992115794456,-0.6278187459533185,0.36661224429402106,0.7713944348903161,-0.9483541066216746,-0.8092759193872399,-1.779823175323434,0.2143522082769957,-0.7321389019707383,1.6630313782118475,0.4098087996495947,-0.1714457434567751,point
-0.6411124275444524,-1.4946702201942292,-1.367871776945431,-0.6221409545721348,-0.6989028820243047,-0.9991718428459944,0.37709472744234446,0.5142655924148591,-0.4586323973017281,1.9351522682653173,-1.7467293665160921,0.058163898972263255,-0.21858020408792528,-0.5507008819672566,-0.6976628460130594,-0.006959882912358075,-0.22552782732172874,-0.39187652711255944,-1.2987196349893746,-1.618111817810499,open
-0.2885164751955654,-0.40209610449653027,-0.19703686027682768,-0.10862179788950874,-0.5225023418828179,-0.21240742381820554,-0.8535283081034944,1.5239458091632834,-0.7997401481499686,-0.37098070946534056,-0.7237887891138806,-0.7405815402049029,0.02464156663794665,-0.10223420988301203,-0.4594603903752102,-0.2834759915543116,-0.7198135509932705,0.4017256377261605,2.0551927425907137,-0.8748412772332184,thumbs_up
0.3939632237346047,0.044948957020710126,0.6686297581325897,0.6967929604960715,0.20541269721866062,-0.03982057611509975,-0.43445019964844644,-0.7649603531086354,-0.09684566095178475,-1.2845888314176803,-0.5938559901174687,1.1068536244725686,0.09851222107969118,0.8926644189355497,1.469643886658424,-0.17702945591481717,0.20732583419364153,-0.30184589415275553,-0.8126057604756063,-0.9529682593324047,fist
0.8431503725964913,0.20862728048564805,1.846603072081053,0.972052012923891,-0.7312129895363679,0.8403421802267712,-0.3050755391022553,1.2168597091290014,-0.48633387724302024,-1.0524259602426724,-0.7957550770614096,-0.7446649024149137,-0.8402517646186641,-0.5726082756051067,0.8566918703252376,1.7960442082661843,-1.3301895155535037,1.2635130428331494,-0.4777037159744287,0.34788253120223395,fist
-1.6541460305732973,0.5240350173448559,-2.0053123968160627,0.3139350723101654,0.25725604702933647,0.19100763429546735,-0.7349101506329294,0.5495266744296438,0.3910815094167172,-0.20995278364111966,0.671850307175194,-0.0956041465655053,0.528777158908762,-0.1258793273940902,0.2167019911095406,0.574722941075262,-0.39791257361803495,-1.2338365862541953,0.27607900554815457,1.1893913786129298,fist
0.29915097295744597,0.3181423146963727,-0.04217610649664051,0.7391186527732009,-0.18593541613793732,-0.4538987811268618,1.1052982528748658,-0.5305383182926822,0.8894709464517491,1.1059354619577089,0.5668169320620609,-1.2492355195726326,0.02715490922249759,-0.2019999970586173,-0.4959992553353133,0.14275158734642754,0.7692063474975481,-0.45855266013119844,-0.17138267427367443,-0.2410589338319876,point
1.1638710455443118,-0.2571006178105865,-1.2344056577617455,-1.573434838990514,0.3627295665659698,-0.7606817398859019,0.6687245052724784,-1.3312199885071314,-0.5389121666106078,-1.3305688495201482,0.4346107155489233,0.6488475406246502,0.3386251576366002,-1.0859363204038428,-0.745763744110666,0.2343139886115539,-1.687741408124364,-0.24113494438790298,1.5169053533358814,-0.17995554918037482,peace
-1.4885446390319514,-0.6074092476761354,-0.6306923256775757,2.140308779836561,1.6656790805138957,0.730935434101578,-0.3430759307413982,1.200629660979723,-1.1334596390504585,1.0765753152442592,0.9279735374200438,-0.15134573464928072,1.139186313350772,-0.4472211294638499,-1.2650855980982336,0.9779650129999213,-0.08524292913945923,0.6017806032986677,1.8208865915594061,-0.7222540723962968,open
-0.1433795048399753,1.569634504577714,0.6687317308552835,-0.6997827442045963,-0.9550177035394786,-0.5280806401033457,-0.7384147048028783,0.23734811948953083,0.07843450719759962,0.2792377542753513,-0.8408128015597823,-0.07083390752525513,-2.0556997739562166,0.14500631736136646,1.1754406449558652,-1.4247459093461803,0.48342823064746115,-0.6110143517605632,0.8025011536933694,0.15864745121227877,fist
0.40470411266044076,0.06482389875544045,1.3283318063843528,0.34741047769510236,-0.7054237140024512,0.09871505232100361,-0.36888104296604934,0.16239990651958913,-0.4197697123668127,-0.6768107355463147,0.19927221274844584,0.055789628616553615,1.0639558450458475,-0.41495587913281295,-1.9808538474953072,-0.3638707984633129,-1.626430758916577,0.41567197409657614,-1.6738979283487876,-0.9883710624141014,open
-0.362334458274863,1.5439506047611449,-1.0728901157149175,0.0124049831465862,0.579976576957259,1.4840605532206974,0.7777947517214098,1.0939069516324653,0.8643070588515412,-1.2091229713961391,0.35969210431704673,0.8486609521722227,-0.9565002896740199,-0.5797598767240226,-0.8031922951270563,0.7726229859680331,-0.06928112032913199,-0.320845894335097,-1.2816699166529877,-0.06739425319379243,point
-0.567588354984749,0.24333956526416234,-1.1429671986454508,0.17790625950620062,-0.4389507704988207,-1.2492969257351465,-1.3272840378781467,-1.1770203880226942,-0.20639905744054216,0.1209954343635004,0.2698236323771812,0.3075529177284476,-0.7585232609792003,1.0584029080951756,-0.442225526008153,0.45014976005973206,-0.1641554334938168,0.3756212317030415,-0.21432806614491376,0.3936348765745664,open
-0.00738886988032359,0.8138405706506889,-0.8186850432111983,-1.7698913358905783,-0.9733574194340967,1.0689184152380338,-0.1545588198877396,0.09206229554656235,-1.053636614046387,0.0655537251502785,-1.0228126440726963,-0.875781275052755,-0.4024836828238803,0.4450972578421455,0.5518475806425102,0.579044897937837,-1.588084115044374,-0.006664500390261396,-0.19678183338273603,-1.5321824160814554,fist
0.015983766722198454,-0.25042721743676133,0.5115256721178874,0.08124707623980247,-0.5493205302832531,0.9257624504569774,-2.2212335007751243,-0.06426512842961017,-1.7632509319919358,-0.9121932712061199,0.5248137030093496,-1.274197480440803,-1.4237178187039348,2.3819449834156243,-1.3592890514201645,1.6505209030879733,-0.1722021645792605,-0.5248291214389753,0.5667863905882048,1.3365940755444992,fist
-1.1460679421083284,-0.5102497897285304,0.8468697346842523,0.287994312427,1.1019178306413826,0.5151119544317794,1.8082240091491482,0.17858859883365027,0.22181114833096185,0.32172137201579876,-0.142488851726558,0.8480871588009244,0.23704122386302606,0.7881800091451439,0.9444998536241601,0.4284546815603274,0.5017163242341968,-1.0103297875965338,-0.5503535878198212,0.8433834529907315,point
1.4236311818185134,-1.9404302255083603,-0.5678631472514148,0.023620602414650072,-0.8792744620806778,-0.8225196441816829,0.4749198737938048,1.5813759691714335,-2.031823556322141,-0.17047614898169622,0.4632803417903879,0.7802139722002417,0.31912734306903845,1.7614025499361152,0.02890659332579404,1.3119927903920974,-0.6463676703459691,0.05798294658884979,-1.2127150757988507,0.9008644405489943,point
-0.1204428626411764,0.357821062519898,-0.31336863128507375,0.5864285016590159,0.3974339738557521,-0.9946514299712064,-0.9367674325830104,-0.027768730341351775,0.6595739574066574,1.8628955531138476,0.302990856665729,1.0075314024885402,-1.6128509347641686,2.0129558494339825,0.6056862111291927,-0.049604511158779736,-0.1646960474579254,-1.1071997978589982,-0.8212867957201709,1.910435632133414,thumbs_up
-0.9890044382860126,-1.008267757866345,-0.7022204860755791,-1.1981807529612727,0.015306574845510054,1.0889105126652388,-0.6104923262720335,-1.3733242797608214,0.2918613130146538,-0.05577433767981306,1.0027245500816246,-0.45450829930227044,-0.26015677962667516,-0.14953036454326896,0.0890041105534821,-0.39256167735758984,-0.5546441080460088,-1.8503776848818414,-0.5653872091201171,0.7152232680817521,point
0.8502455193688858,-0.4711130235913006,1.299485998181762,-0.0287040717003548,-1.337846371815948,-1.6523840564542558,1.2182579226197263,-0.3730037252610738,-1.214064523072579,-2.259276171435535,-0.39571611087514297,0.40475085899636126,-0.6976911440462046,-1.0532451601338715,-0.5493757686067274,1.2431920191448558,-1.3929816176751906,-0.6417010304225171,1.2107577396175906,0.4941762894237535,peace
0.1791278137789563,-0.6484461354162487,0.030504814500427926,-0.5378290684533007,-0.859386131070751,-1.0800574753017402,0.7840955963724985,-0.06040613221613558,0.31451374380269603,0.15167318580140368,0.4409188278083594,-0.2547187899858918,-0.48165745105457425,-0.8152803293911224,-1.4139691334071136,-1.1220331706229165,-0.3654177211002216,-1.6030394844354783,-1.3822859041360303,1.0421398926351775,peace
0.22417948485379244,-0.45183672820352067,2.2715744589045603,-1.6482497187130287,0.9756112764618219,-0.11146608277941604,0.7850470229128118,0.10895371727080708,-1.8722450622452576,0.09546046755882846,0.33555585463959803,-2.191985298524414,1.9440482938018984,0.3112075941727721,0.6719877401364955,-1.1655293895763117,0.6906175221456182,1.0895044595630559,0.25356822813784585,-0.009371558520764512,fist
-0.8935881248984164,-0.21620691778332585,-0.5120295142592802,0.5719956373926842,-0.8498759251174026,0.5646507215035573,-0.8389855627296565,-0.2623525541600184,0.6160443970128167,-0.7037967199860439,0.6505364889776019,0.5529941576713682,-0.27095067337694356,1.1617832013557894,0.07778434197711431,1.10227652658535,1.7934649248771786,-0.2413010217013114,0.6449549840273966,-0.6375679253228755,point
-1.0328144095081981,-0.19545965738642843,-1.362600279749463,-0.9376077796473099,0.5914325993210678,-0.5136490154488385,0.7105140871218615,0.29941193801748717,1.8511540620191151,0.5243372855760459,1.1142180702793143,0.4018846631275464,0.3113935010780726,1.164733042113315,0.6687974658652647,0.21006361295742812,0.20565466592971773,0.538229311830416,-0.671373519459885,-0.7137994661386983,peace
1.4254059323729322,1.8644136638599977,-0.9288824584101658,-0.6689944324397042,1.1425228195041448,0.5335199931423965,0.6764281053209221,0.8966012948530571,-0.2407321617440756,0.32996992499018646,0.2521921506980921,-0.8584916002454605,0.31509094321570386,1.237710696149668,-0.33413323884336144,0.15256924874093414,0.206708916010856,-0.28466455043527067,0.6769012376943577,-0.6800656312549874,peace
1.332645518695934,0.6262055616322454,-0.9367686006728946,1.6980096848862534,0.16810146126159542,-0.7229475172350517,1.1045545249911912,0.49467151944802507,-1.7719597042340383,-0.5256603172438536,0.2790973372215437,-2.1595666776426587,0.08507008538739401,0.15797937270525989,-1.1834918823758225,0.2706448862599635,0.007463839125033536,-1.1912941058850146,0.9195605468628252,0.837853794767805,thumbs_up
-0.28973708685236127,-0.19858132339182377,0.7262639375953454,-0.20066314311180655,-1.9309082005201545,0.48693655739992736,-0.8132593207385084,-0.3898430544175937,1.4578705679514758,-0.13397847400879806,0.001734935873873215,0.5096672754635975,0.5053339438740322,-0.9191977673777834,-0.06029851553437441,0.036152527925827134,0.27202689662882695,0.28922194091661935,2.5874412287774575,-1.1758597705872447,point
0.9800916201979563,1.183375805833059,0.4927839739235272,-0.6503153948730749,1.6646680302676264,-2.191982864740198,-0.6832666972178264,1.1716821972228113,-0.3701116034225179,1.5964645248001856,-1.5118047446784004,-1.112101893948008,-0.5316381701269749,0.4173992775365288,-0.22202015038002296,-0.49039925256242106,1.420396431098524,1.5134449753891508,-0.4143797657075555,-1.7097678073296625,thumbs_up
-2.1574838291873797,0.23929011478035628,0.6559556222187976,0.06299778557854581,-0.07090810708075847,-0.8045426146940825,0.6549797939138383,1.67818537889891,-2.216877677335556,-0.07750118878771532,-0.9703483494136004,-1.4904659940538516,-1.129975870784416,0.3796728556844046,0.404962197591166,1.4602877611748,0.008781547145461293,-1.7582216298695785,-0.23816954237597165,-1.3863790722157838,open
-1.206795886422005,0.5805590584064954,0.19418090559442003,0.5875655954353307,-0.357492847271728,0.790529563425356,-0.41340289829011123,1.1166828327422471,0.3446389394715425,-0.20699687048461748,0.21209304417609687,-0.017860700974917706,1.596106515312923,0.24543762257878912,-0.001612672394508496,-0.2384908570507993,0.843184219245011,0.7079133390535047,-0.27384163031262815,-1.1556415146228087,thumbs_up
-0.9019681383783537,-0.18416253954219608,1.348927506119083,-0.25017662924691386,-0.5941236099655645,-1.7607193132486463,1.5135414356022965,0.56902814598146,0.7960099700058577,0.9616880519293749,-0.16473022875896323,0.08459063374753534,1.4886019419519942,0.17958088931913696,0.5875252900639945,0.8705507172005115,0.6429313324226437,-0.12816917026649377,-0.03388384281391958,0.7776404379759422,open
0.7760028599347263,1.1682325990194617,0.5510969833098386,0.5966056135920548,-0.44623336678444686,-0.5811495110719016,0.7806306743514945,-0.574185068016375,-0.020701003116861988,1.3790232409712908,1.220570292345089,0.3017888307971837,-0.2961395798337102,-0.12337891034350469,0.8676601410556147,-0.03649927744616561,-0.558282393010264,1.215774756407974,0.1816001391292812,-0.5772558209917463,open
0.47894018893263096,0.9712184131925081,-1.0076730647877605,-0.20045391335293464,-0.2466833675884122,0.45228716578347633,0.6320083228598582,-0.5514739112794855,-1.492751175906025,1.0317987545994007,-1.1199452705772128,0.27118420504387725,-0.13198089873068228,0.1624439052040752,1.6512339717068583,3.0382816136218285,-1.6334374113986085,0.9839061553329236,-0.15624777267764606,1.0478545137125523,point
0.9572630761791636,1.4097448071981633,0.2849649151626972,-0.8895764849550238,0.9276494887096202,0.1179975761440643,-0.23384321513413248,-0.47622388070496197,1.0063355691051292,1.603369492007377,-1.1953525586996343,0.6219522424789306,-0.3723871854226452,-1.4672723981921136,0.14770582076300817,-0.8331377801895606,-1.5777532278001976,-0.7817404722245345,-1.0277739179138536,-0.6466868530633912,open
-1.325884076953689,-0.3951401086262139,-0.7132491280839726,0.37561387714565736,0.5935389863983155,0.2601485767784419,-0.23544445787350907,-0.2624275956923146,-0.8370749874113654,-0.8129946594099369,0.7036038680787361,-1.7597025986504642,-0.0807249383129424,-0.32352906156120115,0.5991321013748925,-1.4250119834223507,0.01248070548593954,0.3429843413591068,-1.9047312186239949,-1.0743279728617372,open
-0.09178984681279126,0.5141469076343045,0.1824993111126999,0.5604542529498073,-1.0793725126406546,-1.5887503497280266,0.08450580575678937,-1.2293532382141148,-0.8653223260478031,0.9322783548263736,0.18909955676685122,-0.5681449052554144,-0.6980315046409635,0.6209215568891648,0.21197093564998332,-1.214556642322691,-1.9478237331009474,1.8818018326401498,-1.2224792253175578,0.5276965033001229,thumbs_up
1.5106929323381741,0.1475975688331556,-0.6004366764672047,-1.4260490416957121,-1.4400105363200304,0.37669484867638603,1.4509763229499846,-0.39545909670452917,-0.5557204621493641,0.6974810908111866,-0.6859472539047468,0.27448290762842115,0.04180145008551258,-0.40946805857805557,-0.015538158736520495,1.7631521146499791,0.6045329441009561,1.0925008042559785,-0.918694360920061,1.0959361476075746,point
0.639020475468985,-1.4995960965593678,0.5397907333710997,-0.5132741367946773,-1.5458036763256162,0.12977573232761952,0.5390425910626099,0.15160806864456286,-0.1091385848457553,-0.33058533845833193,2.466588009341556,-1.182569388528646,0.8729219823572034,0.015422970888983768,-0.8544665062670321,-0.04839905062857898,-1.3929326375886175,-0.5954904068068536,-0.04693432583560569,-1.5511170585991298,point
0.5063825384880583,-0.9637610409115323,-1.4517209580135524,-1.0804177358283704,2.1759541618354867,-1.9780641418688398,0.4361230887697904,-0.7516362710192865,-0.3501281715175616,0.6039309286803327,0.5548187148389204,-0.6806964191617907,-1.357824006633294,0.6221409737006393,0.5523771930093442,-0.2849695087881883,0.44194438380837825,-0.4458294809755354,-0.8270375650347882,0.003962181121075194,open
0.5190327410915175,0.30925026955243373,0.5091626800766724,-0.7605788732891259,1.5818811247582527,-0.3423808553386246,-0.11891565147659144,-1.3186559092178678,-0.1938551562972839,0.5322377368515171,0.7625106126926647,1.5619407371867822,0.5202348958254609,0.2769131957997032,-0.44629511151431916,-0.6617404082330068,0.9702485146681558,0.9510703517389086,-1.0770127008487727,0.7230958871534814,thumbs_up
0.6503836913958424,-1.1138088850141943,0.5404568047891768,-1.0495464594818074,-2.4292929676734887,-0.1601024136920497,0.25781470525498895,-0.1150708048831132,2.8671068171879743,0.37885122923497444,0.14714181929870035,0.4295913033140909,-0.44131900440009764,0.9294790620935388,0.36100194617710163,0.3151717038924908,-0.6241202228669391,-1.5643303264490933,-0.5013860890772907,0.2826338562598923,thumbs_up
-0.4446994797449462,0.29172716706737095,-0.2323618768563049,0.43057948462652357,-0.9768241258753142,0.1928900118850813,-0.640954146351397,-1.538282942130636,-0.16515412302837496,1.5363175738180468,-1.4585764078459824,0.11939225039419937,0.7975770632642244,2.3000306851444514,-0.4929329824466878,-0.632000604604313,-1.1666921959392664,1.1405163348462193,-0.8674143292390752,-0.37059643177535007,thumbs_up
-1.8489378773712553,0.883971842678526,1.1582582807780262,0.8457750635843653,-1.605325281353718,0.6071510407793064,-1.672670384724001,0.058040302064240386,0.2050775799837972,0.31018321810826505,0.5346365326374684,-0.008033603559272125,-1.9624295127285525,0.5351210087995322,0.0976081411277479,-0.9026197913712333,-1.5693974211366089,1.5400221859243586,1.2313005382906828,0.7059574073074546,thumbs_up
-0.6762999112347031,-2.5169955522115175,0.7646791754352351,0.36668677385507503,-0.3746623090721766,1.1248063066978762,0.8479975339628499,0.17609548823084945,0.035058417871113794,0.05096771759968127,0.6799398728347459,-0.8574763465429882,0.4259831217850366,-0.9205909444695907,1.3365551717522342,0.5321285715752346,-0.6882282616389296,0.08059582402974991,-0.8537863800280407,1.504112837700796,fist
1.6228759844712095,0.696223682562848,1.5566565676545774,0.15179594887250042,0.763512567174797,1.2247245219097556,-0.005743595515917001,0.07110385731734516,0.9336566014288975,0.6464979655959932,-0.7554607202010528,-2.186829371271469,-0.17552806259704828,-2.096914179225179,-0.9910173361055483,-0.8742869572003843,-0.5686423109401264,0.8204381441635414,1.0376795407302604,0.5087407198072074,open
0.6325069760618053,0.6561204563686461,-2.496829991220924,0.010197682007116406,-1.7964587211700052,0.5091394756715406,-2.093108147319697,-0.18043853535069926,0.5477697760195868,-1.117757948316312,0.9617159605132203,0.5066221699517468,0.38082469583790973,0.698001587510532,-0.3592000877666557,0.15191886375680877,0.010051572234199141,-0.01254894461614478,-0.6720310766470772,-1.2425321147227057,open
-0.33685834928947517,-0.3919479071942671,-0.7367309875168898,0.8520537818100243,-1.172206617855613,-0.1715091588912414,1.1663397115612522,0.9091293525995522,1.2162938850972826,-0.5907805773742271,0.7842881257277071,-1.0629703969781317,-0.2758739558165403,-0.18175581078019307,-0.5758402121980103,-0.3618139880845252,-0.49337592749735265,-0.9823938111016954,0.8564135060057914,-0.18245000287426927,open
0.20143654391728583,0.16377687119285475,0.05472642511002143,0.09280454605642857,-0.3054172200310214,1.418396868514863,0.7607447616353589,0.018382032771019827,-0.44705443596606326,-0.11882084272908042,0.41762151637174566,1.4999400925363118,-1.3730475446650445,0.6597747586417776,1.1267236367786344,-1.4867184699052318,-0.18115087673127475,-1.064517973083039,0.43052961167703435,-0.35835093235555227,point
-0.13013906688012547,-0.4110558072784743,0.7201634327682686,0.2290329605981383,0.23092676403965554,0.1606218250814536,0.572490880452137,-0.2619718548563233,1.7007747875409267,-1.2347947512185196,-1.7259184481696488,-1.8086805686085732,-2.0795881192924357,0.6731698148202521,0.5513676992826408,1.2077764917755949,-1.056638214705522,0.7454614547455006,0.056824062149305965,0.1665864991558592,point
0.6256228953496078,-0.7562817510624437,2.5872491354044875,1.3318803042753538,-0.5317059539953605,-1.0907380577233479,-0.08790416180469174,0.18225844358204224,1.0656152597083106,-1.168720911568326,0.2854869431991662,-1.529015024414789,0.4363575934111188,-0.10750422045805064,1.9366797622857632,-1.546002544219677,1.3706083814901049,-1.7038313351662184,-1.3272102744065042,-1.6770945584721653,thumbs_up
0.2503526084510541,-1.1736988107537336,-1.348331505280538,0.2027676016233806,0.4517753858746905,0.03984930415032582,-0.1622191490215529,1.8289096324371783,0.14583626624197032,0.8056914739222492,0.14292212568995877,-1.0978762882546842,0.5498876819020168,-0.6557973114697923,-0.09098613803923626,0.305402681893426,-1.941418066886643,-1.6095021238917289,0.9094591724975633,-0.663746446598944,point
-0.6163219891088609,0.16643839737082022,-0.38567259712186935,0.41758838164278955,-0.05112178873304408,0.19860295018044843,-0.7018583902422526,0.1935948232809277,1.105089086835444,-0.5677482161141986,0.9153183002721513,-0.051560318322649144,0.7344816559779378,0.1287713183531109,-0.03341092009792633,0.34972968207636607,1.213597562302249,0.23609729421507558,0.47853083090839754,-0.36848491357670143,peace
1.5708864739950257,0.6403371109296716,0.07770846002500614,-0.1226536722546745,0.9779082692731105,-0.6062040770452595,-1.782875016271333,0.07239959942445533,1.1900045731143436,1.591308811184674,-0.1072939434338799,0.04358766394178335,0.5195304325159551,-0.26434941886376495,0.5164059483911488,-0.08540175106826788,1.0113682571901796,0.7229805130978236,0.8102278323024328,-0.205317644802088,open
1.9259273205022611,0.4839119423794722,0.24729405348683148,-0.7609429805669716,-0.0970718201485539,0.11437976070263597,-0.7876772964243001,-0.2923171457690879,-0.1658000181030098,0.05592066092321825,-1.7627069900416041,-0.1352705407042644,-0.3773461830799317,-0.020884149624899602,1.035276566180256,2.0523954921212058,0.678377199644627,-1.2344221720663362,-0.3454069518325343,0.5959633088310913,open
0.4832904964290231,0.9873257354530744,-0.09735099429059582,-0.36350024436550565,1.7524240039160388,0.05867060336963758,-1.0166743760211148,1.475133657032921,-1.4960954913944449,-3.4950452224886055,0.7693867580375736,0.9107009710246312,0.41401294194469096,-1.3024560839920498,-0.0588698552423208,-0.2781685735538712,-0.5372890108923895,1.4120694308092794,-1.046666058631689,0.3161044531063998,fist
1.194046983662575,0.3814415253190378,1.2411183724953738,0.5637147224289293,0.4293496704920289,0.36683486883214705,0.6134432666501503,-0.38553909741226045,-1.3018738518727866,0.9540434114633092,1.161742300505766,0.2519788109060436,-0.5483756196343702,-1.557717116529638,0.0858070999233881,-1.3489503447179714,-1.4889875026379256,-0.020731528015692665,-0.7637695011880145,0.3453095561647705,fist
-0.1592956025618743,-0.60663456622261,-1.7049150807289657,-0.8528881258303576,-0.8161364900510906,-1.225307673514962,-0.32904429524238493,-1.1472519911746517,-0.16374274729121518,0.24041121366865606,-0.8261699543891778,0.42540862941858476,-1.3613578712477037,-1.1121773983962906,-0.11321729762476908,0.6870410918886385,0.8673995414892665,1.6123906221575592,-0.37658887481751024,-0.1275013186783045,peace
-1.032675529017987,-1.253766331991023,0.22857208632752485,-0.7758714994462428,1.2323792000172902,-1.4623857318673907,0.4863532058246964,-1.0057392388170292,-0.8204484667720836,0.5391120652520308,-0.6758804361079083,-0.5157840675199,-0.8121583635515687,1.7850297916134417,-0.6174863110800096,0.05155221743276316,-0.20191360028107427,0.2214170617242611,-0.6147369469659352,-0.20081723454165015,fist
0.39395200899393523,-0.8630071380029918,1.089321356628154,1.1854805190416324,0.6064926261587394,0.06987638359648339,-2.990601448204536,0.4242911326544627,-0.3913304052288644,-0.2462744114175397,-1.8973773305228165,0.4935884858741925,-1.4485810468269544,0.11842454599139433,0.9046574819098411,-0.46932818131755216,1.2160517252284404,-0.7469903782071803,0.6004330767310017,-1.3047857514585275,thumbs_up
1.0311304346805235,0.8759903825792899,0.4683579229637297,-0.39328413661381123,-1.402000623428112,-0.3906403152194575,1.1103071757481227,0.12996187156911543,-1.5530369295124498,-1.1247276394199412,1.2531514008522797,0.4879127521278857,-1.2340001207399278,-1.7658314961745936,-0.6250421346000665,-1.8513587079899194,-0.1558344900070006,2.451625371836304,-1.5969560756991719,-0.18602566320621514,thumbs_up
1.311926575331251,0.7490878583000953,-0.14874071479913828,-0.14634867016819725,-1.1559097824245792,-0.26765577000555346,0.24344071424013,1.1051135432740902,-0.620175623514756,-0.18983512806346253,-0.9492134807566824,0.22532517954050518,0.7837794503089633,0.6296480134298948,-1.1701870754423553,0.14686320945641482,-0.6773125282501883,1.0110500156528333,-0.16131272277353803,-1.5195133382410844,open
-0.21980270560773324,0.4584725691988813,0.24400606314279952,-0.5117960136519804,-0.5852733898711462,-0.9875043982163164,-0.39474962033530625,-0.8556789665258027,0.9700859861773148,-0.9011373907316163,0.1222844623622011,0.05430390332633274,0.9456674478849113,1.089368288958371,0.6959699432813283,0.3529283432901299,-1.048646146094058,-1.0688700877382575,-0.845690819764949,0.7519209996279153,thumbs_up
0.07332992825063586,0.8686572407355625,1.002802734320083,-0.7259519002992479,0.03207432755718716,-0.012993678683590195,-0.3277876896242152,-0.5348428545247115,1.1847555034110568,0.05197172671550086,0.013144788559767907,-0.8027776748685957,0.6752124304135045,-1.005107500838015,0.4549055288446821,0.4822293600551622,-0.4125150493235687,0.3176520811831798,0.1856695590444871,-0.039360624810149646,fist
0.012943980145232497,0.06178182319352129,0.12991167267204817,0.06024203134370657,-1.1038641902121418,-0.15221095100560478,0.2649486011968721,0.09728872853929155,0.9537502593951385,0.6200865894994544,-0.8704095350531359,-0.16662710805439485,-0.3113366534471879,-0.004348486627184031,-0.002981399838699799,0.6115216692398487,0.17732836314114375,1.2305450052085505,0.24100313766236015,-0.8305905203372766,peace
-0.46728062016821964,0.6037890707317585,-1.6141682645056854,-1.3458804147600452,0.010697207125230437,0.9509221185211658,1.3070354319548776,-0.21710574702177146,1.060828686985884,0.07226790976889787,-1.5314149822432306,-0.008076536478369603,-0.6189081246215511,0.9182308804777409,-0.025675260354486758,-1.2779131065564704,-1.4997148109085592,-0.02097995741445105,-2.4202174714597056,-0.5181652898279008,thumbs_up
0.23103032574284177,-1.057016504055358,0.9939871569053297,1.191006549750692,-1.0167009527519517,-0.29804417419648666,0.9946931513214714,-0.0013075342550890683,-1.3944785780990199,-0.14332106856435312,-0.8529283222958393,1.1081978964258854,0.6059320943245888,-0.31375694526562803,0.14214801253004053,-1.3081215769724863,-0.7537774585576116,1.553279187692493,0.05351465257966726,0.930085804791365,open
0.23201308840802834,1.3142818430295244,-1.9988375325992198,-0.18821758401900646,1.6447816462163891,0.9561734355606442,1.3253722587901913,-0.006764593656490827,-0.5371064154133834,-1.0271644596879284,-1.0969280916615103,0.8070605622085191,0.513211050420852,-0.06657344933036004,0.5081906548516807,0.14245175905206084,0.9622177013994835,0.9526867549081701,-1.0658741004848424,0.2736459874697901,open
-1.6688667501940821,0.13302073809059622,0.6043042797015853,-1.3137193447931608,-0.4164627354608322,0.009526377219802219,0.2339149163733896,-0.2786037032248349,-1.172288152404672,-0.05400720191925828,-1.652243566940978,-0.2326414366821449,-0.4413736136969297,-0.13426567343942075,-0.5593219774756829,-1.5076808381562004,-0.36634332058951224,0.9308201250373191,1.2614608039888047,2.4393342787192664,fist
1.691650408397664,-1.1969379266681042,-0.40843760127265955,-0.022785634837776975,-0.08555983423369973,0.06953332989622589,2.4075914215475587,-1.0820515457923974,-0.7135311362142988,1.643825930089093,-0.6159813430848522,0.39358065033571576,1.0346573698682087,0.4864990167320297,0.19176563310249223,0.9386107696939839,-0.8930685565049704,-0.4963631294960013,0.5356375884651636,-2.069439259214251,thumbs_up
1.4165838233446926,0.3033923751977811,0.1530317527811502,-1.6305128776410573,-1.286609125399738,-0.39858366430086173,0.8074298502955989,-2.0766160121985853,0.7883648007773563,-0.3600313241083667,-0.22342347274165192,0.2535929416908065,0.2693172378464116,-0.7124285899365972,0.6249100884688427,-2.3193981398964385,-0.45041888656765466,0.15368176317690393,-0.34494931521447475,-1.8269103039659818,fist
0.7580273787604709,-1.2483878121270522,-0.06751400752828958,0.15303459706762285,0.019827153765367127,1.1690109258638153,-0.05326255999368678,0.42745540469694027,-0.055904033151241074,0.6129560841662747,1.3934952970475232,0.1375418294721938,0.7818503575829996,1.4553289348821974,1.3571842469742714,-0.3852894036112106,1.0364323557451673,0.24877116004719282,1.1172299977339137,0.5686345835629499,open
0.27566807603618804,0.43397208034635437,0.2552379560389313,0.2943330451365102,-0.1588323605819089,-0.25172434060751725,1.7631749293726693,0.477527911111184,-0.5733049222313997,-0.27741743142964365,1.056258453447951,-0.7361867100886195,-1.4820276818110107,-1.4084491406020445,-1.7289756002047878,-1.298814858264458,-1.1808659398008103,1.3852373796081388,-0.0461792126592684,-0.3632635391367173,peace
-1.4434130630185737,-0.14312639747134004,-1.7373280625641925,-0.3694171712863648,2.064494389843675,0.663803578706365,-0.20979816035453064,0.6981236054063564,-0.5215431781275682,-0.8006777428791878,1.7041296295328423,-1.1422746539202735,-0.35412123567735054,0.3060332823635102,-0.9362342057574482,0.6506049536314097,-0.30659452464225245,0.6639103275668566,0.5859841797505183,-0.2430121306258299,thumbs_up
1.7106586725909851,-0.6653358034334415,1.348870470548737,1.1749332426280408,1.77088220766044,0.17405603934302077,-0.7885857119279899,2.076796585329547,-0.3347014679763642,-0.8135425727055355,-0.1897867459048128,-0.9816907161570776,0.5261488251233458,-0.6056683817585125,-0.28748416990487213,0.9677788616649623,0.6236932101761915,0.015584572569658653,0.17087352874698206,0.01225543063154155,peace
-0.43115506641736445,-0.002526660847787268,0.4908416254929437,-0.1261621289788396,0.41976763023027386,-0.8366687784230472,-0.6038936511457048,-0.7343205032739754,-0.5651313717924064,1.2871810467060911,0.7260387931103602,-1.0769231186843455,0.437498296408455,-0.39058231264857,-0.6823845854715656,-1.485739465722507,0.9719186938202443,-1.3638631496671385,-0.051963178009874454,-0.9463112457248688,thumbs_up
0.7758439470699247,-0.33435182631395055,-0.1344626555203447,-0.10073426293003278,0.30257033493578345,0.013004763983309435,-0.043273188961116336,-0.5184019752547779,-1.574729373342093,-1.1185509595418555,0.7184797386806455,-0.30581946332629767,-0.6640097777224797,-1.405728144418045,-1.7196471400903521,-0.7032068801281984,0.8880528540452571,-0.5570701936223185,0.4004855252414476,-0.6030598293979578,open
0.6388666960288489,-0.3517508018086691,-1.2318842455504964,-0.2689530678994436,1.8340004182804073,1.7898843155508546,0.48653330277936463,-0.1370588154137025,0.30390180209508344,0.3168523387332896,-0.039886752367101534,0.440944019922617,0.20822686215356342,-0.31597238536431355,-1.195256799383643,-0.46005924222016575,0.7995188490735968,-0.03146222449536458,0.30028689158750516,-0.2830155277044124,thumbs_up
-1.0595975050106248,-0.23862971487182286,-1.0224559007493514,-1.0862891736035514,1.2056366088694095,-0.42008600493421644,-0.7414847254600336,1.6179596843809054,0.8149850354042416,-0.3715092255018381,0.4276363255523683,-0.23578831826070276,-0.6926796792795997,0.47469122448500445,-0.32430188532020293,0.07549800899940326,1.0213632348996715,0.9112131037953766,-0.5500932918560765,0.48603160228708603,open
-1.127856246145756,0.4504141613157049,0.14849530580110562,0.3789793623634307,-0.29744475464423265,2.08407127365249,-0.9012997076203142,0.9715517109684616,-1.0316983197683316,0.5043441746293211,0.5757899772517827,0.054975871562285256,-0.4953244105437042,0.14113489074529878,0.26701033343017444,1.7899364863062825,-0.8723402853002961,-0.5559134963140018,0.2847355570693363,-0.2560537903952518,point
-0.10004103773060016,1.0703518353637607,-2.820266503429235,-0.5979493450178113,-1.7423692262512493,-1.1958164369040705,2.40462449207247,0.5981681339527561,0.9515649250581041,-0.08052964978643137,0.7587138248319099,-1.7665645075202492,1.0382984117696008,-0.8198441185598999,-0.5313158193259131,0.5051510704546522,0.3164467585822151,0.08462004839354878,-1.3630961535803188,0.09981366882164183,open
0.9605613534832284,-0.532487096099794,1.3149370453402958,-0.8726919359140094,0.006547891718373756,1.5353277333766129,-0.6813999126996095,1.0539854833770739,1.9746523622218093,0.17104406892415022,-0.5270169873833069,-0.7727388029500236,1.3046027033473253,1.276694199339649,1.4493091228686754,-0.032838350655947084,1.037806941527105,-0.04883939112607021,-0.8830551216083591,1.124176785112353,open
1.6338702782782046,-1.0206019727813198,-1.03943096290067,0.03998193423012464,0.956128605741,-1.1338191937539535,0.22701573695590588,-0.5904269540597518,0.7008290998250021,-0.7978868214958904,0.7718030002741793,-0.1582148108177082,-0.9371405236810427,0.06368995542688848,-1.9379733144883526,-0.5590945721049398,0.3374010703246616,-1.7717547790318953,-2.5711368531054113,-2.3393673198131673,thumbs_up
1.32712855550037,-0.07675901276272937,-0.5324653940071872,0.9451547356668297,-0.40444968246911106,0.268461899866732,0.025755350923262824,-0.47099942075297796,0.2941458838891059,0.7732612214201445,-0.18490661701698782,-0.4605555731546149,-0.3425124079994532,-2.2979125327857317,0.2830595465089119,-1.2091112889885514,0.629718724118924,-0.09042410067529387,0.10512109653044063,0.7003291706062024,peace
-0.9265237663409348,0.3692484433509569,0.2676210525626648,-0.18478083264279324,-0.9281862007635379,0.5952383640551641,0.7034545444193161,0.11360202597788406,-1.0703024157146448,-0.5274490329254542,-0.06033272242006658,0.6884945499820935,-1.5834894011131166,-0.5638034643043767,-0.40267255994220236,-0.08322157940302932,-1.3013252840248468,-0.2175327783733332,-0.31048356431258967,-1.0375918714896566,open
-0.11796758416868414,-0.5411690967855018,0.49558614250970723,-0.8853275610043386,0.08983412212845515,-0.8083888372292681,-0.5997542381588126,0.2972916277054057,0.23471773284215555,-0.4170221825783604,-0.2694106183326679,-1.453606445109524,1.4027643105807002,0.6874563978780281,0.6514480508711067,-1.5950322169562152,-0.5954899924892867,-0.33454602892362273,-1.9310614920340123,0.8899500960760867,thumbs_up
1.4538844885481361,2.061934956003614,-1.0458838275177365,0.11732349683427376,1.3228182691504213,-0.25361847894695383,-0.5669879138426778,-1.8660176735444909,1.1326224577717492,-0.019260756073364933,-0.7293418589630624,0.28385728982886005,0.15300537317866494,0.1682591023545915,-0.21709806232667525,1.6223581587633655,-0.13365973326242211,1.6193220763233047,0.5641169264001977,0.3511701427617313,open
-0.11327475327815528,0.9739566935459205,0.11299176757799528,-0.9321312151135317,-0.9654921909980355,0.42248462193427205,-0.9073788851664958,-0.06223105697249944,1.0571845385510912,0.3039701778943337,-0.7221348703287477,1.4099875116161396,0.5478752369947015,1.0177929872040894,-2.2675583432093025,0.3308528782627462,0.8421578363798933,1.7002886422979921,-1.4638185841510416,1.2061145891945328,fist
1.6443802857012446,-2.0172889772789793,0.47859110986974274,0.6176208143407019,-0.3270076626519062,-0.49009446006628976,0.6678539132878224,-0.614981753410632,-0.21724932841809785,0.8124349008239216,1.7540430503268643,0.5379842725420181,0.13348449541451154,-0.5163974846607704,-1.0106000406510562,1.1095782415009494,-0.1534498511268846,1.1507032746667285,-0.3295518779954617,-0.6492886613610113,fist
0.420798888827516,-0.07653593926840017,-1.2055286046107376,1.817368329781848,-0.6269837737716375,0.9275915211742136,0.8418566293964815,-1.2594627649143568,-1.0023876446164846,-0.30150933970012783,-0.8656465445783166,1.7264563718786883,-0.20017563679851152,0.8897490428140682,0.5136373890002042,0.26402244899635335,0.040321210739587866,1.237130707788697,-0.8250929733350166,1.7263353104565862,fist
-1.287223180504095,0.7815117256224239,-1.4051638599397827,-0.3157055522269598,0.09330993806096685,-0.4866953488295139,-0.18166956961689104,-1.3869704479307934,-0.9874504687235515,0.49826470719588245,0.029671824977444982,-0.6905280258215071,1.3242777631296714,-1.2199308999902159,-0.3615904658640628,-0.5056562781784717,0.6150376277610444,0.048163691137194334,-0.10816524653459693,-1.844216703867239,fist
0.8650344806320929,-0.21782581483173696,0.11566101761041994,-0.7485632200938773,-0.9058287628170728,1.499287758475687,-1.7732385782624127,-1.0541990277827717,1.4804921526690804,0.6407463809986538,-0.3254625317424196,1.2465963142886531,0.44686011639600887,0.23266009197441945,0.22556201710241766,0.4652382172144937,0.5056925012974529,2.195973052895957,-0.1948928116726721,-0.16404718814820396,peace
-1.2368931875707139,-0.05189738682101813,1.862886899544819,0.9844850024346564,-0.5436677438753278,0.03004136452128492,-1.2964383755849946,-0.9691193442983064,0.14944115261371754,-0.49445460282045284,-1.0445997893784182,0.4898407647378922,-0.0822500866533239,-1.5675503716910393,-2.075146966167788,-0.5700114985742541,-1.5882651434415278,-1.8689114064706538,1.1289692014020853,-0.09771088986529282,open
-0.2654463782255031,-0.18840581615074903,-1.1378321507929698,0.41097616501416834,-0.1307003267325405,-0.7574086559794119,-0.6076286845249997,-1.2274587132122954,-0.40624287290183475,-0.23962788078251399,-0.4322833291299641,0.05515455734158626,-0.07851170476175597,0.2307685386646072,0.9430970369215944,0.5930234772130807,0.9545898405103357,-0.8477342298262288,-0.5086148940886572,0.6535966839459677,fist
0.6714776714320864,-0.6786206175368819,0.6115839257817424,-0.9435321166459417,0.4810557241417938,-0.026296200865641,-1.3844356039063366,-0.434073821759407,2.1822678096954933,0.20278036280499484,2.30044997671826,-1.4439265298750363,0.7507417926638422,-2.5343361918071157,-0.00023548491478317415,0.631217377651321,0.8378900949962763,-0.799269724580413,1.039090421976736,-0.5337147600446945,thumbs_up
-0.16409725111239673,-0.43332221935663384,-1.1363893507323315,1.5697195874208587,0.04801781715807684,1.087318378658628,1.0447112417646005,-0.967940214272983,1.2161272476716014,0.5034142435493226,-1.0409018644728891,0.44885083134150466,-1.0229678848680677,1.6064583679786404,0.8137867449220965,-0.07114856219103526,1.2648036182171838,-1.5819876447035377,-0.7493413001200414,-0.25241972174037147,fist
2.235684681425518,-1.0704829008734056,-1.7073059417406735,-1.4443855144982707,0.9062158692056012,-0.5941922705388568,-0.15908666436861338,0.7628326416744843,-0.15808462795791162,0.20414660450805558,0.5352151476096952,-0.43067639196021534,-0.166317059929684,0.24195540232101154,0.8681792730532202,-0.7923692641806491,-3.0205759218297796,0.6795831493856468,0.9277159187500846,0.20003416213017194,point
0.2682932189565357,-0.5643098941401705,0.5001834215349241,0.8531668196841885,0.05649634141848441,2.491248330007266,-1.5637410876713795,0.162961670856347,-1.1743529623173146,0.87984592395689,-1.5814754280421814,-1.3339215427176985,-0.6331869405492045,0.2658321698553995,-0.5954713886616172,-0.5854412625990931,-0.18089045492608516,-0.2422401590615062,1.487449388318524,0.685911119668968,point
-0.3245767397846441,2.097011911213614,0.49166117485600924,-0.9689620553135486,0.2565137399918442,0.5355125448653145,-0.6876247190613484,-1.0525089108060393,0.086459090042442,-0.3602217713060356,1.4791278884554424,0.7411558240849149,-0.6407752740865805,0.42593811094858863,1.2671281427247396,-1.39380444589965,-1.0227782409877522,-0.011168617279531112,0.03560196790503425,-0.05219750546286038,peace
-0.3107771787876778,-0.3260603224520199,0.3842581368216289,1.133942553639173,-0.4809527296884268,2.438399345170654,1.9606914357403167,1.3292556295800815,0.6224833345615618,2.007988106470156,-0.29011536499940843,-0.8326044119902345,-0.5259720594039843,-1.0029428030900815,0.12180132231336971,0.2998304641277433,0.20083983868110694,-0.012431352181799788,0.13315452817161547,1.7363238088498891,point
0.6200518676390839,0.9225087966048213,0.19078993668678795,-1.6155886984680774,-1.8138824704695111,2.082809990208515,-0.5318222752312214,-0.6167513441519322,0.24566324137724918,0.5504029783299276,0.6768621373344127,1.774418532880004,1.5007363826579414,-0.8109332246388214,0.9687345734217893,-0.38409091821079866,-0.13750874443077665,-1.0939892059513625,-1.6930728538314095,-0.03156171263228887,thumbs_up
-0.9559819161112457,0.9278136785720363,-0.2810782435201214,0.3085902189498734,1.3675257539154317,-1.485295181782108,-0.7246173885496873,0.18088362456584986,0.3125248158232605,1.1034975012723258,0.867153129040598,0.09693362573073926,0.3034046705972552,0.33107589099048995,-1.4697123646737555,-0.1563754773549615,0.2484732179970922,0.45855085878510643,-0.9243634400641593,-1.268797912528891,fist
-0.23453259251808048,1.967366111091494,-0.8192475127286687,1.1739282473548094,1.58473964304512,0.04546652623319363,-0.6798479346534511,0.5128195636582255,0.19499029209949587,-0.8591039801903084,-0.6588028263717759,0.4535798521453311,0.9334404081685476,-0.3227902013153876,-0.06913356488805313,0.6686385705110801,-0.17248688417393548,-0.29932697329588437,-0.7553408197272258,-0.7726846233740311,point
2.6688827582232557,-0.19620166007908182,1.365058321512224,1.6839933375190708,-0.18358228949315925,0.36842980843476897,0.1024784820330321,-1.6121823506586768,-1.5519730122481623,0.04884846690427288,-0.42491353860859626,1.89158033839359,-0.23657293869461854,1.9509289970681247,-0.47639139613554427,1.9122004206089338,0.5064244969473461,0.5632918957711972,-0.5117639567336494,0.5769171804036888,point
1.6927134330812508,-0.14482749406013753,-0.3393968153666179,-0.24676253886008834,1.620111605006437,0.8553512070010864,1.4476799904711186,0.3136227104842696,0.03931935677783195,0.4239440390706323,1.07015853441254,-0.24711824258786486,1.3686769933567864,0.3658305570658767,-2.4062781380301783,0.8834934271051945,-1.2723050132619824,0.8591727606739874,0.9015179982381663,0.32989259738120824,peace
0.5436808988766937,1.0988707878439867,-0.49562767381072753,0.7934296597024786,1.1630233029570363,1.7600825975384784,-1.1057802860597032,0.40851606498776816,-0.9614891990614646,-1.0039220177014978,0.3590277724059801,0.07745581479613853,1.1450014785219849,-0.34617644959420923,-0.1340514361970109,0.21150426233818476,-0.861828851436456,-0.723069845015931,1.1160986657725531,-0.5489550412811088,point
1.1824765664496855,0.6073125806682945,-1.5475310254889354,0.5303786918377881,0.5224798230941273,0.4229286085112854,-0.14187672638301077,-0.9400674553918519,1.3462127661126204,-0.1015795887228356,-0.883406160335368,0.45746868608800834,-0.7427799707332572,-0.9490860282851212,-0.3754726122024387,-0.6653977643180745,-0.9122422519845744,0.806411762261759,-0.11382781446239938,1.2522799455158922,fist
-0.8545094777299357,-1.727561037636336,0.14877034924941623,1.8559789218064155,0.5309868293620021,3.2153741962128324,0.3320591209490886,0.23555221128809037,-2.1553626710579175,0.42794744058852835,0.16866776001929132,-0.40742119820453704,-0.1367788670590703,-0.06810057434217907,-0.17992915293206393,2.089714963125961,-0.37086202780500893,0.16931372385385732,-0.4039010833862068,0.7834311866438803,open
0.17676369997220687,-0.2799105731704815,-1.9259679459071828,0.24330822528875026,-0.30957627357975087,-0.06074065688710121,-1.1824579472453334,1.4332821727201956,0.856743175843872,1.4307059976406318,1.1469793007809541,0.5923173021274616,-1.1422825087264428,1.8433871640718587,-0.9276351508875105,-0.26840762407496166,0.706902280626921,0.756540787187405,0.5722367269445582,-0.4002884813290898,fist
-0.6069316273554748,2.5345325686061364,-0.03931393849983351,-0.16177138463883597,-0.7135564909387535,0.24467034907095767,0.19802280057807073,-0.016226208704295298,0.38172664678788615,1.7635375024423534,-0.5950527062908985,0.04308374220212008,-0.6478484525505558,0.2946983608256279,-0.568469501374419,-0.5254429914341896,-1.459523374055626,0.09779478281967469,0.42976962190497714,1.8604763531922952,point
0.46950248118984517,-0.4496841232973195,-1.3596790876860898,-1.2212870056654783,-1.2956283394719723,1.8780420354493812,0.28781049692636984,-0.5829662192618927,-0.9598596051532643,-0.8561078403939216,-0.6092993945063785,1.3162552162551524,-0.029943447057749532,-1.447466417273949,2.3104592747303716,-1.1401611393658972,-0.5908353099238673,1.310144387633882,0.4151496326090667,-0.4699229996242097,point
-1.2313669260938347,-0.9666901089250267,-0.9064961190764659,0.007031797849549579,0.19106181728130361,-0.14865462863134246,-0.039213813924329335,-1.0507231951943208,0.2931361062238891,1.2805186368369963,-0.16279168174956857,-0.1822867064294734,0.08300105205284822,1.1182048597593914,-0.8947229994386405,1.4508473357321354,0.4212222394352376,0.028680695698867664,1.2132388366643199,-1.1820620738764558,point
0.5220455362447083,0.4303095645066175,-0.9354550643937929,0.460638122953821,0.2833051793804862,-0.1787381196899341,0.8628175552303327,-0.5717542523576646,0.270321245843369,-0.13167378245531886,-0.6146968230076675,0.5028846851187714,-0.20773574734915148,-1.4730064587095468,-1.8010661047179843,0.7890574680832019,-1.2206001072268307,0.2793844934006062,0.05495189362815036,-0.3685317769708997,peace
1.9566684572153399,0.17967401846044603,0.7556334826820653,0.284816215339809,-0.23153942311748107,-0.019088750235941546,1.4585427656604837,1.0881052926004298,1.9519864316886006,0.2216420929728839,-0.8769370657007479,-0.4405169443598121,-1.1877781917985912,0.7670441288752773,-0.5859163160772481,-3.0553179463195104,2.4637756983299304,-0.5706011384883154,-0.5765909254858096,1.6716116926603666,thumbs_up
-1.2082514507975155,1.1366058865331667,-0.5874424434240215,-1.323795444596859,1.7057177613781362,0.9230969470625273,0.9200009845150428,0.3676555467887745,0.5991016330776804,-1.2321580247480433,0.1116108572446605,-0.928763000450845,-1.3889405190630546,0.41095333070803153,1.1581495556595445,-0.38336882422806395,-0.21201289233454176,-1.1381506450830399,0.00721714608789781,0.7600761123884141,fist
0.791527736727773,0.5451761756309323,-0.6184311671945354,-0.6501290434271516,0.7954044732409332,0.8119989322167313,-0.1719949854318929,-0.4261719075656856,1.1672470934456998,-0.3599486648132468,0.7459322245237815,-0.13684317485809858,-1.047532781037,1.6123121400237026,0.12006389573147619,-0.7107439798880834,-1.390805667775204,-1.2900007982368336,-0.37291140409460116,1.9251288835335925,point
-0.5846618786742426,1.4474548323462046,-0.13076366860308403,-1.1811503911016823,-0.47321118845039606,-1.280987923737443,-0.8559684519638542,-0.8857480618759175,-1.9038038674812663,1.5127960688147262,0.21101703022228158,-0.6862784056181018,0.22175774643338916,-0.8354803936420617,-2.6710619653697556,2.9566916332265496,0.18959987667705955,-0.5890130393147649,-1.9339148116774332,-1.49414979514256,open
1.6544919295549054,1.5019385487984669,0.7532150359989478,-1.1150770384098139,1.5099739879770104,0.44978261794435254,0.6549244483515344,0.4461709444432463,-1.5069871846261038,-1.1981609507468876,-0.5102181664083618,0.6436397075331132,-1.3804320822431462,-0.17534641494419065,-0.17660951016305085,0.7927396893275777,0.6746715356076624,-1.010225929052133,1.4466861694873017,-1.16323982875029,peace
1.09223944190075,-0.5501448983483982,0.16392595343337207,0.22598746010430507,0.1977074407087954,0.6744991984345704,0.39145949793353263,0.7836491298705383,0.46461996034513564,-1.2644552589258438,0.26979907455798763,-0.5638699025053332,-1.1092624779072835,-0.28983989267729987,0.1832355990350907,0.24967502798778463,1.056024745140268,1.3073091189715773,0.3362808307573559,0.5171063770094092,thumbs_up
0.09530903317565519,0.7672254636495847,0.4869881388370644,-0.05448809385780392,2.1519825670043002,-0.5461833634418188,1.4544569567083374,-1.3542929263269372,0.813616536451455,1.4365683517268375,-1.9072190710079198,0.13895057305509406,0.7154140412440437,0.2519636041280662,0.37815593560696337,0.13622316237666343,-1.094247826361592,2.368045592155442,-0.5035378633157992,0.43416123877890517,point
-0.6468396770854272,-2.2758631900206985,-0.9245128737489688,-1.447606692275138,1.0915675392244895,-0.606868016044455,-0.514091339179963,-1.0643307126037362,0.09403539871510253,-0.7164585163612808,0.9923547312467885,0.30203932308916087,-0.571825785724448,0.8502330518370192,0.007940523023238076,0.02149690568995103,-1.4626349037319257,-0.07108613278531384,0.3215446393179984,1.3335668221983452,fist
