text,intensity
ok great ok horrible ok terrible great great amazing,-0.446
bad horrible terrible terrible fine great great bad fine fine terrible terrible,-0.323
terrible horrible terrible amazing terrible terrible fine ok good,-0.283
great bad ok horrible horrible terrible amazing amazing terrible,0.796
fine great amazing great amazing amazing terrible great horrible bad bad fine,-0.998
fine bad fine great bad good bad fine great good ok great ok,-0.796
good fine great good terrible terrible bad,-0.443
good good good fine bad ok fine,-0.901
amazing horrible terrible great great amazing fine horrible fine terrible ok ok ok,0.195
terrible bad horrible bad great bad fine good good good good,-0.887
bad good horrible great good horrible fine horrible,-0.428
terrible amazing fine good good amazing terrible ok ok amazing,0.333
ok fine great great fine fine good,-0.117
horrible terrible great amazing bad amazing ok fine great fine amazing terrible ok,-0.5
terrible good bad horrible good amazing fine,0.637
bad great bad good fine good horrible amazing horrible bad great great,-0.452
ok fine ok terrible amazing great,-0.582
good terrible good fine great amazing,0.411
ok great horrible good fine terrible bad fine,0.646
great fine great terrible amazing great terrible,-0.51
horrible terrible ok horrible ok good horrible good ok ok amazing terrible terrible,-0.697
ok fine ok fine amazing amazing terrible fine terrible amazing fine ok bad amazing,0.086
good amazing amazing ok amazing bad terrible amazing bad,-0.176
fine horrible great horrible fine fine bad good horrible fine,0.782
fine amazing horrible amazing terrible amazing fine ok fine,-0.416
ok good ok terrible ok ok fine ok bad bad,0.41
good good horrible bad amazing fine great horrible bad,0.923
good fine bad ok amazing ok amazing fine amazing bad amazing,0.142
good bad terrible amazing bad great horrible terrible,-0.539
horrible bad horrible fine great amazing good horrible amazing good ok bad horrible terrible,-0.015
horrible ok ok amazing good fine bad good great bad fine bad great ok,0.6
ok good bad terrible amazing horrible terrible good ok great horrible fine fine,0.285
bad terrible horrible fine fine good terrible bad great good,0.092
fine horrible ok great fine amazing good good fine terrible horrible horrible,-0.972
ok horrible fine bad amazing horrible bad,0.424
horrible great good ok great fine,0.645
horrible great good good good fine horrible,-0.598
terrible ok ok good ok,0.229
amazing good amazing horrible fine,-0.474
ok great ok terrible horrible terrible horrible amazing horrible horrible,-0.921
amazing amazing amazing ok ok terrible ok terrible good ok good,0.473
amazing horrible great amazing ok terrible good,0.252
amazing terrible ok bad terrible fine,0.522
amazing amazing terrible ok terrible bad horrible terrible bad terrible terrible bad bad,-0.566
good fine ok good ok great great ok horrible,0.92
ok horrible great great ok fine fine fine bad horrible ok ok bad amazing,0.592
great fine amazing ok amazing horrible,-0.24
amazing fine terrible good good ok ok fine great horrible amazing bad great,0.279
great horrible bad bad great fine bad good fine terrible fine great,0.497
amazing great horrible horrible terrible bad amazing amazing,-0.491
fine terrible ok bad amazing,-0.679
fine terrible terrible ok terrible good amazing fine amazing fine,0.463
bad great bad terrible bad fine bad fine fine ok bad good fine,0.05
great terrible bad amazing amazing horrible terrible horrible great,0.777
terrible ok good ok fine ok fine,-0.863
great terrible good ok good terrible amazing amazing great terrible amazing amazing,0.913
bad good fine ok ok,-0.394
fine horrible horrible good good ok ok good horrible,0.39
amazing terrible fine fine good,-0.939
bad horrible amazing bad fine bad terrible good terrible good great good bad,-0.984
terrible horrible great amazing amazing horrible ok good fine terrible horrible fine,0.817
great amazing ok amazing great bad,-0.185
terrible ok bad great great bad great ok good amazing amazing fine,-0.77
horrible horrible good terrible amazing amazing great,0.491
fine fine amazing terrible good good amazing fine terrible,-0.488
good bad bad terrible bad terrible horrible horrible,0.931
good amazing good ok horrible good,-0.135
ok terrible fine terrible bad,-0.915
ok horrible amazing great great horrible good ok ok fine horrible terrible,-0.18
good great great horrible good horrible ok fine terrible ok amazing,0.005
good fine bad horrible great horrible ok horrible amazing fine ok good fine,-0.025
horrible good horrible amazing ok ok,0.812
great good terrible ok great horrible,0.775
ok fine terrible terrible good,0.651
terrible bad good amazing terrible fine bad fine,-0.821
fine great amazing bad great fine bad amazing,0.879
amazing horrible great terrible bad horrible fine good horrible horrible amazing terrible bad horrible,-0.443
great horrible fine terrible bad fine great good fine bad,-0.902
amazing ok bad horrible good horrible bad good bad,0.995
terrible terrible bad bad good horrible horrible fine amazing ok,-0.874
fine bad great ok fine great ok fine amazing horrible horrible bad ok,-0.878
ok ok horrible fine terrible horrible bad amazing terrible good,0.606
bad terrible good great amazing fine good horrible good bad bad,-0.86
fine fine bad fine great fine good ok great fine terrible good,-0.084
ok fine bad good ok good horrible great horrible,0.41
great ok fine great great great,-0.335
fine terrible amazing horrible good great amazing good,0.33
ok horrible good horrible bad ok terrible great bad terrible great great horrible great,0.912
fine horrible terrible good fine bad good good good horrible good terrible,0.989
amazing ok amazing fine amazing good bad great ok great,-0.001
bad horrible ok ok bad good terrible bad terrible great,0.521
amazing great horrible amazing good,0.313
ok good horrible bad ok good terrible horrible bad amazing terrible ok,0.835
ok ok terrible great ok,0.863
ok amazing bad terrible terrible fine good good,0.153
fine amazing terrible great good ok terrible,-0.393
terrible great terrible horrible good terrible,-0.754
amazing ok good great horrible ok terrible terrible fine fine fine bad,-0.285
ok ok terrible terrible great ok fine good fine good terrible terrible,0.393
horrible ok fine amazing bad horrible great good,-0.202
fine terrible terrible ok ok great terrible,-0.959
terrible terrible ok good ok amazing terrible,0.193
amazing terrible terrible great bad terrible good terrible terrible great great fine bad fine,-0.176
bad bad horrible terrible fine horrible great terrible,-0.494
bad ok amazing terrible bad bad bad horrible,-0.314
great good good great horrible,0.387
fine terrible good great bad terrible great,-0.928
amazing terrible ok bad terrible fine great fine horrible amazing,-0.216
bad amazing great fine great,-0.847
good horrible horrible amazing ok terrible great,0.428
good terrible horrible amazing great great terrible fine horrible amazing good great amazing,0.987
amazing fine bad horrible bad horrible ok fine great fine,-0.249
terrible amazing terrible great horrible amazing great fine amazing fine ok good,0.716
amazing horrible terrible amazing fine amazing bad great fine,0.741
terrible great ok amazing bad amazing amazing amazing fine,0.425
amazing good horrible fine bad terrible great horrible amazing horrible fine,-0.762
bad good ok bad good good fine good terrible,0.506
fine terrible good great amazing bad horrible good ok amazing,-0.152
bad amazing amazing fine ok,0.496
terrible great fine horrible terrible horrible bad bad amazing horrible horrible great ok terrible,-0.389
ok fine amazing horrible amazing terrible amazing terrible bad great bad fine,0.873
amazing terrible terrible terrible great ok great fine great,-0.884
great amazing great terrible great amazing,0.931
fine ok good bad great amazing,-0.322
terrible fine ok bad good amazing amazing bad bad good ok terrible terrible,-0.606
ok horrible terrible ok bad horrible bad horrible good great fine,0.194
fine terrible horrible great terrible fine amazing,0.05
terrible fine amazing amazing bad bad great amazing,0.724
horrible great great fine great good amazing bad,0.604
terrible horrible fine ok fine terrible ok bad amazing amazing fine,0.161
bad fine horrible great bad terrible great ok terrible fine terrible fine fine fine,-0.071
amazing amazing horrible amazing fine horrible good fine fine,0.997
amazing great good fine ok ok,-0.56
horrible good horrible fine ok good good horrible ok fine amazing,0.626
good horrible amazing horrible great bad horrible,-0.338
ok horrible bad amazing good good great ok,-0.001
horrible ok horrible great horrible amazing horrible great great good,-0.899
amazing bad fine good amazing ok fine bad bad ok good bad,-0.624
bad ok terrible good great amazing ok ok bad good fine good great,-0.439
great terrible terrible ok terrible fine good,-0.654
bad terrible ok fine bad horrible great bad terrible,-0.786
good good amazing fine horrible horrible bad good amazing fine good good ok amazing,0.461
good ok horrible ok bad amazing ok great terrible ok good great horrible,0.298
bad fine ok amazing ok great terrible ok great amazing,0.171
good horrible great ok horrible bad terrible good ok good,-0.246
ok great terrible terrible ok terrible bad great great horrible,-0.946
terrible bad terrible amazing good bad ok,-0.489
good ok terrible terrible terrible great great horrible great,-0.151
amazing horrible ok terrible amazing good bad good great,0.155
terrible ok great bad bad bad,0.027
great terrible bad horrible great fine,-0.311
fine bad ok amazing terrible good ok ok amazing horrible ok great good,-0.769
great good terrible great terrible ok good bad ok ok,-0.718
terrible ok fine terrible good fine terrible terrible horrible ok terrible bad ok horrible,0.484
horrible bad fine terrible ok,-0.401
good ok bad good horrible fine ok good good amazing,0.6
ok amazing terrible amazing bad amazing amazing bad great,0.43
horrible fine great bad great terrible bad amazing fine good terrible ok fine horrible,-0.599
ok ok great ok bad good horrible good great amazing terrible amazing ok terrible,0.755
horrible amazing fine good terrible ok good great bad,-0.787
great bad ok good amazing bad bad ok fine bad amazing terrible,-0.029
good amazing ok great ok great great horrible,0.273
fine horrible bad amazing amazing ok terrible great bad,0.581
terrible terrible great terrible horrible good terrible good bad ok,-0.839
ok horrible fine amazing good,0.318
ok ok terrible horrible terrible amazing horrible bad terrible good,0.506
good great fine terrible ok horrible amazing ok fine,0.661
great horrible bad horrible bad great horrible ok terrible amazing terrible ok,-0.777
bad horrible terrible amazing bad fine great,0.259
amazing fine bad ok ok ok amazing,-0.408
good good ok great good terrible horrible,0.537
ok ok great bad fine good bad bad horrible terrible bad ok horrible fine,-0.94
ok horrible bad fine bad terrible fine amazing bad great ok,0.817
bad bad good great amazing ok fine,-0.596
ok horrible terrible good fine great bad terrible terrible ok good fine great,0.035
bad great amazing fine bad amazing,0.273
bad ok good amazing great great,0.556
bad terrible good horrible great terrible,-0.162
horrible ok fine fine amazing ok,-0.2
ok fine fine terrible bad horrible great good terrible good amazing,0.751
amazing ok horrible good horrible amazing great ok good amazing horrible ok terrible horrible,0.998
ok good good amazing terrible good bad good,0.779
amazing good amazing good good amazing good great good amazing,-0.545
horrible bad amazing great amazing great terrible bad amazing terrible terrible bad,-0.02
fine good horrible terrible bad,-0.711
great fine fine horrible fine bad terrible terrible bad horrible terrible,0.501
bad good good ok ok bad terrible bad ok ok,0.247
horrible fine great horrible terrible great ok great good amazing good horrible,-0.282
amazing ok good ok ok,0.702
terrible fine horrible good great ok terrible amazing good bad ok amazing,-0.617
horrible terrible amazing good bad terrible,-0.182
amazing good terrible fine great amazing terrible ok horrible horrible terrible great horrible horrible,-0.566
amazing bad good horrible terrible amazing horrible ok ok amazing great,0.681
fine terrible fine great horrible amazing ok fine fine,0.646
amazing fine ok terrible horrible bad fine good good fine amazing ok great,-0.213
terrible great ok ok ok good good ok horrible,-0.812
amazing terrible horrible terrible good good,0.412
ok good fine horrible ok terrible,0.54
great ok great terrible good fine horrible fine ok horrible good ok amazing,0.984
amazing terrible fine fine great great amazing terrible amazing fine ok terrible,-0.669
