date,temperature,humidity,pressure,direction,wind_speed
2020-01-01,67.39288806070337,31.23889025121454,74.34391179133375,60.91948466880264,15.753173803249151
2020-01-02,67.04021584768644,31.534701538263946,74.41222689508132,60.68119391159902,15.894585800687222
2020-01-03,66.11002194411631,31.332716527567165,74.96584524135024,60.75439246490159,15.82114493907314
2020-01-04,66.55493503419109,31.929181364054344,74.64972223908794,60.373632867987304,14.513628758644886
2020-01-05,67.3636065044302,31.311135477140393,74.96029942945144,60.10442138915653,14.270762148871018
2020-01-06,67.46952490529634,31.69147307437195,75.11022070423013,60.031910374073355,14.573151010841892
2020-01-07,67.58789887242972,31.935625069964114,74.83563841022645,60.159831522083344,15.331687138438902
2020-01-08,67.35427305941158,32.09994034747858,75.56030238866784,60.914264011068134,15.045083616304817
2020-01-09,68.06786219181822,32.0725340714254,75.87187524922061,60.50512983293243,14.432344259376597
2020-01-10,68.8832021914203,32.87686442927831,76.53132475054844,61.240027225964496,14.730458584392593
2020-01-11,68.99137716037944,33.16684989215327,76.16562866721142,61.59542209444813,15.085053428633984
2020-01-12,69.63949658896249,33.62762737236237,76.24005425043967,61.27375269073201,14.809181208433698
2020-01-13,69.68298917231601,33.68281852592809,76.7874771293567,60.933328517560085,15.197911432119284
2020-01-14,69.66762168499218,34.27018565637606,76.84665239026117,60.32841143760546,14.722600668903546
2020-01-15,69.73554868285237,34.10362022929566,77.72744916051258,59.9211147562995,14.775739631952197
2020-01-16,69.5500499868248,33.53095384183903,77.45500584388972,59.16587579730997,14.89837434163582
2020-01-17,70.45076794838803,33.28175136712594,77.49367596462936,59.167871162346515,14.412367240231207
2020-01-18,71.00503100171657,32.983632181079585,77.95059867955037,58.95158936338667,14.41804729746758
2020-01-19,70.56917424168519,31.850970150620004,78.18403391049203,58.59033134317169,14.294865701884257
2020-01-20,70.7338131951086,31.858917294697076,78.35869799863157,59.19516534304377,13.573409424714544
2020-01-21,70.81111051477392,31.183150132109535,78.5610323050738,59.269268902964754,13.231453507014404
2020-01-22,71.11943343063272,31.044636267765853,77.62006341957009,59.41866691743038,13.231931807854654
2020-01-23,71.05835000154946,31.06725618713586,77.54038566691631,59.93268009393445,13.465803181488571
2020-01-24,70.66898292973107,30.735661773385768,77.69263520259108,59.35266172283634,13.30432032748278
2020-01-25,70.17995786491886,30.81734494129111,77.90008467281059,59.25858573474173,13.653108847561276
2020-01-26,69.98440549910346,30.730098655921946,77.46734181227205,59.796306523099105,14.134801310354888
2020-01-27,70.2487025181144,30.226790454764767,77.61749692538852,59.0734266394709,14.1254090540806
2020-01-28,70.55750695980221,29.869054261254817,77.85453887700982,59.23148565216604,15.19891667862152
2020-01-29,71.39052837280694,30.205704578944864,77.98984216157235,59.97006987421466,15.675915476681372
2020-01-30,70.05854480565611,30.437210717691364,77.9982056245976,59.05637342193011,15.753851416323913
2020-01-31,70.9015407354948,31.68247220626813,77.57078284206264,59.79677173937256,15.400784009928206
2020-02-01,69.85119551273361,31.33120346433687,77.21486944004394,60.185347072782236,15.76480709966706
2020-02-02,70.149586468228,31.224063869518197,77.38071881575853,60.279331864461355,15.609013269459256
2020-02-03,70.33416171231879,30.866840047913975,76.34764609714614,60.85388738603482,15.310085086527256
2020-02-04,69.83884890808659,30.339928694612485,76.91612112714506,61.039637534167966,14.741614277712692
2020-02-05,69.96104798468086,29.975002855717015,76.7208859398811,60.55182412864311,14.537610223239017
2020-02-06,69.65785521989226,29.54470562792993,76.92359488254836,60.34119312165679,13.853476779752167
2020-02-07,70.30367819946575,29.63288663941944,77.52031016218712,60.299017494881696,14.676081675498834
2020-02-08,69.70781475065984,29.32218285536963,76.92193050007987,60.60424803297213,14.743451983182796
2020-02-09,69.96457207749154,29.073587318155706,77.13878270617863,60.2447375256217,14.309835617211322
2020-02-10,70.39725464559984,28.75931291261196,77.02134815277812,60.33070534357141,14.405113931244994
2020-02-11,69.57083258359128,28.437245269389717,76.17514197671838,60.354245242663985,14.461134145773944
2020-02-12,69.01612010174081,28.328881249526912,76.94798722513124,60.4361241197985,15.355356197877787
2020-02-13,68.62816337512453,29.49101061900104,76.47715806163029,60.80395219496712,15.855618133642551
2020-02-14,67.81725449205165,29.699177545897687,77.10334923107763,60.58151163097672,15.451109000494505
2020-02-15,68.29967387995436,30.019262727939335,76.54029618509529,60.11250438093435,14.988556024467213
2020-02-16,68.50869483225249,29.042509366219065,75.80801385101365,60.02598357564629,15.505091390040803
2020-02-17,68.82791438501012,29.036696045434876,75.20797613215078,59.24249580056426,15.389612922073155
2020-02-18,69.21740483351252,28.677459673000854,74.67616462798826,59.502928377088175,14.623813546818438
2020-02-19,69.32801442035174,28.845475949032366,74.21397349401002,59.74614572679583,14.43366078344851
2020-02-20,68.51689724762744,29.308469424291104,74.60692659699082,59.84484779171248,14.352664795798633
2020-02-21,68.33550604739115,29.346278142919775,75.6690920021442,59.197524859337456,14.736313678621874
2020-02-22,68.83504737597194,29.2724002533602,76.38185525862434,58.720467566674834,14.78030197850718
2020-02-23,68.67252410424695,29.226487048043616,76.40240593054645,59.536109544277124,14.373559959724847
2020-02-24,68.73232509533811,29.083962715049736,76.27834045270734,59.4078209196503,14.602262015931641
2020-02-25,69.22152676785603,28.031868644036564,76.14556188149125,59.77675669509814,14.665760259312028
2020-02-26,69.80318508922166,27.90858523133932,75.04307718530168,61.088988440834584,13.270486798223239
2020-02-27,70.74332297407499,27.398804827264073,75.14152077775368,60.93990904625908,13.523023373128433
2020-02-28,70.75598255511575,26.221156594902496,75.40858219280264,61.188632954016825,13.010171819727848
2020-02-29,70.58355369719888,26.326310695328907,74.95158601871023,61.14966013832769,12.85845168525952
2020-03-01,70.55508703837323,25.51761322004664,74.23176835256832,61.47776869881629,12.5862677637747
2020-03-02,70.28618712885878,25.567044041232865,74.22228003194672,61.73746234308407,11.451838467196632
2020-03-03,70.25668445160892,25.199232645045697,74.67443511607759,61.99786108756929,11.643391389079902
2020-03-04,69.95644359261931,24.539835751938043,74.1968557520716,62.74450776667843,10.93348255947879
2020-03-05,70.4690951373007,24.902824455956225,73.66498798525002,62.38159507874086,10.733822740608172
2020-03-06,70.10368231743136,25.190828386257845,73.35443917222057,62.479141797292314,10.586868578198976
2020-03-07,70.97565715670575,25.44232393816222,73.5812751380124,62.453575798292086,9.740689538870184
2020-03-08,69.46896165841706,25.19834459557774,73.21265800175173,61.935074353123376,10.205721057223439
2020-03-09,69.44874320987964,24.665921879802596,73.98030501315051,62.022513165268066,10.010532617475887
2020-03-10,69.90983067863364,24.365585057999724,73.75483861461977,62.59651877132687,9.856046760871365
2020-03-11,69.36740213027085,24.282611996300723,73.47861474092943,61.87060241794444,9.938206503863341
2020-03-12,68.91847928175672,23.590100316416656,73.51032211998776,62.37927709726401,9.758274454577004
2020-03-13,69.19870576382303,23.787166669469237,74.00765836664911,62.58749228879947,9.290415504424027
2020-03-14,69.54345816165608,24.531592457035497,74.30718229311567,63.04884667434397,8.714713268002393
2020-03-15,69.11774707353148,24.347654709770374,73.3827029164272,63.06656090245874,9.601714021271773
2020-03-16,69.06497219360133,24.33416305951646,73.63575141231776,64.56601744467234,9.582200567708922
2020-03-17,69.77407105861981,25.26888382843076,74.13947198381523,64.7786705422779,9.191451211920878
2020-03-18,69.87254693535472,25.608952729514577,74.68837915244822,64.8883934216511,9.358198302429592
2020-03-19,69.32008805904984,25.74513295945813,75.43566357076025,64.93516412692435,9.810589317807137
2020-03-20,68.57242682452971,25.453414025803227,76.56019173505874,64.55353976300258,11.203518679511221
2020-03-21,68.77129382822481,25.963679854526347,76.60968748360004,64.41772393742183,11.19421237781376
2020-03-22,69.22468538104427,25.996292686679148,76.44327201773152,64.20126576773666,10.938251175528599
2020-03-23,69.77209931811943,26.127444063134888,76.03780775065626,64.50275039394694,9.771906545500077
2020-03-24,70.47490591132816,24.808644803332673,75.4424209473939,64.99209202747411,9.730289356263926
2020-03-25,70.5945103174949,25.330931826541466,75.21422954205725,65.54778599781567,9.4465332264851
2020-03-26,70.60452768209748,25.40467215121653,74.95432285444961,65.3631886726127,9.492456850122531
2020-03-27,70.76230831059806,25.082470194047882,74.42509925930956,64.69182069513695,9.528660875646004
2020-03-28,71.05722328020664,25.52153904073186,74.53720230606817,65.07107155374527,10.136599146489965
2020-03-29,70.76618114718859,25.715898569443905,74.51240833401226,64.65336727993044,10.236525092421864
2020-03-30,70.89090314761212,26.190002031543656,74.55129963333815,65.2545495747891,10.284395255125801
2020-03-31,70.40519473038162,25.826852007007588,74.05987838704813,65.5266155270423,10.373237615256084
2020-04-01,68.60299676679186,25.559531925849925,74.27765440193836,65.83167256048867,10.213901954195721
2020-04-02,68.46416670193649,25.340055591250756,73.94651778000782,65.51024690527086,10.915646517367902
2020-04-03,68.81484925335235,24.913821870391768,74.68294469832759,65.35496124565111,11.117998047539759
2020-04-04,67.95713620789437,24.773624357850338,73.58445977423507,65.12087650014197,11.50153891325338
2020-04-05,68.32625426169149,25.151262313373707,73.30112426205949,65.6748496711851,11.379947151741103
2020-04-06,68.60916044328853,24.766382092260372,73.54691776974468,65.20153808594777,10.83960151885222
2020-04-07,68.21433156309647,24.925612265986075,72.89057807428442,65.6747267101541,10.347753670870052
2020-04-08,69.0827165304497,23.879532211573476,73.54804003874901,66.1282270079406,11.097052752216838
2020-04-09,68.81302582784093,24.08857814299192,74.05720775093272,66.05548492645852,12.034171975636932
2020-04-10,68.05899257290837,24.299048667500784,74.90542625649033,66.9498295756611,11.653744994357401
2020-04-11,68.29502159941174,24.059104347845675,75.54654026095851,67.22060344429669,11.106227865167593
2020-04-12,68.80179919512656,23.77234062830674,75.91050611465306,66.17750166913656,11.493324061433627
2020-04-13,69.61089690839738,24.23941236410152,75.97978779016316,66.36067207763917,11.254610931017524
2020-04-14,69.64273984942994,23.67637964798567,75.37726328839575,65.86598179932841,10.456833758621073
2020-04-15,70.11449748124264,24.493684757849323,76.0515678412787,65.67032448603314,9.833246933309388
2020-04-16,69.85106269244193,24.449187574666205,75.72587877782108,66.21037913728414,9.795851514540727
2020-04-17,70.14621626889307,24.16853354547083,75.61481142766667,65.81760417690728,10.933713136177236
2020-04-18,71.01136387913856,23.30858999215722,75.41678824802678,66.31410895815868,11.78299002434255
2020-04-19,72.21287614834435,23.633206262977694,75.14240575413805,66.31301757115652,11.48278472971622
2020-04-20,71.90262895577179,23.67366163213729,75.71788557800731,66.20566977583896,10.781530185073331
2020-04-21,72.63601019529176,23.986536113673353,76.16980523380049,65.58668868688258,10.560986997014338
2020-04-22,72.16729059953416,24.679657774792485,76.42787955565495,65.05878434933506,10.475743914993146
2020-04-23,71.86098985097173,24.300596095025494,76.43105193480348,65.52617114567582,10.5234449966087
2020-04-24,71.6469847144196,24.08852320653213,75.57964212962209,65.27169469415398,10.207337972260753
2020-04-25,72.10007586157548,23.594026373607004,75.5430508480717,65.12125737808141,9.910209827293746
2020-04-26,72.15708409184346,23.222084786723123,76.21037903672219,65.09572001293775,10.212732798256233
2020-04-27,71.43756505300229,23.747344302494277,75.96310974440053,65.33038183655475,10.03223917082674
2020-04-28,71.68184153341502,24.149743607700263,75.68213840445675,66.22780328482611,9.894438251239006
2020-04-29,72.35377752381433,24.2069396116688,76.1106521607017,66.5433090504105,10.021081120333662
2020-04-30,72.42602418926617,24.485662561040854,76.09648111714245,67.8991065953001,10.418683704054594
2020-05-01,72.87219635864416,25.380585312073897,76.71420679618646,68.2152989628366,10.515486176234734
2020-05-02,72.49008576031255,25.187416887779566,76.27742144982987,67.62791446573365,10.808754749704084
2020-05-03,72.97476787776725,25.60608260249976,76.37777928023971,67.6922595240857,11.59051768272041
2020-05-04,72.62253645904727,25.921081978227136,76.5403121391714,68.8846922916565,11.430129846114815
2020-05-05,72.68376859848911,25.536007294121987,76.49864777546229,69.79645707100447,11.781636461752779
2020-05-06,72.25102003925228,25.479698213251623,77.17000127864961,70.39988734872213,11.358878004288282
2020-05-07,71.66487990561244,25.152018179845896,77.19154969302747,69.58909852491553,11.356537535871947
2020-05-08,71.14860530587175,25.90773779486619,77.53545151014286,70.33123795248116,11.096649915257096
2020-05-09,70.93727529170833,25.339410444947625,77.50042960267675,70.07500362699267,11.173315259005477
2020-05-10,71.01229844091944,24.29562868773696,77.49126513880546,70.2183442347038,11.658526326616872
2020-05-11,70.61336318274236,23.51157187630558,77.66915746324526,70.22535298535848,11.2204271558229
2020-05-12,71.93765616313503,23.232433847949874,77.2024733770073,70.0926060770907,11.807129449351674
2020-05-13,71.80171715327985,23.370599894879376,76.9095020520838,70.07777396400087,11.704109358101727
2020-05-14,71.16324145167229,22.628513881938545,76.846616279352,69.90240730106345,11.70882105925945
2020-05-15,70.06835844466654,22.752249769855332,76.8705447109172,68.9230362162775,11.346781632562813
2020-05-16,71.00824983437737,22.93363678324635,76.86312054854928,68.3054686802223,10.604891124246482
2020-05-17,71.24042744197929,22.74384067552719,75.99334182423081,68.62222689279373,10.287207452362615
2020-05-18,70.72990034089335,22.658712000871514,76.4980763299386,69.28868448582594,10.609387076112315
2020-05-19,70.5651731263139,22.912254408117157,76.47171748655138,69.36594484254358,10.07881154871438
2020-05-20,70.21209748881823,23.05039070118802,75.81821409474894,69.73402331099317,10.343838072206683
2020-05-21,70.62958021881157,23.114682648275256,75.61830517016644,69.60511059438844,9.746203378112721
2020-05-22,71.65350128162255,22.125717473703276,76.40881541424497,69.47652791559383,9.046340555963711
2020-05-23,71.21141831554814,21.822233923504474,76.08339535107551,69.2010596558404,8.746452841892495
2020-05-24,71.57951150410292,21.246540787992625,77.07092470255118,68.4714791852283,8.45211699302032
2020-05-25,71.5954362345686,21.55189837390352,76.8629161813212,68.72485850292135,9.065664690969946
2020-05-26,71.34670131989206,21.317130332620096,77.64519393458228,68.61549045847983,9.537279370161636
2020-05-27,71.1896122804821,22.04304817676082,78.29088308466558,69.16690537745714,9.26589221607127
2020-05-28,70.63988450853158,22.644068338566655,78.36331333204915,69.45476915608755,9.77558694270975
2020-05-29,70.79294450045316,23.315706651658047,77.73824708480464,69.72674630517616,9.837518305466922
2020-05-30,70.9748675427016,23.12954992186075,77.30843803214655,69.73035338904737,9.235958212729328
2020-05-31,71.28371211181971,22.80929612827443,77.17372868732996,69.0743688942363,9.086840309551652
2020-06-01,71.38515157354243,22.63009210762797,77.34630898051687,68.54059519240461,8.76486400621895
2020-06-02,70.88877741921253,23.103461437566065,76.90467180884528,68.36118924880887,9.060287893907978
2020-06-03,71.22072796936978,23.690552457283463,76.0773867930082,68.85267675443166,8.564316253068586
2020-06-04,70.79892836396905,23.559469752172973,76.06061760891971,69.20448358365039,8.375025402734623
2020-06-05,70.76493810135241,24.126307034777646,75.59557200456423,70.484160515457,8.55257262161042
2020-06-06,70.27968267528338,24.007964750838052,75.22698661286417,69.91135960817121,8.463200938334236
2020-06-07,70.76550120153013,24.10700248755624,74.88950116108796,70.35800359817719,8.842753706694086
2020-06-08,70.4137558516614,23.883829814690227,74.92428722291281,69.86311093238557,8.942992247265572
2020-06-09,71.46604417916936,24.88494437649541,75.2453164075575,70.34638011885498,8.366387651037943
2020-06-10,71.2095464155155,25.820578288737384,75.97471557909039,70.4525060887571,8.60122558101167
2020-06-11,71.48690476019652,26.215057544899903,75.3232515474225,69.67831101628673,9.268729781381882
2020-06-12,71.79156192650976,26.094453735828314,75.05733432126024,69.62410519257716,9.282859096344064
2020-06-13,71.14189417996597,25.237707471859288,75.35771221225446,70.32336180588705,9.438199230782343
2020-06-14,70.1621333272403,25.27023365015349,75.38168113419127,70.33198784218231,8.924777683418057
2020-06-15,69.65696722463419,25.55960599422158,74.86734142602468,70.52400998390031,8.544682037524769
2020-06-16,69.75220383856907,24.851163406199994,75.35245354038433,70.91261135791036,9.3886054624381
2020-06-17,69.27284217791475,25.7264670540416,75.36658383759578,70.68045578163792,10.005195991420951
2020-06-18,68.86399010254281,26.433702111092465,76.21602295482833,71.46049869438168,10.081234057651951
2020-06-19,69.68522973496967,25.980336308536913,76.28177105262279,71.63825661324427,10.117810071800573
2020-06-20,69.4118834567505,26.053172067035973,76.02893828251574,72.2677754570969,10.422731867319238
2020-06-21,69.86201016773605,26.165431198210385,75.78492054404485,72.45283742326787,9.904704811238716
2020-06-22,69.70131438333247,26.145205006213036,75.06615136800767,72.4931961493282,10.497075413907
2020-06-23,69.5909972790153,26.27476744705699,75.77884033000988,72.17432106539803,10.874812446417554
2020-06-24,69.35979495396967,25.960248748248027,75.72756901881903,72.57803138606083,10.713427752502195
2020-06-25,69.26942612403224,25.899955491463256,74.8208944924945,72.37677123693777,10.674214954748592
2020-06-26,68.56730944302286,25.979374906684242,75.27489306636049,72.17726100446646,10.620778286515412
2020-06-27,68.12048227833213,25.668636172387007,74.73395310877201,71.07244718332998,10.391241177657179
2020-06-28,67.74775585564554,26.032556665272654,75.01021387746366,70.62138329850873,10.261033682464873
2020-06-29,68.07210201711996,26.04372005890124,74.76679687663935,70.26542788472332,10.593037792464337
2020-06-30,68.83280961547392,25.79563557328084,75.02996232789837,70.22697696984413,10.730013383676507
2020-07-01,69.47445242058407,25.343609305740763,74.33034896682597,70.51994794250146,10.696477199990083
2020-07-02,69.31979219002885,25.65813693912773,74.4692216619419,70.22656126108727,11.106898053661897
2020-07-03,68.80734760158816,25.70502186870811,74.07074712378986,69.9341368630644,11.722891824814834
2020-07-04,68.74784495029209,25.328271802957538,73.17399420123704,70.64020232163575,11.333868741903276
2020-07-05,68.94001130137482,25.171121270154547,73.47220669421054,71.09661463053665,12.190781080031876
2020-07-06,68.92160653360416,24.9957540380106,73.38107924816562,70.96636250279408,12.699745425393562
2020-07-07,69.30256539257606,25.418294372426512,73.07127912956182,70.72053617567745,13.35159204767305
2020-07-08,68.74546649038942,26.185136577676793,72.80345810218243,70.17283957484864,14.84334346068677
2020-07-09,68.73456246285826,26.11202461166924,73.13033250269928,70.38419568489275,15.272908904447322
2020-07-10,68.6933766169299,26.297086892195818,73.14310144164823,71.13080797955452,14.441496009747146
2020-07-11,68.58691324219193,26.61095374382249,73.43415412471302,70.89758513039887,14.030349437143952
2020-07-12,68.24922417898435,26.035356774817558,73.43626320585132,70.96030321893485,13.370125072214819
2020-07-13,67.50422896643828,26.060845454837505,73.92722471196609,71.16111316803729,14.083128258979455
2020-07-14,66.79162609766679,26.285804861280177,73.22717145727417,70.82904095566859,14.76465605263591
2020-07-15,67.68970250646574,26.546037817528678,72.49704925820777,70.2792756607804,15.66214353820454
2020-07-16,67.03206702823141,26.41531990741482,72.75726653193836,69.65187902558797,16.058250827166713
2020-07-17,66.7401502124056,25.765042081331075,73.25534559262928,70.26090569462937,16.908864302667983
2020-07-18,66.39880798972374,26.014937946038476,73.499031755389,70.11122402473495,16.11474097585095
2020-07-19,66.15018963687045,26.134513984193454,74.06048774308978,70.67280802600835,16.096299837029715
2020-07-20,67.22109904424761,26.550349718601638,74.52175189880467,70.76286904965878,15.637737420090122
2020-07-21,67.44503675064297,25.50458328611718,74.66755930595795,71.72477957934575,14.827102200143043
2020-07-22,67.18146644021787,25.52111851148547,73.70713553034393,71.07812604542926,15.72371098059071
2020-07-23,67.15087250842095,25.357741068287435,73.64541807191428,71.57637439744686,15.12471779640585
2020-07-24,67.53115388369953,25.113720485395255,73.44513894965185,71.41768033407455,15.04728278445238
2020-07-25,68.1255455190838,24.501719667743203,73.71038766959182,70.66186559037904,15.293400172435968
2020-07-26,68.34048022956402,24.012173511417682,73.99905463656354,70.3881697551713,14.887992607432707
2020-07-27,69.25357602381705,24.081289748091386,73.22638339408371,69.02155809897286,13.963434714046606
2020-07-28,68.85408008049183,23.711654647247375,72.59413011982402,68.12744207889936,14.040290860048009
2020-07-29,68.71111932883366,23.225334864417846,71.39313899131164,68.45726019657354,13.773622158145265
2020-07-30,68.80339826281727,23.19466266850592,72.22545242955219,68.41983801841329,14.715972274827656
2020-07-31,68.97930730067851,22.786020171080747,72.4988679839844,68.70496349275732,14.867494367669432
2020-08-01,68.65075277733555,22.750938067734552,72.27912826632311,68.87446289787837,15.16402081756009
2020-08-02,69.18113906507566,22.698407405813835,72.38817863340618,68.86185385628612,13.65662441492487
2020-08-03,69.47248895810878,22.792498405529756,72.56849749315057,69.34207208982488,13.894276501659002
2020-08-04,69.20595639179483,22.323525415946328,72.93327111947859,68.6399562272976,13.84050454316044
2020-08-05,69.01484486995393,22.747389709244505,71.94277853585015,69.12227873819216,14.57160400029313
2020-08-06,69.52329805660152,23.122943127559516,71.52570270720184,69.02458768783936,14.226937918002477
2020-08-07,69.23383689384924,23.10085105117801,71.63989107130763,69.05464748028682,14.485376256450817
2020-08-08,68.76628759508898,23.263297002840456,71.65811642232607,69.76482443880326,13.952677173182112
2020-08-09,68.17123083747265,23.479802016539338,71.94178057357828,69.05337174185291,13.21958284731415
2020-08-10,67.20178751183724,23.758595097251774,71.2810995544801,69.3502914764936,12.9538321226315
2020-08-11,66.98971184771194,24.008711897115674,71.1351104878477,68.8288947485965,12.760199939462222
2020-08-12,65.70837930792534,24.23802908484646,71.099066628808,69.53708708209585,12.220224505157217
2020-08-13,65.34423519249538,24.378232651904128,71.40798017002832,70.45013728827463,12.091097907657247
2020-08-14,66.4976028224155,24.565755699377032,71.54418177139137,70.80039998804374,12.264539769275597
2020-08-15,66.10302892776622,23.49086649941952,71.08898762997666,71.30064651300552,12.71049600008724
2020-08-16,66.47411215551476,22.92306131097421,71.64206003346308,70.26007318564061,11.701881556097472
2020-08-17,66.57726877805102,23.198156084841948,71.37297717537398,69.93548038492327,11.728560784137667
2020-08-18,67.2921884884754,22.664142187101984,70.89562992728412,69.93610494925336,10.714785107804662
2020-08-19,66.9251542544576,22.668777693433295,70.95067149608347,70.10673586786038,11.446932447912467
2020-08-20,66.94799926527755,22.25980492703343,70.53673348853613,69.87420811276041,12.047868296458855
2020-08-21,66.81477216614574,22.373275138425125,71.06780059543628,69.63750847029547,11.987621091898806
2020-08-22,66.85243132748982,20.778123777353713,71.76693658164287,69.25761210239145,11.556886886996974
2020-08-23,66.2898538281941,20.917577835666883,71.53420940074164,69.27496136558776,11.508408042837875
2020-08-24,65.96573043845868,20.84178331975034,71.07133521016897,68.82540046806642,10.873590845358724
2020-08-25,65.27713081531701,20.35675103960375,71.37562487250567,67.85339157041285,11.71986556884441
2020-08-26,64.7001334360573,20.804993401348185,71.41014903244529,66.44464274155652,11.196229613368162
2020-08-27,64.76090203853163,21.64647855319012,71.06760535450148,66.69790574789738,11.547029928678484
2020-08-28,65.71681121234441,20.573291048424267,70.9028484670659,66.7487114346952,11.227276845461539
2020-08-29,66.24087850469128,20.239920356251787,70.86056729948157,66.74235695384591,11.484299612204849
2020-08-30,66.36734262246279,19.480067583302404,70.07427340313326,67.22750160328673,11.34393823577205
2020-08-31,66.09085675566901,18.594946457511995,70.52330508877348,66.44023550783675,11.710219895779849
2020-09-01,65.34499648753051,18.642325710258966,70.06399038460034,66.37051739906458,12.265252587762333
2020-09-02,64.6414087515912,18.103305133910688,69.82195613653441,67.08350639481091,12.084367344106647
2020-09-03,64.62678688902783,17.56400116693009,69.86506128253913,66.88937814659569,12.218177278482852
2020-09-04,65.60523363936906,17.18237093779387,70.36815179015814,66.78536742090417,13.18194052876704
2020-09-05,65.94153075411094,17.144920774819717,71.2975747427362,67.27492696581703,13.192015523309669
2020-09-06,66.05147157668578,17.698718811250018,71.15859859685145,67.14848818610275,13.477326941070338
2020-09-07,67.18403192584832,17.85920762833247,71.63921203681038,66.24315550465553,13.870595482992737
2020-09-08,67.24035119485428,18.007519119860568,71.37038684623532,66.1702591367577,13.31058819653033
2020-09-09,67.5093039946715,17.586107479386648,71.64887180584456,65.83587847100918,12.587901312563861
2020-09-10,68.59224126289358,18.025390705622513,71.37025718117349,65.21716119891929,12.61776743490967
2020-09-11,69.07890117641124,18.558748377913524,70.53627836104972,65.89608747216035,12.41284990124945
2020-09-12,69.31824402194034,18.99543324914658,71.01387138036834,65.99964424998392,11.921427150827245
2020-09-13,68.12011556348475,18.614277542252044,70.65925893596224,66.48519997984037,10.911648665660797
2020-09-14,68.8458587736932,19.01083544801596,70.77353652423751,65.7108768795693,10.744927357396296
2020-09-15,68.19030291797242,19.616849973624745,69.95995822373378,65.54893470731776,10.66761231877074
2020-09-16,67.32746879810652,20.028130588900762,69.29491634980987,66.00515438072566,10.947205084551312
2020-09-17,67.47103686281157,19.937417436373828,68.37379121647959,66.24159136207471,10.885807058412293
2020-09-18,67.76304104736738,19.51660780396908,68.53931477046872,66.86285719090377,10.11412749056585
2020-09-19,67.2378824424977,19.609062928119236,68.05382267671366,66.63514312948266,9.931054779661885
2020-09-20,66.47803415197664,19.35312644130058,68.7668886742245,66.6923855913091,9.405173043508936
2020-09-21,65.36997250359009,17.86890109482097,68.00039614723647,66.79012906972135,9.729698591305274
2020-09-22,65.10785187264787,17.543479027706766,68.09471443034217,66.93145062931487,10.489101936905932
2020-09-23,64.95079334580146,17.672927715146862,67.07436721912507,66.98235419370279,10.48846854704021
2020-09-24,64.24648747084693,17.890136314568704,68.14029991838761,66.76929749354522,10.339724660724828
2020-09-25,65.24989374180203,18.657862365350603,67.52626696212921,67.16373689886554,10.47136808179738
2020-09-26,64.89101015147756,19.339866564477788,67.84060982979702,67.49239189614993,11.12779596825508
2020-09-27,64.59845652743206,19.576374165173515,67.5640487274137,67.6129523638779,9.890995869452317
2020-09-28,65.08829283487626,19.169349343134375,67.91773353573528,67.25848178350309,9.459902937269515
2020-09-29,64.623350929926,19.222379185286727,67.38541654361981,67.11861861345339,9.065858065241846
2020-09-30,65.6273714777101,19.006795808154422,67.44614102506321,66.34956872617816,9.099760917915948
2020-10-01,66.11922358865918,17.93347543800572,67.14082517674534,66.11610304149156,9.30367189791402
2020-10-02,65.94642731662682,19.267230443189653,68.47658070828786,66.1291702651816,9.475053111723938
2020-10-03,66.66895177973291,18.712227170224427,67.99260634788314,66.60709555608685,9.629309161119807
2020-10-04,67.3954726366563,17.784453265322995,67.44104435202969,66.2849997801042,9.659040482830193
2020-10-05,67.1776933972702,16.842774895179016,68.21762299780754,66.05451671199327,9.438981320354088
2020-10-06,66.68953643354587,16.735226546943196,68.57628805485875,66.51869729058353,9.464683124126513
2020-10-07,66.47127251013383,17.23374006732242,68.16335304603523,67.139027375145,8.294805514901439
2020-10-08,66.7312457119093,16.875813586301827,68.20967677622791,67.03001357018275,7.872435014458624
2020-10-09,66.46870835241505,17.139521913978875,68.272183804073,67.3532048149891,7.95036605031486
2020-10-10,66.31298396861804,17.316191472688818,68.40129970614475,66.93453415634636,7.25830146839111
2020-10-11,66.05458399481813,17.155964701173353,68.7746506498697,67.02430318301963,6.624215089256614
2020-10-12,65.72336804195258,16.634785054986217,68.20288056593984,67.00722330153867,6.537031751569339
2020-10-13,65.87390295035668,17.05708586350525,68.32508891570168,66.47148668677849,7.170975111686891
2020-10-14,65.61019907455943,17.13520227243926,68.15513518896223,66.62642804047942,7.1825401509366
2020-10-15,66.36124317448089,17.133411969229996,66.88446419754041,66.39671617184165,6.427884124448969
2020-10-16,66.33997553818011,17.755337169164946,66.61701793594027,67.26756155793223,6.452602060743221
2020-10-17,65.80687117058537,17.90338070335971,66.34900320329152,66.96363988784431,6.841035174734589
2020-10-18,65.83864240890546,17.516753552527675,66.76551702559226,66.12023534489948,7.036290703879557
2020-10-19,66.18876575897045,18.027488179799775,67.38987988537188,66.15364413414551,6.7509432461974885
2020-10-20,66.12953535411691,18.698256300658638,67.69579320521541,66.50838216633413,6.647917212394926
2020-10-21,65.74013607843554,18.892932720645007,66.63401806519623,66.36764589273218,6.774133804615005
2020-10-22,65.22905366099727,18.78838830464275,67.675724754026,66.59005055051317,7.06147998418442
2020-10-23,65.37978424664193,19.64310813856322,68.22403501718757,66.98220935769211,6.97046533488243
2020-10-24,65.57652707935318,20.420990659367902,68.18153568376846,66.80943757184438,6.458880205443469
2020-10-25,66.10006080251439,20.628996503406164,68.25798889382155,68.1105523254853,6.399494667487794
2020-10-26,65.58629984167065,19.954713301692315,68.50080832185772,67.98589380416674,6.228224376858982
2020-10-27,65.63018534993307,19.605687137515723,68.55517602063415,68.92839727073907,6.369178441106184
2020-10-28,65.20669824947645,20.765442045534993,68.97588515100347,69.40931012865495,7.092064837593263
2020-10-29,65.28623475039936,20.442482004215286,69.69485058138388,70.24753473092048,7.684557430045274
2020-10-30,64.57360625248742,21.028120968332686,68.73794876687752,70.63115181270551,7.614620257881535
2020-10-31,65.19064944364742,20.492318619523523,68.55469072468915,70.85838681148414,7.692518364279144
2020-11-01,64.16109856567996,20.14145918501954,68.74811468464532,70.4778555712269,7.0412840198276765
2020-11-02,63.659268093056376,19.874923336162777,68.1077212122529,70.26453572404988,7.346225947284346
2020-11-03,63.7429891714822,20.15048787596147,69.17113974134452,69.79747451896948,7.4517842645291505
2020-11-04,63.278795170312634,20.28393331526067,67.83453294710078,69.98337287065681,7.706290763414609
2020-11-05,62.82982680738218,21.628327691037896,67.48557489019592,70.55485617145438,7.292133375613725
2020-11-06,63.16132542338449,20.769779282752687,67.8215063221567,70.66497905124275,7.334912586558863
2020-11-07,61.73359006095325,19.87305419072638,68.94179668717602,70.99144529131549,7.046052979155702
2020-11-08,60.79524103602107,19.57107974694261,69.09660991328855,71.60951426431629,7.551800195558405
2020-11-09,60.21600018068514,19.724940489600705,69.39735544552393,71.32770690777814,7.767518381029585
2020-11-10,59.63119710507855,19.92232850598803,69.11347086194722,71.69144259871284,8.362725426624891
2020-11-11,60.026560478323496,19.878173959792285,70.11274033950055,72.34266572666559,7.829629898667233
2020-11-12,60.248149330776315,19.37541006343731,70.96412092176791,72.80683062429254,7.761930430039201
2020-11-13,60.3101649086095,19.30587579405774,71.38312953880711,73.56040484782004,7.662544004905033
2020-11-14,60.92733401845069,18.825194047832717,70.14113205903294,74.2106984099421,7.834521205273
2020-11-15,59.37158266731682,18.806656660642155,70.20297740986256,73.76198284705809,7.954307697742749
2020-11-16,59.40024525264716,19.256750413594407,69.88360795013114,73.57640741994116,8.003493297356442
2020-11-17,60.28494558384714,18.14856090390544,69.88635778004361,73.83573093321704,7.268214942501107
2020-11-18,60.44571795834868,18.701184166379047,69.65098115481472,73.89184948922889,6.754992554731459
2020-11-19,59.928571555623066,17.767968676966255,69.85599752319249,72.79880133546831,6.5938656815099215
2020-11-20,60.247722639477885,17.19963454472077,69.54149956869156,71.60607829182172,6.760721786429613
2020-11-21,60.253924646211225,18.47817179937373,69.41407417846398,70.60645039866532,7.50099808765656
2020-11-22,60.29401637295406,18.184343708168477,69.20850569456827,71.08850890314787,7.602250360603164
2020-11-23,59.846581849202956,18.675223314206352,69.40681612070253,71.27915849306984,8.162306397778536
2020-11-24,60.59529712627412,19.377522521117037,68.66602645828203,71.14513900590815,7.976219226440054
2020-11-25,61.3255071124012,19.879845264497476,67.78011553415806,70.85418499721662,7.253424375043535
2020-11-26,61.239318128790345,19.038408330909682,68.19096829347671,71.26674829063984,7.475799330801477
2020-11-27,61.01890164667458,18.88302301294297,67.98153627950585,71.600263183471,7.467637663150741
2020-11-28,61.45350793129559,18.391493914198577,68.35598974780329,70.83428754315942,7.2588149209663335
2020-11-29,60.88013133992881,18.568097813573665,68.7736299571987,70.3626116412399,6.467367237649192
2020-11-30,60.46153262009202,18.23393202360041,68.44976573230666,70.18064640647029,5.446969581926885
2020-12-01,60.80048295874667,18.82586435176445,68.1630332747047,69.92378803881083,6.0313280321172655
2020-12-02,60.77054357120963,19.13402016747368,67.8488881212451,69.77297477516635,5.713653110134635
2020-12-03,61.422859140493394,18.85033469405498,67.14959238939151,69.46602070990878,6.106613579771164
2020-12-04,60.977127932095925,18.817958318540498,66.32177331452164,69.0653714289325,6.940257964236688
2020-12-05,60.44950066665029,19.014566227795346,66.25138162925035,69.25554607080605,6.754139725525546
2020-12-06,60.777662784936474,18.962286178037978,65.58560395836444,69.41507345928878,7.310126220995501
2020-12-07,60.03468326814601,18.510628405652643,65.4965056607067,68.4196911098242,7.551720451898639
2020-12-08,60.39292379120484,18.339538411616594,65.03722830534656,68.08905340498167,8.094597278253191
2020-12-09,60.41502413647582,18.06899870922274,64.59370773733738,67.14301373383437,8.121890441518197
2020-12-10,59.953846209417065,17.059074892923746,64.43568524406449,67.91609986279154,8.31239359603796
2020-12-11,59.37665286183387,17.471577021431678,65.30040325716173,67.90729583361869,8.669007140703684
2020-12-12,59.087295809408744,17.13517094326322,66.08147940958932,67.71655854791682,7.906502461915038
2020-12-13,58.35177043851776,16.833524755853837,66.61301952946768,67.92929903125571,7.761134625985702
2020-12-14,59.38921909767312,17.196641740288136,66.65430842713609,68.47527887943474,7.012196561093848
2020-12-15,59.36265433453146,17.317703985969352,65.73971710663025,67.52609016941985,6.945174818463736
2020-12-16,59.485828100016285,17.14397747977437,66.31942060410942,67.10734377679533,6.737419520311423
2020-12-17,58.813158337924804,17.21439966989614,65.97698066658313,67.10672474462629,7.460049027824331
2020-12-18,58.35725268685994,16.964030659873224,66.76496383400553,66.51288101816105,8.433942530652871
2020-12-19,58.760005272999734,16.436223376648346,66.39308990736464,66.1749925242309,8.64581325012724
2020-12-20,58.18512257096906,16.25923437149345,67.04924697481623,65.27948148981892,9.45805809294729
2020-12-21,57.8950538046306,16.06838942833059,67.4318392784762,64.82219924578308,9.542130569014084
2020-12-22,58.041550655105176,15.671754780620324,66.35990930228621,64.41280768938911,9.199811702394722
2020-12-23,57.819139751167995,14.966097211106637,66.83099659933202,65.22441196517991,9.580447734539572
2020-12-24,57.48592670558248,14.958971434113488,66.87131904793773,65.53954190137311,9.420234177719326
2020-12-25,56.831895573631115,13.721647544322597,66.20682415357493,64.85878632593925,9.346845817268807
2020-12-26,57.24818694189935,13.71904820945539,66.00128797377765,64.58598330693016,9.61811329634933
2020-12-27,57.9132726323683,13.51870820424379,67.19582768337335,64.74399094973488,9.38629064428741
2020-12-28,58.92574999366716,13.43778644612594,66.18949431830146,64.35139902431936,10.404244857424588
2020-12-29,58.78709932252911,13.485591844046386,66.22337889082878,64.01600963833778,9.315830816487672
2020-12-30,58.96763822003756,13.800680846802468,65.91751513032143,64.83142741559436,8.730148456392959
2020-12-31,59.49571008962951,13.479128133461057,66.2149349326512,64.21699925702406,8.821834859758294
2021-01-01,59.55061328090213,13.247768993905499,66.74714531011116,65.25728081945046,8.966839746100327
2021-01-02,60.05735811784413,13.288206399360266,66.8743067656116,64.63518312164724,8.914346792021323
2021-01-03,60.30041059693479,12.765906524946558,67.3591088874953,63.579416796913534,8.890511163415761
2021-01-04,60.640975543062154,12.318492408724588,66.86012686850381,64.39277141916477,8.251071398174833
2021-01-05,60.20918462315824,12.445314541503315,66.79911753523261,64.54177425931904,8.622305249195314
2021-01-06,59.2951459275721,12.279597567975863,67.65034383340372,64.4639739448134,8.701608652651494
2021-01-07,59.648949998731524,11.751292337366191,67.32405142593302,64.65724030751113,8.693277791429335
2021-01-08,59.622357298266415,10.988339358913318,66.88477838501429,63.935805569055226,9.03022404046216
2021-01-09,59.60606429145307,10.92417539702548,66.60817812730271,63.65746607142898,9.336912603269006
2021-01-10,58.6977137593416,11.150421840804725,66.87859444663701,64.13441109413996,8.93337328327961
2021-01-11,59.36960718112308,11.494290163489143,66.87928190119152,63.79107110782117,9.062832525401118
2021-01-12,59.1652050174132,10.793315618595013,67.22940716991903,63.438898892353514,9.069817209078277
2021-01-13,58.048352608841085,10.98786901318244,66.84377631376952,64.0141628092803,9.39415647006949
2021-01-14,59.04053905812897,10.457323827191146,66.08715571820191,63.9873347504995,9.955947915016884
2021-01-15,58.96766979592773,11.312368692076866,65.7498946944153,64.16369252991193,9.828325184756425
2021-01-16,59.23442639513211,11.159323476075027,65.0399237563491,63.4523487292547,10.151435851146363
2021-01-17,60.69517627896716,10.539640551146022,65.13037774640948,63.45314957863448,10.239932308641725
2021-01-18,60.42588353062426,10.690663947461928,65.0270364979054,64.14736132734835,9.61507715840818
2021-01-19,60.445756154550665,10.649213930734572,65.07269449523986,63.24517990518752,9.230024243192716
2021-01-20,60.1113483070059,11.003169676364752,65.20572000112881,62.756680603321755,8.85373134286574
2021-01-21,60.71867585497592,11.112039407280033,64.91354730745309,63.36413178921914,9.394264074934298
2021-01-22,60.05494668440716,11.945603905632467,65.24511067570559,63.55619757682739,8.796447923212432
2021-01-23,60.7326213619571,11.753107487265744,65.33049086549798,63.150964847436704,8.02191876870039
2021-01-24,61.193253232714845,12.184545463912237,65.03679616385648,63.10545848282007,8.465720359547948
2021-01-25,60.75599684562765,11.854004979536008,65.24305551496565,62.95464201588526,8.575490341751355
2021-01-26,60.644418393758336,11.9631314124493,65.43897308881695,61.83192907414835,8.429056165324392
2021-01-27,61.5252427881221,11.719864089726673,66.57151227554121,61.86246682943709,7.497097317222956
2021-01-28,60.498246710608605,12.270305548381188,66.87540844479483,61.08301471185432,6.581382991139396
2021-01-29,60.51952827888302,12.747365340562123,67.41694874834819,61.219296576906906,5.348053617935394
2021-01-30,60.30602972799885,13.002602244878304,67.20118272472149,60.422913979370335,4.921380737993028
2021-01-31,60.04314615151587,13.174164791126717,66.73903219249783,60.854080414289534,6.071691926735825
2021-02-01,58.81401831425943,13.520902061225918,67.02975208393036,60.80390822063699,6.188745730078514
2021-02-02,58.775456377140216,13.997590146959599,66.6583845847936,60.20616657320017,6.399576931228232
2021-02-03,57.81066235864384,14.049768432769628,66.4231100377054,59.616459823323495,6.368814171898672
2021-02-04,57.93780891614788,14.324470894635326,65.7034296514644,59.267299941082655,5.703432539552752
2021-02-05,58.10647275938691,15.100533296989418,65.71726405777886,59.216396135704024,5.464823809853698
2021-02-06,58.86849582923216,15.003738893220653,65.57991974676595,59.06251360662857,6.025131464590338
2021-02-07,59.56710827062599,15.134720824785749,65.44190178598936,59.190637557767815,6.231126847822988
2021-02-08,59.54233137810854,14.935616560323243,65.8439009975336,59.28031251905151,5.023115714776166
2021-02-09,60.02482893372288,15.611485494980133,65.539336055755,59.74128243345967,5.894347324402636
2021-02-10,60.58899051930446,15.489259860001875,65.57935430114588,60.79635474103357,5.846756590966306
2021-02-11,60.650620742853064,15.744525764792748,65.31236671997289,60.67487917201874,5.462746549535304
2021-02-12,60.4471187084909,16.806545596435093,64.64679044531806,60.58569173274318,5.322127891546986
2021-02-13,61.22148943743771,17.30872731595483,64.75842637410537,60.77566160818704,5.100600038809548
2021-02-14,61.30977680624585,17.18535143412585,64.98067381100948,60.382019246900306,4.740708729999406
2021-02-15,60.344897947179334,17.597442519637802,65.37551626109058,59.68678978064501,5.019267474616129
2021-02-16,60.52410190575262,17.815569238312563,65.60946163334897,59.28239265503589,4.606286019609843
2021-02-17,60.147308283419676,17.041733465918036,65.37734870513506,59.26981995169908,4.171725598440494
2021-02-18,61.33022217625274,16.460716488651208,66.30943323767352,59.38599753454277,4.236832019392956
2021-02-19,60.8874794765752,16.305314045173287,66.3017610982288,60.38676314133514,4.4154647032582375
2021-02-20,60.6817202910285,16.482265183479626,66.33006217015681,59.572919136618815,4.766973754417663
2021-02-21,61.177501522502226,16.182924478900734,65.75909765067081,59.70268332096588,5.092666935650685
2021-02-22,62.65663921849978,16.198442765603247,65.42929843456822,59.53524501584265,5.165095541028881
2021-02-23,62.58142014682469,15.936003758440169,66.01950924992752,60.094680837817464,4.27694201370428
2021-02-24,62.09450666538216,15.484433463714154,66.26942190053481,59.48049087276548,4.902882881170353
2021-02-25,61.61913894984734,15.264073544165235,65.70824110362445,59.840260987476654,5.398409429152112
2021-02-26,60.77761404844682,15.417859790180765,65.1264241322789,59.55248142098914,5.530767816441209
2021-02-27,60.86848524368451,15.667626573593575,65.4099423301986,60.00694888197886,5.422258949024789
2021-02-28,61.049228147791155,15.493879721052416,65.13286971232273,59.963698094840474,5.128471603928167
2021-03-01,60.354801686479185,16.233989945157603,65.90854397117313,60.36713406514807,5.520565408925922
2021-03-02,60.201319970361666,15.884584661472811,67.51985128551199,60.529840073442486,4.609686393828412
2021-03-03,60.0282187626871,16.011175193089272,67.60637831052392,60.010602744511665,4.804765127097086
2021-03-04,59.67689094232885,15.805021828310403,67.95573251927514,58.97129422309546,5.080073549085139
2021-03-05,59.988033512349276,15.385904922630443,68.28674344154952,59.72048010066761,3.980187058418771
2021-03-06,59.703056736885344,14.938389131037122,68.07140846715556,59.56596581538152,4.933136268026958
2021-03-07,60.44243993566647,14.891868302652817,67.67860955789065,60.193574706779756,6.106775066005042
2021-03-08,59.5923680471183,14.126126687006153,66.76194274323609,60.15218586893376,7.170344838402254
2021-03-09,59.519791677586205,14.317340790793313,67.15672256854351,60.63965557251411,7.516134930767302
2021-03-10,58.537064353440684,14.519576943673654,67.0290281346173,60.148662123729174,8.436936823971472
2021-03-11,58.822826594146676,14.837895663142326,66.51694278829459,60.228903886242776,8.305602684970413
2021-03-12,58.69757322679533,15.67415571242014,66.2740042016861,61.78320802285671,9.465652218929353
2021-03-13,58.584637113241854,15.836710255495374,66.0821369491834,61.28998334565794,9.549026496173436
2021-03-14,58.302115239212746,15.312859636660523,65.53822852219794,61.59458989312657,8.531224658210785
2021-03-15,58.84524144198857,15.102613530481287,65.0061048345702,61.57128275984366,8.161548445878342
2021-03-16,59.37840292932813,15.114059973903817,65.09633251191711,61.77245946879166,8.361247441628969
2021-03-17,59.57056106084679,14.998337525550662,64.66427082932067,61.80273224543282,8.456821481108545
2021-03-18,59.35781176097962,14.523821087456323,64.19962783141837,60.902750127694866,7.873095527998757
2021-03-19,59.45459478885343,14.180197643427828,63.935592049307246,61.13637837074099,8.528448344322133
2021-03-20,59.595272191561314,14.382382755259787,62.82607368346929,61.32105856029098,9.084231141529008
2021-03-21,59.479583250595056,14.711932117039527,62.04649856872038,62.12770357410859,8.753443512580057
2021-03-22,60.68758009302738,14.492641873363809,61.53228617117224,61.51491908208727,7.808516734842824
2021-03-23,60.33455441077051,14.610700352487545,62.328009195712966,61.65627491780632,8.148445522287195
2021-03-24,60.328605442442374,13.911445827945997,62.77695898545859,61.071317084343505,7.9047434520610835
2021-03-25,60.1055559481371,13.378475596891104,62.790936106091124,61.582622603904824,7.619467777499729
2021-03-26,61.006296580859825,13.346320054144208,63.216172364700185,61.944658940783064,7.06003822967123
2021-03-27,60.67180826002462,12.67103255654052,63.6481604105946,61.81622390282112,7.734946004321673
2021-03-28,61.14125842389033,12.761902947580772,62.8894781411629,61.15166336940566,6.969572904592903
2021-03-29,60.70710651866483,12.050217364884489,62.17386657851872,61.152527547862896,6.588356651924986
2021-03-30,60.76584854711446,12.674339372760443,61.835850752870954,61.41829500903543,6.361578215291928
2021-03-31,61.799526925306765,13.320728590698199,61.736481718045866,61.961341793952094,6.1407288564660885
2021-04-01,61.06122067241856,14.024854703526813,60.93992311110263,61.30382456421205,5.070972507262269
2021-04-02,60.59756517350435,13.55776607466774,61.21964509465795,60.79839912986934,4.811523911028049
2021-04-03,61.810495827709545,13.961700458018178,61.351517351134014,60.267676893612055,5.033718438671608
2021-04-04,62.364663004123486,13.654607535042544,61.868054489999444,60.15234210801983,5.178302105342999
2021-04-05,61.411365380533624,12.713118538459263,61.52214088001605,59.84787812690454,3.9220622004079377
2021-04-06,61.13578822003155,12.336380342813253,61.02682575325907,60.27325894842471,4.406659605040911
2021-04-07,60.95519221624687,12.787664771707398,62.11085428056013,60.54546793396382,4.69444885787969
2021-04-08,61.316694672586024,12.935850942712726,61.74257406055208,60.93014104824854,3.8216045152800415
2021-04-09,61.64596423275249,12.643770362387173,61.38691024464234,61.54576977350262,3.6748416018871435
2021-04-10,61.78599739269731,12.543618451815728,61.062429064166274,60.796295678358696,3.011892933336183
2021-04-11,61.13854743140526,12.243909086171925,61.44066494072071,60.744021245278375,3.564340000063323
2021-04-12,61.84767665447775,12.167380596874853,61.827434411000574,60.79845208671559,4.2262410552815055
2021-04-13,62.24008103485497,12.85308910663186,61.6516823245478,60.371373155417785,4.588428767877268
2021-04-14,62.0149080861267,12.663101184212394,62.193833090607285,60.3450189382443,5.424927219993439
2021-04-15,63.30066774056198,13.571818641983697,63.38607357586622,60.555502980949335,5.657897775885509
2021-04-16,63.16235833410964,13.061252986558156,63.05886169131303,60.28743706167718,5.698026069718402
2021-04-17,63.57985471202155,13.333467603890696,62.12013864131217,60.3076851007643,6.008973272153687
2021-04-18,64.76928551139798,13.808089108091504,62.0073405114982,60.13163571474756,5.5719098424592595
2021-04-19,64.77286318998199,13.137767954503705,62.162590267136785,60.4347588321228,5.025175937763503
2021-04-20,64.48267442749209,13.292126204289481,62.34736075873508,60.89539507538992,4.923989432413604
2021-04-21,64.86478552151918,12.62602109418745,61.89511881063673,61.15656657981832,4.7033961503676665
2021-04-22,64.9236590687791,13.54968466279296,61.765853609250094,61.892918277460744,4.31372961105728
2021-04-23,65.58770391476118,14.200237015548918,61.984021767077564,60.604415751360335,5.112296982160011
2021-04-24,65.99446828371246,14.53009264645473,61.506655494555204,60.39636544818328,4.729749860732522
2021-04-25,66.49981275513589,14.541928481162183,61.805146682294875,59.832800763223155,3.9702539993482837
2021-04-26,66.072987508412,14.28205950370343,61.18439366591689,60.60849759150463,3.219650428393484
2021-04-27,66.55247614127944,13.952347365041295,61.538528963004595,59.97775403594332,3.289518663394162
2021-04-28,65.95927520901256,14.67705881590588,61.38463286058372,60.68664910049891,4.107639737190487
2021-04-29,66.28496381945732,14.761024083909295,62.3915967775536,60.52780976774232,3.0769804506089304
2021-04-30,66.61492411666545,15.39265521032025,62.21144794034152,60.16539133525088,3.355138036086709
2021-05-01,65.4762595177749,16.052226842873722,62.64289764539271,60.31298386061256,3.987963599825674
2021-05-02,66.06082625521002,16.001733188539234,62.60205430554966,61.28827953053635,3.530999256381362
2021-05-03,66.00843957763374,15.91187864017881,63.12684642682418,60.84435580567498,3.0495760287505504
2021-05-04,65.71842209187483,15.781096541582624,63.81869172899583,60.97030105648061,4.029844066859933
2021-05-05,65.67558013223514,15.362534008763964,63.89162377564331,61.14885693679637,4.670882537316665
2021-05-06,64.97585786654264,15.306131220923021,63.90540096326,60.64682333432354,4.413136382904117
2021-05-07,65.80690777631828,15.287344029862018,64.45670618960187,60.322507131986946,4.615214190035424
2021-05-08,66.19940654927308,15.616596178004727,64.85750025492155,60.04666768877671,4.6143631222081485
2021-05-09,67.24777834530985,15.561707187624606,64.0106904787526,60.098750203539616,5.077702895216495
2021-05-10,67.16008348061841,15.949966238998162,64.51210840028149,59.37704403053402,5.044654070606432
2021-05-11,66.99089319627288,16.24023248919896,65.432361430727,59.393199133591146,4.6998279962628775
2021-05-12,67.47775474032198,16.604049459760127,66.03113328297567,58.81242450467792,4.366749605891497
2021-05-13,68.02008153599881,16.680194918801973,65.81853324182042,58.70999085899726,5.013995173714807
2021-05-14,68.66414008806481,16.927766144786922,65.00843606611018,58.13274647179465,5.132137886716359
