date,temperature,humidity,hour,load
2020-01-01,25.57888233167661,17.010674920730875,40.97565634892013,41.65638061551803
2020-01-02,25.692277895890072,17.214899875439514,41.41351636038783,41.86788641221318
2020-01-03,26.94521379315772,17.204981473102837,42.19560216316661,41.77973661741833
2020-01-04,26.717639686057094,17.260595362507583,42.798983402728176,41.955361020905485
2020-01-05,27.153994709976438,17.124008183803372,42.495927746295436,41.94913826507967
2020-01-06,26.939762352892892,16.92716075753565,41.953237735862814,42.19761237105039
2020-01-07,27.0835448370322,16.888088063700664,42.47520990400781,41.54229812040815
2020-01-08,27.584411688840742,16.56537356837918,41.8755432761256,41.61711004375415
2020-01-09,27.93399785170214,16.606265129699203,42.38807244855574,41.47885560669037
2020-01-10,28.290047923370967,16.5559052560511,42.380883050700064,41.06150068296963
2020-01-11,28.75498175926112,15.940331736527357,42.28627101297669,41.811963065845866
2020-01-12,28.707438289555213,15.969218438664933,42.85961603622215,42.184724607222336
2020-01-13,28.793567315491806,15.012982653904661,42.86553219605936,41.73964715679817
2020-01-14,28.913247192690314,15.051199818063422,43.57171187392457,41.94013323129797
2020-01-15,28.977316445079886,15.370714910402077,43.18315698668766,41.64165997294706
2020-01-16,28.103415081314363,14.99665236057184,43.137210152719994,41.409950348179855
2020-01-17,27.760164311285706,15.280740841940311,43.79322082071363,41.3189419344968
2020-01-18,26.28603499077911,15.513899645002244,44.61669211354864,41.18126674965343
2020-01-19,26.681059829062455,15.993396181314411,43.83168773017434,41.00773940999456
2020-01-20,26.67480802478397,15.862584494136533,43.024766902572026,41.14630709991743
2020-01-21,26.93777833727953,16.10037427489934,42.45985986884195,41.08874476733198
2020-01-22,26.969043403136123,15.802716885605186,41.54563906975507,40.6460617778887
2020-01-23,26.934015148263427,16.197704753352113,41.44461931810434,41.21262204256152
2020-01-24,27.22495380739148,16.853645439823826,40.57642124119165,41.14894472008815
2020-01-25,27.82848729810712,16.285428671331083,41.73805428502792,41.30094444892927
2020-01-26,27.604015594712543,16.594154497671052,42.501302150798246,40.49801559579087
2020-01-27,27.19134203143857,16.473007576478494,42.39991158175195,40.83007347826978
2020-01-28,26.9306688789193,17.155666057306053,42.87441081752196,41.519813338442404
2020-01-29,26.52917112459763,17.442017077014796,42.95756419814388,41.7941318314389
2020-01-30,26.162692313646932,17.421147587608953,42.883882479268856,40.41762255114594
2020-01-31,26.43520847941102,17.430626452332863,43.0951284061737,41.267881471000685
2020-02-01,26.306493162279935,17.8984865366293,42.27993850386657,41.204814699067256
2020-02-02,25.646298011476702,18.118798741658367,41.744335575609654,41.6477201473676
2020-02-03,25.572829358818417,18.045257069299886,42.27690379386423,41.15120305012604
2020-02-04,25.651177170884942,18.077762827826874,42.066053408174824,40.63010903913519
2020-02-05,25.149111525300757,17.758145353086803,42.14862112298146,41.33432523598129
2020-02-06,24.424381800093094,18.84796100754385,42.05630195818597,41.50925368694839
2020-02-07,24.043293655151295,19.89305030187373,41.75691377704696,41.72266913917202
2020-02-08,23.160471515577413,19.68960958203303,41.72402807417727,41.52430664993367
2020-02-09,23.002307378572908,19.750065269853827,42.0125658575295,40.76222944491767
2020-02-10,23.206232344581938,20.361638915891312,41.85398351142692,42.041201968212775
2020-02-11,23.73767732845852,20.30491459287264,41.610451239436166,42.54091200237415
2020-02-12,23.248120672953753,20.10983311805453,41.50235714153582,43.164983919835635
2020-02-13,23.143248340702613,19.490770184058928,41.97742872696388,43.72480109683815
2020-02-14,24.58102100548087,19.432838974786772,41.87119950388899,43.38040477997994
2020-02-15,24.684238337071616,19.19328200269556,41.457759015630565,43.58978356516318
2020-02-16,24.4432846093867,19.263127744952687,40.98632499593308,43.755189537034155
2020-02-17,24.39390381765564,18.522221166282783,40.763179165951904,43.55367985493958
2020-02-18,25.266926469592747,18.85959361778325,41.07204464906597,43.67235654903278
2020-02-19,25.37309988735513,18.165227085369086,41.33131632149407,43.74416239410007
2020-02-20,26.389656152250588,18.25028470118822,41.83360790478034,43.94806382118881
2020-02-21,27.13871724475478,18.0839718775356,41.282755110837826,43.02538299222844
2020-02-22,26.6613570786204,18.35159544696345,41.13264023558943,43.512169373035114
2020-02-23,27.305653646965492,18.13167104499106,41.14542254062352,43.21947283165401
2020-02-24,27.654269914340208,17.573247487859472,42.13487716900154,43.51300783110835
2020-02-25,28.06247237834256,17.163535840260327,42.24963504478787,43.76574401649607
2020-02-26,27.846105090838265,16.720813720626733,41.89916436372002,43.85673631054104
2020-02-27,27.97605910402052,16.36816709209481,41.87706749564015,44.157233704575134
2020-02-28,27.774156690396424,16.102001518870512,40.809464930634235,43.74141795901325
2020-02-29,28.196478288865634,16.113958579686315,41.345742931329525,43.80594264774859
2020-03-01,27.618467133537226,17.09188143634839,41.863972544042625,44.69205942130965
2020-03-02,27.07343331527356,17.31377783259513,42.10548949892198,44.75145107577511
2020-03-03,27.122873471701354,17.595152281620628,42.121358820613075,44.118074140574244
2020-03-04,26.81585662632581,17.645271713987135,41.95121201607864,43.53180440150308
2020-03-05,26.556706151973003,17.63258456560289,42.82213571866711,42.77714130344892
2020-03-06,26.840807427048055,17.955342471148832,43.055774398954355,42.12153502000084
2020-03-07,26.611152285371723,17.543951669637988,42.84105148038114,41.652943393449526
2020-03-08,26.94866148028007,17.83340093615593,43.19233742584904,41.88377219119438
2020-03-09,27.211248761384798,17.286670187527598,44.44799038285405,42.42663643068004
2020-03-10,26.97248366121877,17.480302245071435,44.93836889730749,41.62971893915431
2020-03-11,26.62984658013088,17.50623117047008,44.963692931358715,41.58214874271225
2020-03-12,25.990881191924046,17.509313548614468,45.2327543931584,41.605035111659525
2020-03-13,25.832368076303034,17.045322746713037,45.00493503082757,41.6349577529436
2020-03-14,25.638004876609223,17.21789484554015,45.780221571211804,42.3315951458711
2020-03-15,25.44140800376888,17.384087712061657,44.26415787774615,42.43747105643447
2020-03-16,25.233487339825558,17.43260866815496,43.235686381864056,42.17599110152766
2020-03-17,25.419105550769828,16.306021532287488,43.75981460509359,41.7862559512029
2020-03-18,25.609942835500043,16.229759384283632,44.218281092719835,41.98483690810847
2020-03-19,25.53608730275055,16.421983049042034,44.46726854341265,42.430009495928694
2020-03-20,26.54247044596927,16.083707976782303,44.576458882944664,42.402818004038664
2020-03-21,26.10937468113277,15.626529844908733,45.29743815296129,41.585732886787945
2020-03-22,25.8599067351336,16.19997700807232,45.983937709473594,41.59550691544196
2020-03-23,25.193052571677182,15.884607057938767,46.05576073202187,41.70886209173583
2020-03-24,25.106746799847713,15.341314279522482,45.33591512257455,42.148419354472786
2020-03-25,24.776541649031472,15.47469730563376,44.2063619345373,42.690552793803995
2020-03-26,24.83184777205772,15.395279767404952,44.47619015857846,41.47595596758748
2020-03-27,24.64695250914598,15.403583040308659,44.95402400644394,41.555590582454464
2020-03-28,24.736817756458265,15.389079254981182,45.39880348159695,42.480084015477445
2020-03-29,25.472566640981523,15.058677037254721,45.695789209586444,42.73603178319142
2020-03-30,25.164394600866665,14.321806943380452,45.745312332870256,42.25372494385153
2020-03-31,24.87539666839675,14.7694431840459,46.56662277304942,42.28959720806407
2020-04-01,24.56631312294806,15.50280482666778,46.636614582081144,42.64894983869579
2020-04-02,24.50766247074658,14.861538949583853,47.3334163079236,43.353810942030414
2020-04-03,24.28981214775128,14.946487249405523,47.34400973453342,44.467048415188955
2020-04-04,24.808904450099597,15.311885537161086,47.54987162219077,44.40043962722288
2020-04-05,24.363769621958607,15.03900612111998,47.236562901236574,43.742484478848795
2020-04-06,25.58198461168338,15.306395065310486,47.52154135342313,43.33463914524406
2020-04-07,25.639594672000445,15.720528167259458,47.69050859992922,43.71736339666575
2020-04-08,25.144201432486373,15.92648391918947,47.26712505070881,43.36298691075047
2020-04-09,26.478746932047777,16.17224799803508,47.7260037204681,43.46155189253766
2020-04-10,26.64743840048039,16.80128560066773,48.375587892375265,42.767710345963614
2020-04-11,27.844098140108276,16.839071216421626,48.007137477776155,43.212642972742756
2020-04-12,26.731507022820814,16.589282413923833,47.7487601674338,42.81849884381617
2020-04-13,27.279169436302546,16.84196131861606,47.76673149818109,43.434871206816105
2020-04-14,27.07168389747283,16.947508396059636,47.433228895447584,43.438706103643455
2020-04-15,27.52367530219209,17.065041471348035,47.115524894319,43.830809669639656
2020-04-16,27.785865291455018,16.91295491365895,47.62987657895064,44.602354910716166
2020-04-17,27.586193414347164,17.2109382899258,47.68081976281745,44.171410684515095
2020-04-18,27.61892321809154,17.68490806185474,47.104007729682294,44.166273706401405
2020-04-19,27.27754897070131,18.185841739342187,47.17179078863064,44.2634403865316
2020-04-20,26.815289002181185,17.660419318567453,47.86632515929175,43.7294307170495
2020-04-21,27.048991993481806,17.809822431684186,48.45668450274456,43.03543603247197
2020-04-22,26.412020190083982,17.376729580032194,48.964712616196806,43.186795539310666
2020-04-23,26.730703794661387,16.87370568334435,49.093229378664006,43.21038283366831
2020-04-24,26.32487042271386,16.51355004842755,48.990381819281396,42.63428139405755
2020-04-25,25.97155151270032,15.941224637921419,48.759457081299615,41.36553849338251
2020-04-26,25.905827391819635,15.532463678885671,49.011017488226585,41.434865752097
2020-04-27,25.297633939813,15.019457705263292,49.053607106302245,40.938658525068696
2020-04-28,25.28289662718063,14.549482556026224,50.06453618787283,41.290127710658325
2020-04-29,24.413871343740862,15.161994183683609,50.23852523663509,42.0599774831658
2020-04-30,24.348794994411385,14.749007576460857,50.18356632894681,42.27001817535677
2020-05-01,24.654908575461256,15.955298584815727,50.000886277342055,41.63450001175759
2020-05-02,24.122175382860373,14.542865764837785,50.626647124161366,41.86457531767426
2020-05-03,23.795735021213503,14.663579197086616,51.216484526391,41.580676748251165
2020-05-04,23.585549566187147,14.735139058630214,49.96424117905608,42.108401434686876
2020-05-05,24.26545924421799,14.998903928397768,50.62971317167358,42.541167637299594
2020-05-06,25.154868355333146,14.668924456673402,50.60400448075203,42.65497122548117
2020-05-07,25.15714024938169,14.050888340601295,50.16481215329081,43.45089212323245
2020-05-08,24.90531689030458,13.09938860984309,50.09479881457965,43.733352250127595
2020-05-09,23.999544959735548,12.77701947972384,49.52797892201196,44.21910361582988
2020-05-10,23.815966673440624,12.112895599713408,48.9308774991388,43.95447606551473
2020-05-11,24.4152791002536,12.025972415058117,49.37275345811149,45.1466645704075
2020-05-12,24.336926533613287,11.590044465690573,48.65970068726408,45.1915505723817
2020-05-13,24.148444846729138,11.128526981699952,49.45222220197048,44.803001143257575
2020-05-14,24.22222606629767,11.461492024089779,49.51303769961473,43.9706307347475
2020-05-15,25.137253825986413,11.578892877037031,49.31125953777427,44.20420315208224
2020-05-16,23.54126864007319,11.085922950883818,49.120565277331885,44.11417798561701
2020-05-17,24.60022415527619,12.355312216512191,49.48586225434703,44.34646734639309
2020-05-18,23.405023701816553,12.41127316902299,49.16028792142566,43.4404691615622
2020-05-19,23.667446031161884,12.077361685185151,48.780971193353125,43.59113631207522
2020-05-20,23.10292646950524,11.551116248302854,49.21555122785183,43.49520160380421
2020-05-21,22.837020114263815,11.245747493368356,49.114105758646375,43.11725397232716
2020-05-22,23.004089623909152,11.046562785437647,49.78807100380196,43.965874683959704
2020-05-23,22.227630975536524,11.008816965246956,48.26461578190442,43.19242199284456
2020-05-24,21.930100296494487,10.346074069828713,48.56714644006783,43.08229062433513
2020-05-25,21.239806811402516,10.074334157906915,48.494053564652035,42.9873402933947
2020-05-26,20.888768012079407,9.751254661266234,48.319421988282144,43.26397627151228
2020-05-27,20.627058753215522,10.041726807115701,48.174696967857045,43.462913867636146
2020-05-28,20.377627553897064,10.47856449098293,47.60938209766516,42.500409932324416
2020-05-29,20.379210203976598,10.34723584693242,47.68530786046493,43.44777407944775
2020-05-30,19.97526081263637,10.514810549186308,48.74947622742088,42.812320022843736
2020-05-31,19.64099587103286,9.890466505636864,48.69361487002672,42.765513700744734
2020-06-01,20.33598181875561,9.556152176094159,48.78668906015832,42.28269392320161
2020-06-02,21.225288555543436,8.988575919774398,48.472839278025724,42.13579391533622
2020-06-03,20.800053221858114,9.050363967175773,48.72182356722645,42.94591657720391
2020-06-04,20.907587936678112,9.332641026962222,48.23299092036372,43.146237796580166
2020-06-05,21.353101073166545,8.168010194883413,47.69583979694896,44.092754472615724
2020-06-06,21.584094325327115,8.055902316176887,47.929864963651205,44.5213905668678
2020-06-07,21.828152566199243,7.534647546596288,48.96662920046292,45.14303661837561
2020-06-08,21.86721427731708,7.940937880371482,49.20396856073664,45.255032118233835
2020-06-09,21.442402598697573,8.70613406483887,49.48909513602747,45.49316332138612
2020-06-10,21.20867483593705,8.387913580791862,49.640382213867554,45.67544689252416
2020-06-11,21.612141047241135,7.625773895989026,49.73379173294161,45.90012668630842
2020-06-12,20.54563412391184,7.45001423930835,50.472559864068884,45.50999279549784
2020-06-13,20.596400832247657,7.195652323448776,50.06209947451648,45.42036024817242
2020-06-14,20.000998555844912,6.798681864291508,51.4009739077131,44.924825723717625
2020-06-15,21.02787139954851,7.694745241892212,50.68613143877114,44.778998647098724
2020-06-16,20.580163014304766,8.189644869619832,49.69577121750179,45.129843707017514
2020-06-17,19.74405967546256,7.719335428447591,49.76117502422112,45.024913743485484
2020-06-18,20.50876810607521,7.139679241554717,48.61108637349815,44.56066126642357
2020-06-19,20.4500744680644,8.08519660793304,48.19548732511272,45.220957699633466
2020-06-20,19.759635302105483,9.046855762655282,47.642997672533106,45.70717964615234
2020-06-21,20.90487761402281,8.362460068211174,47.974261631364705,45.74025982657133
2020-06-22,21.25606098492688,9.095117975423,48.60727794953386,46.082008662837154
2020-06-23,20.486173489138015,9.91310118959985,47.96058621710027,46.124523109216625
2020-06-24,19.82436473829806,10.691082158564537,48.43888332291946,46.13441224083676
2020-06-25,20.310495214146947,10.077417265783591,47.59663771893325,46.01525677174444
2020-06-26,19.672918935169847,9.652984288318546,47.37606428871264,45.49787583053684
2020-06-27,20.094789626772496,9.56963213012836,47.694135199535914,45.51713204877257
2020-06-28,19.220004044484654,9.877460766305163,48.348095048183716,45.421112957505294
2020-06-29,19.14325081627075,10.163862663727917,48.12408416039743,45.74640486761777
2020-06-30,19.186232405354122,10.118689362810192,48.563732190488466,45.883474943646846
2020-07-01,18.749194233441223,9.883426470331663,49.46388317766875,45.89758853990449
2020-07-02,19.22985176188767,10.622012744981166,49.97841797432341,44.728560864710424
2020-07-03,19.351691440837822,10.240652419170065,50.658968525345834,44.72523217919586
2020-07-04,19.686832007919218,10.038142024639502,50.63927748536385,45.80696603563092
2020-07-05,19.56536046772209,10.547591278499794,50.832908825522274,46.06754235621266
2020-07-06,18.982004708118602,10.479360681150986,50.60613930825364,46.853802378186685
2020-07-07,19.018803457598583,10.58699973680871,50.133589610674214,46.50210026278814
2020-07-08,18.16747302700861,10.93803042447911,50.41230930308464,46.54764081942878
2020-07-09,18.354604101022343,11.244743253769826,49.70611153913259,46.765202109245294
2020-07-10,18.17237470698315,10.699112160143414,50.19687094046829,47.36189915297442
2020-07-11,17.801075328289947,10.064034890160002,51.227688333887,47.191423652847185
2020-07-12,18.088777788236417,10.507721339579442,51.451041817827445,48.4281225605221
2020-07-13,18.07034332565523,10.465263643770772,51.60335192205385,49.40192365096912
2020-07-14,17.85497423459891,11.368111586638758,51.160042807642746,48.628393064495356
2020-07-15,18.298667480872446,11.456266544100568,51.429843077361596,48.550028823969654
2020-07-16,18.324040751530227,11.751610016582095,51.17275195676572,48.32532534530821
2020-07-17,18.432521334033005,11.831015267820195,50.844015617250456,47.709859112473225
2020-07-18,19.612283614663234,11.627869270802524,50.74166926288018,47.787493450459095
2020-07-19,20.10530353939697,12.67827389592807,50.94707607321387,47.98299397634224
2020-07-20,19.886441849379466,12.572761122591732,51.53524458067176,48.754321833116116
2020-07-21,20.402162292678497,12.08844878284922,52.07185370278789,48.941483768094045
2020-07-22,20.637529017566322,12.845699481587303,52.53593396483704,48.86417330834075
2020-07-23,19.81772546228758,12.98184852958534,51.60911753364773,49.2076471681259
2020-07-24,19.647482362747724,13.986179439461068,52.25640016794169,50.03043840989648
2020-07-25,18.713464468318367,13.440427082115038,50.96116420278456,49.00136937398889
2020-07-26,17.882930225367872,13.072731768246102,50.85581178631298,49.728251755421894
2020-07-27,17.326186754100746,13.205095596006597,50.671236466233275,50.31353479026498
2020-07-28,17.440915136996622,12.702234620107024,51.4831268719402,51.02686522252514
2020-07-29,17.731239192393176,13.844483581200784,51.609934219584375,49.67032289214208
2020-07-30,17.511236310604477,14.028287048138376,51.76526671388412,50.405202058548056
2020-07-31,17.75780603844545,14.792698095732408,52.45551631717119,50.392043524819016
2020-08-01,17.212369090392144,14.815708103865127,52.61096045055929,50.92514679728656
2020-08-02,17.433522229728823,14.484330332764447,53.78917164291265,50.74131248366712
2020-08-03,17.112816581726335,14.910525208230592,53.491225363424114,50.446642949222216
2020-08-04,16.927395947985673,15.346844862859495,54.53367483864647,51.18627351601124
2020-08-05,16.531020719196697,14.642331821802657,54.962269194354036,50.73248823213113
2020-08-06,15.75851985580566,14.892563020964607,53.96275702770214,50.31301123762146
2020-08-07,16.34092997187889,14.91060045892689,53.86033105439806,50.427186641124166
2020-08-08,16.213789687451175,14.977256458612597,54.84687995172183,50.103950936926495
2020-08-09,16.744816059147794,15.692202752523245,54.21179461309789,50.384445918646065
2020-08-10,15.250489277338783,16.170999670421928,53.61647129773928,49.73133787930308
2020-08-11,15.423927074606139,16.58257278158638,53.476065804666206,49.91999789408044
2020-08-12,14.902517099388433,16.68769474418398,53.52665593963475,49.167192683184524
2020-08-13,15.188469663027037,15.843925739461909,53.027591301390984,49.5467257062877
2020-08-14,15.322844498217723,15.175705119827082,53.31580503723785,48.829741943239476
2020-08-15,15.934998228922998,15.506755446365805,53.405636557385215,48.06507826888626
2020-08-16,15.705614970409435,15.785694853771986,52.31453343068145,48.546883566075564
2020-08-17,15.28384838932522,14.35319141049491,53.265816470763276,49.08605776677501
2020-08-18,14.88136905604161,13.701314917903971,52.15290774913226,49.14116190959604
2020-08-19,14.871811688081337,14.093696618503682,51.7933740280353,48.84684012675324
2020-08-20,14.80421897201019,13.861678207928694,51.81650557146543,48.19738109303586
2020-08-21,14.76434825771983,14.030559598101327,51.537545386272264,48.28190111281028
2020-08-22,14.661936054247354,13.675081143904233,52.22585578308961,48.49347888889705
2020-08-23,14.562072219830512,12.71686681262803,52.56524718694741,47.86618611936915
2020-08-24,15.058909624664103,11.700984771532175,52.9847180070291,48.087276790067556
2020-08-25,14.99614840969194,11.927760318542443,52.93715670271742,48.96192734885349
2020-08-26,14.560357776111243,11.980981585626452,53.1374035970817,48.88538028448851
2020-08-27,14.68466361230968,11.933077465933327,53.67358833504292,49.0700217377224
2020-08-28,14.687233362100942,12.462786339173578,53.69599785957335,48.93774643549743
2020-08-29,15.000178767010127,13.042427847598553,52.91853997275845,48.32390870178704
2020-08-30,15.399525461427615,13.38248633894942,53.30115004735229,48.35512260938745
2020-08-31,14.708051126851526,12.262345620983055,53.24309216495361,48.53554064056905
2020-09-01,14.134264310929366,11.748059398019098,54.0727083861159,48.39194799480569
2020-09-02,14.39711111966065,12.16671846032883,53.951938086354154,48.04445043603524
2020-09-03,13.765789321253417,12.870544154764522,54.61301941505606,48.202723209328525
2020-09-04,14.019574750642997,12.685364247651073,55.43221727787504,48.70907852530884
2020-09-05,14.037706577225196,13.319856780240967,56.24676625251504,49.637903199060574
2020-09-06,14.144431984448964,13.174214286298511,56.59660671920395,49.747750445742284
2020-09-07,14.186961772256074,12.626037131747422,56.17284097304806,50.176013516110395
2020-09-08,14.898209497012562,12.639179363114096,55.67735894487385,49.703646133382264
2020-09-09,15.2450105564357,12.48609375727853,55.73625232444044,50.53393331882061
2020-09-10,15.167052561690506,12.201196941441651,56.25958656126044,50.53848381795546
2020-09-11,15.858248886951767,12.819669712917449,56.54967924146517,51.505134158211725
2020-09-12,16.311492282900943,12.153606354329233,56.62929736031464,51.59664313030841
2020-09-13,16.093133139817667,11.995511598787084,56.716629079272145,52.021989358706975
2020-09-14,16.352791731857238,11.663387501282756,56.02996437600189,51.85259252951953
2020-09-15,16.469684336948898,11.379302909494022,55.755174742777534,52.488688362778106
2020-09-16,16.760858093516838,10.932363143309022,55.44732287495249,52.29249469090041
2020-09-17,16.611322582274855,10.29372102598872,56.65705685990717,52.214111487433534
2020-09-18,16.006346316374803,10.029401581342634,56.70743561032894,51.24480432525459
2020-09-19,15.999204551460954,10.295116714925616,56.556871811323774,51.98524148242202
2020-09-20,15.548042642608824,11.243618762939152,56.814571552105335,51.832654268700196
2020-09-21,15.116621785815683,11.958039388366469,56.88292570065307,52.3023154451034
2020-09-22,15.033391091762963,12.149812276238166,57.0808798196141,53.04817782145731
2020-09-23,15.672832688543487,11.891561487770154,56.282230018571966,52.567442357025996
2020-09-24,15.2666302134278,12.103542085978553,56.14286738403734,52.586113647527796
2020-09-25,15.692863112602765,11.848231425066428,55.75369119547805,52.09442530726582
2020-09-26,16.61429045169105,12.245847992066683,56.82133647484004,52.22524930229838
2020-09-27,16.669201885770278,11.705762686677405,56.58962282430291,52.38125516027495
2020-09-28,16.83421661339108,12.202600472948042,56.21602438380333,51.91283518861769
2020-09-29,17.312925460989064,12.27069115024883,56.77177464758552,51.625894387941116
2020-09-30,18.051855443817356,12.126317961081387,56.68757980461741,51.76339889766312
2020-10-01,18.40579090747608,12.324385719808276,56.732219937046025,51.31612507403426
2020-10-02,18.04135144909344,12.698281303591582,55.89435521766615,51.29870229143198
2020-10-03,17.331752513208965,13.162972259435683,55.56310985478328,51.4061435921361
2020-10-04,17.05307240145701,12.680377007183942,55.8477452977355,51.07123374762668
2020-10-05,17.4483689136562,12.300494205884213,56.05264544756541,50.63942678192973
2020-10-06,16.970682676361783,12.108209115572592,55.79219099378702,51.09084174047869
2020-10-07,16.92448024228986,11.825226934938193,54.88379977774628,51.26151353972129
2020-10-08,16.80123062496706,11.865084521174591,55.19718005073659,49.95071304615912
2020-10-09,16.232202059019915,12.57344126078521,55.35289332211174,50.115378517108184
2020-10-10,16.09958170404763,12.857867279037723,54.91930994688393,50.56398522616933
2020-10-11,16.557133711595448,12.919049492148561,55.21098903011367,50.3593740355224
2020-10-12,16.5448647273182,12.884674951413198,54.66444509252443,50.633320652196
2020-10-13,16.52382437643345,12.874050311445536,54.758810917939115,51.62052837690912
2020-10-14,16.194281841546665,13.377807871066555,53.86645587382802,51.74278696981365
2020-10-15,15.047577534874982,13.417028671156377,54.33165486029934,51.44430669382585
2020-10-16,14.995765308733285,13.222446731624427,54.54056966403505,51.19783152912863
2020-10-17,14.661769648066688,12.872571316686631,54.84680198183896,50.68925494293498
2020-10-18,15.431992458908217,13.243221849665858,54.90224597078419,50.92870657811741
2020-10-19,14.857784043167515,13.693999182917509,55.044436181090354,50.309780479719045
2020-10-20,14.63004549320855,13.513332497626623,55.246923025370094,50.69104578803671
2020-10-21,14.589461978489975,14.088386670038545,54.70362751913275,51.552874881262724
2020-10-22,14.359275960246146,14.108467746514853,54.98647445025706,50.54726784915247
2020-10-23,14.549768124100673,13.514432799841666,54.44799799688862,49.81638527901447
2020-10-24,14.879966039509991,13.604648601466682,55.47915260916473,49.43078487564978
2020-10-25,15.164362490920464,13.787312754900032,55.632147744424785,48.80232781787511
2020-10-26,15.413835264508256,14.257339530833404,56.25909710031331,49.3377924686986
2020-10-27,15.800921310723805,14.333135288760973,55.82676790002187,49.028038526957204
2020-10-28,15.427422574391157,13.33041495340642,56.010235682223346,48.18323986083476
2020-10-29,15.34358969502209,13.16385288746173,55.804135355464,48.23693437095293
2020-10-30,15.49727753817471,13.105243919178939,55.93200223488294,48.19173952180407
2020-10-31,15.799792671975274,13.281260466495112,56.00950209429388,48.33577121268823
2020-11-01,15.255359556664011,13.615635368717083,56.087719784758804,48.06531080913723
2020-11-02,15.300143964333232,13.717322429562614,55.24064062104025,48.26221148728174
2020-11-03,15.830347417401132,13.802524730994003,55.45270299845017,47.43627496252181
2020-11-04,14.952498262258942,13.13596823101779,55.21678440934003,46.5848758501143
2020-11-05,14.422879922627894,12.655211471827759,55.14470006347814,46.79877970922624
2020-11-06,14.782938883738801,12.618255564802617,55.77243333147924,46.4219315738947
2020-11-07,14.793300862416242,12.773671905488971,55.34628403334992,46.800447578559414
2020-11-08,14.342611167549638,13.529318942012477,55.2784068561008,46.771678046753884
2020-11-09,13.73653636272679,14.216591982510728,55.88625000841435,47.17474015082705
2020-11-10,13.994913610631425,14.350791689429677,55.078418894723114,47.296992073314875
2020-11-11,13.890050158751478,14.349602460834092,55.22291236346953,47.343704934083746
2020-11-12,13.653143106271408,14.651505229214493,55.70093380759362,47.8791287856255
2020-11-13,13.759045426214724,14.41338814587095,56.518670385597275,48.375729388276106
2020-11-14,12.656131204111396,13.447471919058119,56.18613738267035,48.57725934111873
2020-11-15,11.855426945742598,13.391219496962014,56.16484359020959,48.42375652149219
2020-11-16,10.932926509969748,13.52020098572437,57.156691855202226,48.840760027049456
2020-11-17,11.00943180514481,13.122029912185468,56.62907495955494,49.493790259212496
2020-11-18,10.964099900963385,13.485038012806596,56.606867419613955,48.88359720325734
2020-11-19,10.001974469236814,13.083977176790883,57.64179984336043,48.39179591761212
2020-11-20,9.461676742646105,12.636481779111723,57.583234304788604,48.48707530638484
2020-11-21,9.84965949810649,12.07170417094604,57.12051422935181,48.784414352802514
2020-11-22,9.26697888100361,12.101704403009219,57.1128015848357,48.741284911607195
2020-11-23,9.727075085226996,12.147403768037812,57.545992851456745,48.30958658463808
2020-11-24,9.14112101687481,12.460199782273012,56.90407687023611,48.209943359821644
2020-11-25,9.882453074597631,12.312470440922807,56.649350664338385,48.716677507298826
2020-11-26,9.03685209187654,12.9534680579877,57.26617403478603,49.29671309243521
2020-11-27,9.451260195060318,12.371456400774996,57.91554206546811,49.60756663812069
2020-11-28,9.167451364566432,12.55994172502166,58.46002446514505,50.278571315449724
2020-11-29,8.554981348995724,12.615804734217491,57.290812092313885,50.63308209673304
2020-11-30,8.96876474437483,12.488964563767215,56.47661656588888,50.333776498515384
2020-12-01,9.333283773689349,12.788456486073024,56.54464108327469,50.771721036222786
2020-12-02,9.394096988294052,12.728702309148776,57.34094747176188,50.31117196836705
2020-12-03,10.446298790019735,12.771432438629578,58.24948066891119,49.74375756561224
2020-12-04,10.308171391607925,12.908216231695427,57.97663143576084,49.742712268486166
2020-12-05,10.730869679496488,12.692512797881225,56.935995565812654,49.36771510601859
2020-12-06,10.655123939242392,11.200746568281245,57.039899971295,48.82546329878385
2020-12-07,10.55751874048768,11.172986557141497,57.53313156824679,49.23773026691116
2020-12-08,11.054233318067926,11.047679557828056,57.92940028550818,48.581983770432934
2020-12-09,10.466641776925066,11.28781903915025,57.84685385705262,48.85357614325277
2020-12-10,9.798890796366788,10.904891553407783,58.37750167866856,48.59554841404685
2020-12-11,10.004409723620334,10.482030581840506,59.04845547110957,48.65239853286256
2020-12-12,9.717613570448776,9.804251265799055,59.09199284724777,48.66134685147659
2020-12-13,9.945770996068305,9.805543949457313,59.62463990110028,48.42165641748808
2020-12-14,9.294596507965679,11.247823352910446,59.74360199647768,48.0231586899239
2020-12-15,9.461126661316467,11.435473393685298,58.49905590417331,47.93906919374441
2020-12-16,9.613841608257903,11.754315481784655,57.96481752232498,48.15681288106459
2020-12-17,10.099273105248152,11.570647154105426,57.58062055035164,47.42141646117898
2020-12-18,10.979346642895361,11.499053665201572,57.39996475341846,48.091584778044286
2020-12-19,11.301242141512018,11.944903124063284,57.4633367909949,48.760297231243435
2020-12-20,10.956624950149674,11.76254637144069,57.697591610544606,48.44785518629392
2020-12-21,10.182468277775449,11.71171845476069,57.2374347663378,48.667349309519196
2020-12-22,10.93499353754321,11.119334675814098,57.090322708762095,48.56069524278101
2020-12-23,10.17942911817756,11.005989491766444,57.15666585277553,49.005905544211615
2020-12-24,8.829020483101456,10.868887352645547,56.93638968805296,49.72592330063516
2020-12-25,8.752901845697167,11.317336996631173,56.651774556888995,49.021943143124254
2020-12-26,9.49104718451325,10.47202429046758,57.13414317338008,49.62360316778312
2020-12-27,7.7565451203850095,10.608680885467482,57.97118106513865,49.154805648444956
2020-12-28,8.069971862187181,9.543400526838868,58.305413228190005,49.33054341187672
2020-12-29,8.142870225094804,9.069684887993986,57.60806295850983,49.17317949652632
2020-12-30,9.24791496671926,9.544819846634978,57.261775753043906,49.78106839125108
2020-12-31,8.712408471345043,9.3042828685138,56.17533488318291,49.54180392816299
2021-01-01,7.939705848657898,9.788817985554129,55.80640459002023,49.00294320076291
2021-01-02,7.353777773170744,9.89644687298766,56.19093520059516,49.00075817295432
2021-01-03,6.732787003850767,10.468815574120319,56.63553528019226,49.11655929186106
2021-01-04,7.007161363697762,10.600809635150707,56.634295428981716,48.92313506839865
2021-01-05,7.156764318895377,10.706007463286195,55.744516280454526,48.74111943014704
2021-01-06,7.135491152834199,10.749905793149075,56.12155874793233,48.917032154387655
2021-01-07,7.206802651678835,11.051671182123915,56.40337297299321,49.27181765763608
2021-01-08,6.575841760162142,10.450356147824822,55.740875348075846,49.49531442908707
2021-01-09,6.972799934956807,9.812008222924545,56.09410567885308,49.782095761066515
2021-01-10,6.643658704727635,9.826861336414442,56.00786578907397,49.33192689283495
2021-01-11,6.0717531796041335,9.93959653379842,55.37922562611055,49.30193183143253
2021-01-12,6.664702221909931,9.155692910552627,55.12206675265479,49.69159768654853
2021-01-13,7.662795726422498,9.144842928646352,55.031101330627635,49.49446375162409
2021-01-14,7.8098900325325324,9.092021831278618,55.09923132343589,49.789205621263186
2021-01-15,7.384757175605049,8.635580329104123,54.54831033147737,49.859416117390424
2021-01-16,7.347754122641238,8.633429731737579,54.40512320168049,49.714971019768875
2021-01-17,6.812699753917933,8.54147093520575,54.137044987667565,50.07859277118679
2021-01-18,6.542438289751555,8.74008386353172,54.29981932956525,50.53964580844663
2021-01-19,5.850846503645506,8.747132168819672,54.85802536243418,50.66923003465686
2021-01-20,5.273694692706002,7.764776786831073,54.88782806730791,50.594379762078674
2021-01-21,5.331410650135155,7.772197344672817,54.311318881276705,50.840471360313856
2021-01-22,5.60789296032026,7.788247854790297,55.15484651959903,50.33188520982212
2021-01-23,5.10647066650127,7.9412922865731375,55.425112197272384,50.924046464853035
2021-01-24,5.910899743628757,7.990954472843205,55.86191811320286,50.19250737443353
2021-01-25,6.524123372422249,7.456672336269463,56.27081070277005,49.4997723402697
2021-01-26,6.213006079233114,7.223945337420146,55.46011081404066,49.309006012981186
2021-01-27,6.752377442138933,7.0675956366605615,55.41263700951913,49.16116315380366
2021-01-28,6.929880784975371,8.226480429206864,54.93656432546412,48.86110670162927
2021-01-29,7.474033966555265,8.223165216436165,54.69921120805376,49.987040264287444
2021-01-30,8.11303788877581,8.106768841745293,54.84549658103651,49.26083981229297
2021-01-31,9.117365760292017,7.882051734200672,55.50413580814523,49.76344762818144
2021-02-01,9.10552639060376,8.214760637091823,55.31693339698705,48.89027771645864
2021-02-02,8.384509991221691,7.743196655892341,55.39554808628024,49.20398156679262
2021-02-03,9.469430779654118,7.727197117908352,54.99320775173797,49.05907444127323
2021-02-04,10.177289895243195,8.554988943737266,55.44887441381515,48.56117511540141
2021-02-05,10.161052307929832,8.580172934971229,55.653658650309374,48.72738915831849
2021-02-06,10.300708907241464,8.437703524035086,54.9272510651674,48.725987213771
2021-02-07,10.774688406743044,8.28123729103992,55.47006549535905,47.9429924549087
2021-02-08,10.705723819759045,8.92525405118553,55.93845032645087,48.420765861397
2021-02-09,11.04767457440476,8.3415723633707,56.732211365661044,49.23269306648999
2021-02-10,10.659370887648617,8.210966809298945,56.97646123525897,50.36458682796093
2021-02-11,11.130484347535676,7.644063935790056,57.56631273774295,50.50817682111638
2021-02-12,11.608346484568463,6.899913745324188,58.423547086160156,51.346659735812
2021-02-13,11.745785561483286,7.216493962961026,58.306786985341525,51.051122795991475
2021-02-14,11.985324048059727,7.482041475017295,58.762760075579706,50.83586071442522
2021-02-15,11.288024836450164,7.420115124399437,58.27473399393378,51.53553611242246
2021-02-16,10.72418702494098,7.390737489922579,57.97844687375478,52.044874939378886
2021-02-17,10.730590714355895,7.936566452746458,57.44850088170978,52.482670494192796
2021-02-18,10.952267131779044,7.524855060856439,58.83815351201947,52.88290762573991
2021-02-19,11.499082100263337,7.996484488207608,58.738332923653395,53.182014206913834
2021-02-20,11.904551234002296,8.79572951436971,59.1413700888489,53.497884405506476
2021-02-21,13.13666875323301,9.239080470640118,58.69894510584338,53.86675399710977
2021-02-22,13.178251321004653,9.095192052786187,58.533427448151755,54.422243821135105
2021-02-23,13.873859904249692,8.294926513449319,59.52052559884678,53.944944283908065
2021-02-24,14.651099902500263,7.5226523447700835,59.94271438322501,54.099192136730984
2021-02-25,15.146122800652863,7.262072367796311,59.15664501757789,54.45740979170285
2021-02-26,14.687977920178275,7.130425507167875,59.4667506381124,53.516228117729185
2021-02-27,14.679691560365935,6.966822710918361,59.165635692454345,53.58986162845801
2021-02-28,14.091987062443886,6.766131743809424,58.29603890044109,53.10847061718432
2021-03-01,13.597240784523008,7.164964438549028,58.35823245311022,52.34209794677049
2021-03-02,13.039249264017725,7.153654797972504,59.550065955997,52.04234390666012
2021-03-03,13.330767636070375,7.679538885577626,59.77044972394788,52.57479013315866
2021-03-04,13.056276143621442,8.124454575330116,60.22923800419714,52.49791749540904
2021-03-05,12.595858070266642,8.554355769399988,60.00587949149087,52.573908157119604
2021-03-06,13.267481298495884,8.34238114887343,59.86302022493489,52.800890387629224
2021-03-07,13.267266987874832,8.4136017391395,60.34197384850046,52.17169064996514
2021-03-08,13.325480320497109,9.040945126843422,60.15596391778999,52.03922304045919
2021-03-09,12.844681568633657,9.03186365766591,60.012351826766164,51.5912586643051
2021-03-10,12.61462577887936,9.684309406066856,59.447529235062916,51.31586936767254
2021-03-11,12.509188686331099,10.526744005696418,58.99754410297217,50.38541181316364
2021-03-12,11.748494013436803,10.793920376938523,58.72739547337072,50.88820674424022
2021-03-13,11.501189412322883,10.447590150202917,58.49217838116641,50.752360232921106
2021-03-14,11.310400988728182,10.347309317419173,58.501898515523486,49.811445665060035
2021-03-15,11.599578784804544,10.199637732438084,58.90345848497854,49.835429362343824
2021-03-16,12.051555107737476,10.304539162265282,58.861975183001256,50.458163105964545
2021-03-17,12.774084160349638,9.736159514344209,58.69004681948975,50.587901513577805
2021-03-18,12.995675486670335,9.186681489010201,58.78256560049853,51.24740540864429
2021-03-19,13.368656854814928,9.40770708318296,58.96419931735147,51.42389942694729
2021-03-20,13.935841330258652,9.217849008341982,58.94338947431138,51.700397611422034
2021-03-21,13.959081291980226,9.098814375482311,58.50656010310378,50.56077489184739
2021-03-22,13.797293719570023,8.3951212183897,58.56742752729484,49.88938074276891
2021-03-23,13.459017839342863,7.601458941841006,58.10625667820712,50.22434873333216
2021-03-24,13.550766455701073,8.137448164427166,58.047574619349184,50.115579014514914
2021-03-25,13.72908987179125,8.236453041826103,57.784144770125046,49.81750777976337
2021-03-26,14.70631433567905,7.953063062748598,56.997899358305034,49.060225033278726
2021-03-27,14.321057076123015,7.689661934051685,57.17345092114806,48.91916985680175
2021-03-28,13.95821155948429,7.8937904684841484,56.7433981356114,48.373040264094726
2021-03-29,14.580030569261574,8.55609950473773,56.13909151088006,48.24693547785307
2021-03-30,15.103659838329365,8.343366524884763,56.07164582832371,48.31468480085638
2021-03-31,15.086846329926361,8.151908880120292,56.011784340878435,48.26344980988099
2021-04-01,14.509008110446956,7.575702467070169,55.63707741636354,48.49965017306882
2021-04-02,13.852960312590284,7.988534387701971,56.199502053371795,48.04584265101429
2021-04-03,13.865607674828949,7.661196660612106,56.50092946721769,47.88185634200241
2021-04-04,13.588615568341039,8.107817662932261,57.19826112860623,47.29254376340922
2021-04-05,14.289496557151113,8.327267286681469,57.957706367982944,46.52936266362404
2021-04-06,13.984409068702657,9.014106959304467,58.179219127426315,47.01217010361683
2021-04-07,14.047163714714998,8.418196400537125,58.1556038877045,46.77938337189066
2021-04-08,13.606790883438997,8.32107838698251,58.57620796135342,47.27176429972716
2021-04-09,14.189248437798549,8.030728787542845,58.724893294427815,47.434463830479764
2021-04-10,13.730710908524598,7.814031567310165,59.16203487430059,47.824285259302236
2021-04-11,14.206996147258176,7.670443831870065,59.22579271936859,47.51799197714994
2021-04-12,13.646487677381007,8.090863090980767,59.73500396932742,47.21939157731291
2021-04-13,13.19003834920349,8.512516555269615,60.65328369134434,46.16194323495788
2021-04-14,13.995741433549627,8.431582326590485,60.861635287281445,46.47671468072441
2021-04-15,14.274178825516726,8.069008604597444,60.33506913312244,45.847121379938514
2021-04-16,13.884153416427203,8.610304338263367,60.95350617193728,45.98766479601917
2021-04-17,13.608740597778876,8.893869098655358,61.366978687194546,45.45764186440249
2021-04-18,14.181915969109513,9.035922937388401,61.232415826280075,45.7072012113647
2021-04-19,14.552244836515094,8.866798887912006,60.87404637204056,46.363381631998394
2021-04-20,14.061774032291051,8.765443025409544,60.051893286367196,46.964218696951605
2021-04-21,13.676363613113544,9.029115944212773,60.15313952295487,47.25895683682518
2021-04-22,14.42377494081732,9.892118860931008,60.356062041491285,47.03390644592004
2021-04-23,14.305297388191617,8.593126967158009,60.66956678282917,46.49395873280113
2021-04-24,14.287858975313373,8.66762331859427,61.46382463913019,46.765038923817755
2021-04-25,12.95836842071843,8.546158622556549,61.47131369210222,46.66849997145572
2021-04-26,13.456703073063062,8.53800622223992,60.590318581021194,45.66580253717079
2021-04-27,14.06724091894303,8.172802240315052,60.12147742280493,46.60032254600081
2021-04-28,13.640044873635068,7.787671127743762,60.34264815871548,46.639804897320886
2021-04-29,14.452275071060008,7.867224215791911,60.247378688322506,47.40491665838029
2021-04-30,13.736650929024265,7.455268736874155,60.23059884428271,47.917043860025686
2021-05-01,13.384131346964432,7.522644733598165,60.08830414360561,47.355411325798656
2021-05-02,13.559528947584939,7.71088805040568,60.68902315564373,47.41246188513663
2021-05-03,13.516436428625168,7.675436323374241,61.478039823116234,47.23373658423556
2021-05-04,13.882733056944561,8.21462390707656,61.53903569938451,48.27509594850372
2021-05-05,13.225914684711327,8.522549907545955,62.012860678777486,49.04773303750795
2021-05-06,12.972090898142977,8.489455450469555,62.02992514231419,48.664853709694526
2021-05-07,12.692125755173548,8.70238330126916,62.044726990435876,49.29870360804498
2021-05-08,12.08513309367251,8.140543133403487,61.996882730553786,49.05844206572194
2021-05-09,12.37211213815399,8.03885422019269,61.041280126832206,48.793139019194236
2021-05-10,12.48607284580575,8.018337928360735,60.30057399410348,48.91523596486591
2021-05-11,11.666061120347209,7.250821507844739,60.267037664207265,49.303431380954684
2021-05-12,11.323604381956711,7.896962423008414,60.60912772112763,49.79026452596935
2021-05-13,11.511791929970478,7.7977218842053375,60.70458367062946,49.81148010159655
2021-05-14,10.958300486398617,8.351034046422606,60.34527569072909,49.80114848490243
