date,USD_EUR,USD_GBP,USD_JPY,USD_CNY
2020-01-01,85.7867987814834,87.39193410620183,87.11505133464877,46.56068952467603
2020-01-02,86.32926341168782,86.5266528591718,86.93178326416948,46.35724980067491
2020-01-03,86.02063229167429,86.21907586498806,86.71011734834248,46.65418117119039
2020-01-04,86.52469063965393,86.01820365742434,86.6337989859578,46.90110505701149
2020-01-05,86.40636056130938,85.7479214471232,86.13969583187753,46.708950562565
2020-01-06,86.61039530824291,85.76010272550954,86.45045881892746,45.64532390630376
2020-01-07,86.76773116356121,85.83905581729218,85.8349132877009,45.24559578017109
2020-01-08,85.85840599621768,85.95426878342803,85.7460455823606,45.417903078581
2020-01-09,85.5019822953603,86.39739814325578,86.20107700362678,45.859891767953634
2020-01-10,84.89393235262158,86.76412659329367,86.07283921225344,45.5575238241217
2020-01-11,84.4880592127394,86.01309061506537,85.54953503446897,46.22978882570982
2020-01-12,84.64422011686337,86.08804978447291,85.71782030598517,46.9766813430398
2020-01-13,84.25488663782455,85.78202191688649,86.0810954472365,47.325849960634734
2020-01-14,84.41911769756722,86.1918301010391,86.31660071398511,46.75785611261486
2020-01-15,83.86517215145477,86.83959716605106,86.57416859387811,47.11353599107092
2020-01-16,83.70096048917844,87.26040742382952,86.22214997132383,46.8443350176796
2020-01-17,84.44202349490688,88.21342286914413,87.31798715914672,46.54771554047043
2020-01-18,84.03372827933904,88.58994577837511,87.83430366144233,46.77420251747545
2020-01-19,84.42152037292473,89.08939435254247,87.4977262083648,46.988481577998336
2020-01-20,83.68884022086893,88.69237343541135,87.60934530947435,47.21650058224061
2020-01-21,84.1055681361814,88.6799341840091,87.719989253545,47.544970490435524
2020-01-22,83.66442056276264,89.02489413551156,87.8008734586053,47.5165022422533
2020-01-23,83.30799974166283,89.16917261842866,88.01836386087415,46.79207765082119
2020-01-24,83.82882587352904,88.71239389293022,88.01840806094866,47.83343054196942
2020-01-25,82.6317329896105,88.25063791672709,88.3155471708938,47.637970521695905
2020-01-26,82.5399354639887,87.34540217616579,88.7529236133022,47.28156728789343
2020-01-27,83.00973598990919,87.53143163152986,88.9539024444147,46.67414091600772
2020-01-28,82.09481528237174,87.01621421017167,88.6448169124591,46.74998426635214
2020-01-29,82.01636369666677,87.35204620540307,89.23156776669376,46.76783400749227
2020-01-30,81.40333040192462,87.71410766008898,89.2065648420724,46.70767437137229
2020-01-31,81.05608684503942,87.82501935715545,89.3092653417163,47.456864866817625
2020-02-01,81.10704230821042,88.02248088552707,89.10179802816582,47.78615232484825
2020-02-02,81.34948905404819,88.5317519210446,89.75014606553346,47.27730907178705
2020-02-03,81.5854076986827,89.10678055638157,89.46137297093875,48.31425038578871
2020-02-04,82.18250517379278,87.99145017693462,89.40720534689724,47.556623200466746
2020-02-05,82.06296792012662,88.34405868150787,90.66429528369615,47.498748947890135
2020-02-06,81.75603531487873,88.58757162974189,89.76482935843312,47.13363816179161
2020-02-07,81.95851259496033,88.73552992486661,89.33720642329337,47.3188778360634
2020-02-08,82.50583752846076,88.97204843232605,89.88061406935236,47.636946563341226
2020-02-09,82.1529791344219,88.81429715348578,89.9393945508272,47.43049554892117
2020-02-10,82.29003685653873,87.61568225775314,90.2286993641696,47.955722894843824
2020-02-11,82.51174594475951,87.31288314967489,89.57026170020953,48.05525710188684
2020-02-12,82.52707020080481,86.39882177538111,89.47589955746454,48.785759044855496
2020-02-13,82.70583459162977,85.57290553897798,89.41623228343703,49.250297055294084
2020-02-14,83.05266485494735,86.10770376389787,89.42331601406366,49.01467176998539
2020-02-15,83.17418645161482,85.83536768120216,89.46642829850579,49.54225817204565
2020-02-16,83.16483969452966,85.96977699079531,88.40678995702503,49.219635994639994
2020-02-17,83.10203832677828,85.97196587115272,88.33783147167179,49.53288820727526
2020-02-18,83.61378869047536,86.64138081568449,89.08577949288465,49.79613413078094
2020-02-19,83.79521447105772,86.678735578385,88.94872069312638,49.537615133231625
2020-02-20,84.35967688454494,86.3799616022519,88.48718615812479,48.54044877314127
2020-02-21,84.4176380997794,87.12041196357538,88.18970693443426,49.279304359618436
2020-02-22,84.74126713677917,86.87103129553122,88.78582928975084,49.48872358085141
2020-02-23,85.01698427863361,87.07964979490592,87.52424461104033,49.49899984237389
2020-02-24,84.72628489484654,87.32850196628314,87.84316099605245,49.508368156472805
2020-02-25,83.51062871091612,86.7075035599136,88.03101742436426,49.99575639849987
2020-02-26,82.68975171676546,87.16773868948871,87.62868189099298,51.08839473444057
2020-02-27,83.1088916711341,87.84471806891307,89.1378702417202,51.53976895527864
2020-02-28,83.38732756558947,87.27786527879262,89.61253810033995,51.723547622107496
2020-02-29,83.3889569739279,87.29263722045515,89.70511414049727,51.86653063132944
2020-03-01,83.51256405324307,87.96257613320691,90.29129937343644,52.04854521887652
2020-03-02,83.17996886258997,87.14989603028421,90.59430492613303,51.546652204480985
2020-03-03,82.81693703655382,87.46417859795505,90.78693660717335,51.83916835440838
2020-03-04,82.6746310659071,86.83958566758601,90.88677248605676,51.18387460501735
2020-03-05,83.07637803458366,86.67983440888108,90.62407321717811,51.40481389562883
2020-03-06,83.59618297057052,86.57427710852438,91.14838960034288,51.16900503058424
2020-03-07,83.75996035536797,85.98520973852007,91.09504273887069,51.60187407397287
2020-03-08,83.80937296507398,85.52985993848723,91.67575152772899,51.79221274439857
2020-03-09,83.78246918456844,85.49352460850325,92.24486651249958,51.61681219263247
2020-03-10,83.58633446664442,86.18191926297492,92.7265830327068,51.11154626975237
2020-03-11,82.5972235089472,86.42240938308537,92.5182020790527,51.849642688534225
2020-03-12,83.032790629767,85.60283104626907,92.0936545747108,51.80646081734368
2020-03-13,83.3799717075229,85.83568530001446,92.07534937554946,52.6763744399591
2020-03-14,83.52738109772251,85.85618874573656,92.07747794969148,52.06083344721646
2020-03-15,83.83776304825,85.5396557674823,91.88529133271952,51.934366336685535
2020-03-16,84.7190627221274,85.32103211764375,92.39664531995359,50.80902414532088
2020-03-17,84.463341420555,85.56980923088732,92.8564859224778,51.18714616682879
2020-03-18,84.61914500208457,84.78380949725022,93.23795087089474,51.6062364992461
2020-03-19,83.99861563723815,84.46033807049983,93.95644767632879,51.30368628260594
2020-03-20,84.86826488090851,83.88761163552503,94.07548406410103,50.97650154491992
2020-03-21,84.90774141500259,83.48803027358285,93.53863543151742,50.7822865109989
2020-03-22,83.90143433757535,83.65270426324304,94.23732670183261,50.66234515997986
2020-03-23,83.7152834524109,83.67708592816108,94.47888258259523,50.38259568810753
2020-03-24,84.36410475326933,84.01268042643571,95.04019300372318,50.92305477682952
2020-03-25,84.72727596879916,82.88590719127198,95.27234661642625,50.688629715052954
2020-03-26,85.55436173668753,82.75095261931205,94.98320539849792,49.74046972818065
2020-03-27,85.49942113181332,82.6974919153369,94.39066173684974,49.61303965169927
2020-03-28,85.91393688987942,81.87836339538507,94.87544913875966,49.356832230887726
2020-03-29,86.10085791419334,81.53417303389989,94.68104601566559,48.70292894581485
2020-03-30,86.27572296056232,81.52352842526318,95.20870938179728,48.79747884739493
2020-03-31,85.7875134437047,81.68388744628555,94.21197307140213,47.834453088710795
2020-04-01,84.25476664243007,81.85755693171929,94.54713651416533,48.02489063653607
2020-04-02,84.22679292949655,80.87196254757043,94.83975584047131,48.008363537237926
2020-04-03,83.17895763942533,80.55684184720143,95.64858101843184,47.726689088415284
2020-04-04,83.47885662483458,79.79202899794763,95.45003014738668,47.153730994498666
2020-04-05,83.2689612906076,79.78909681876145,95.43773376342226,46.422044495033674
2020-04-06,82.85044132186583,79.57358322124544,96.2348224219563,46.862895717594554
2020-04-07,82.41860819919603,79.26092750248107,96.93309884103351,46.71315830596597
2020-04-08,82.45752640351846,80.84451581184419,96.66646017811455,45.873803239493455
2020-04-09,82.93632610470786,80.31859876408416,96.15960482911628,45.86790969160772
2020-04-10,82.7884852043672,80.3103409989528,96.22639910976852,45.731315415498415
2020-04-11,82.41009116938824,80.54963076134615,96.74100249060933,46.437802047827944
2020-04-12,82.03856570889124,80.72857634104973,97.09221739990642,46.23182755895613
2020-04-13,82.8486481867044,81.01779223314412,97.03991699523364,46.721528561865426
2020-04-14,82.8252817783434,81.19546867224638,98.14066800510373,46.612140853742865
2020-04-15,81.45692418274157,81.03029064344099,97.99879296498608,46.02132696577422
2020-04-16,81.260676877709,81.03581304578576,98.21400901987218,46.2570998784815
2020-04-17,80.54361424329693,80.70780766921169,97.64209123464333,46.86590607047663
2020-04-18,80.23493030657647,80.33677676189247,97.31589420785275,47.31935067845562
2020-04-19,79.64621018435248,79.67765456594184,97.33449521246189,47.47633176441552
2020-04-20,80.59963906379609,80.07143732061687,97.61158050567865,47.974975076175156
2020-04-21,80.75895067137816,80.62335899991903,96.53665615278788,48.060137690388395
2020-04-22,81.29237395951063,80.32976114483019,96.15162464266596,48.10109906037826
2020-04-23,82.23827201419971,80.29102064605084,95.06876533164616,47.36479378319629
2020-04-24,82.38420153841673,81.09091551945858,94.24935850411939,47.470948875238
2020-04-25,83.65987045298706,81.65185578095269,95.02560140295836,48.224925311951345
2020-04-26,82.89412012005259,82.09738605360317,94.69961385981846,47.40691653063576
2020-04-27,83.59917057960931,82.23205244477464,95.82870739667551,46.750830809165166
2020-04-28,83.69791827367197,81.91812849970265,95.2035110755512,46.58728931059715
2020-04-29,84.1334790545746,81.66044566902684,95.61700092962299,45.90942800263662
2020-04-30,84.06193470156185,81.77805416135482,95.74526230657442,46.25156810892091
2020-05-01,84.38929083982775,81.99731908791874,95.77246826396627,45.387796905486724
2020-05-02,84.60170114805875,81.51287669384509,95.07963602885675,45.72809511687512
2020-05-03,84.55351791695114,82.1359414385688,94.8876956969097,46.230265890344526
2020-05-04,84.62540766811536,82.83970195532363,94.89194605383844,46.55871712686521
2020-05-05,85.50412160201395,83.23666026080535,94.73006636033712,46.568934657765276
2020-05-06,85.13977513343592,83.98842997832111,94.95346716399847,46.836070167236734
2020-05-07,85.91063825418833,84.30755597982653,94.71755284938901,46.25841958084346
2020-05-08,85.53659764043715,84.44463192200665,94.4832241642087,46.38827551720231
2020-05-09,85.86992155230429,84.47023964584251,94.48268430620172,46.07907826235606
2020-05-10,85.84261704270669,84.31176904963415,94.95783793346591,46.52446412250705
2020-05-11,86.1571118199028,84.30916974830373,95.98492642909886,46.87957867795214
2020-05-12,86.30907116697476,83.78873964333783,95.6309689222117,46.47438674720211
2020-05-13,86.56966843299355,83.7469389860917,94.51338656909566,46.65021611683985
2020-05-14,86.88804989287937,83.16276498912914,94.9276225029752,46.84677405511915
2020-05-15,86.98443998560778,82.7623544858631,95.58624492920298,46.60973727987986
2020-05-16,87.60936714651552,83.37663028777845,94.97326276378334,46.620964993811754
2020-05-17,87.87111071680566,83.96771467081979,95.62364283677016,46.87673495247257
2020-05-18,88.74775088557298,83.5490984150456,95.93611935593141,46.64838099538277
2020-05-19,88.63680485283031,83.98415056089362,95.348699925011,46.20545211406949
2020-05-20,88.26964272085684,83.68996240582847,94.02292934804431,46.319373794641606
2020-05-21,88.499813584192,83.35802934384087,93.6827055439322,47.06106883727479
2020-05-22,87.78487863717528,84.05418227533191,94.23067233381302,46.98478039830437
2020-05-23,88.33022117033212,83.50698983826237,93.96363633177924,46.80869213306914
2020-05-24,88.1543429225465,82.6133367092166,94.00856271407747,46.4123872353054
2020-05-25,88.61370623841685,82.28058413505882,93.16503033167365,46.98742477631277
2020-05-26,88.79608537053025,81.97961630946416,93.5859163866127,47.42501950396108
2020-05-27,88.77525602388735,81.79306819901166,93.41233559328003,47.35190988736228
2020-05-28,88.93801283867168,80.93271134595928,93.89849011320712,46.95822136448372
2020-05-29,88.22268449289085,81.10834436696643,93.3319440120735,46.55990348640525
2020-05-30,88.01833444728118,82.0565550354485,92.46580292939689,46.132188970185354
2020-05-31,88.41976415700488,82.20736127314953,92.9136803860395,45.88555592945936
2020-06-01,87.75566937202974,82.09673304519771,93.30072576937935,45.60517142634443
2020-06-02,88.05038185935454,82.43081180063172,92.98830220180899,45.23612818700212
2020-06-03,88.48242333819003,82.46827362174147,94.20622275218744,45.79369178928603
2020-06-04,88.15987055568654,82.49682232819436,94.32096233161293,46.58632408805622
2020-06-05,88.82456470260051,82.4556653507667,94.27038587043015,46.041663316448
2020-06-06,89.23063306385481,82.56444622492764,94.49954788035276,45.755988063074504
2020-06-07,89.92096740287647,82.35904586573686,94.74698181176456,45.28203490631819
2020-06-08,90.10476668527771,81.54490946694429,95.3073858743993,45.4412772699452
2020-06-09,89.89874656182512,82.46928281664897,95.00737619963435,45.27137808962671
2020-06-10,90.48357635151083,82.73427334895935,95.07037326388559,44.75606648307304
2020-06-11,90.48966727792673,82.38349054012811,95.00825237213652,45.58237248532985
2020-06-12,90.95937080061185,82.55906707644476,95.10263712930688,45.826223060122615
2020-06-13,90.73392356120819,81.99407815001557,95.92232814919836,45.3364994395705
2020-06-14,90.46178214890887,82.1842911402249,95.83512074786442,46.08985255886341
2020-06-15,90.0905878811974,82.5555536846483,95.74747554063059,45.516426463901546
2020-06-16,90.79819418073139,83.07202424361807,95.75142285040633,45.82365223185584
2020-06-17,91.12485907401472,83.35642299033078,95.69134853392286,47.03257287612631
2020-06-18,90.38417810649784,83.26144832648282,95.60204573890601,46.96697644259002
2020-06-19,90.22921628364242,83.77356160484646,95.79249644761907,46.822832202585126
2020-06-20,90.34115094422985,83.49755646495653,95.83249970616176,46.90663046429456
2020-06-21,91.09835663861763,83.64668225598847,95.94314324768484,48.0193755123844
2020-06-22,90.95645518916609,83.28192864288474,96.25215324040558,48.75748714646942
2020-06-23,91.48568676863111,83.39681491929471,96.69036070132836,48.53579327131195
2020-06-24,92.33406476040406,84.14388963582827,97.19021119313913,48.68805970410793
2020-06-25,91.71452064281152,84.53031607309391,97.67355726930916,49.14951580366173
2020-06-26,91.7468667797189,84.99134580783434,97.9628076189071,48.93502331238861
2020-06-27,91.4234144035176,85.54819471824473,97.38664338540221,48.369226867732124
2020-06-28,92.15292805108707,85.51312608748512,97.05585479879298,48.91140111676032
2020-06-29,92.4397309924947,85.07661387267272,96.84757720996322,49.166281658189924
2020-06-30,92.22228859017366,84.14981772880701,96.77728015643842,49.32571405988505
2020-07-01,91.735505449028,83.60780198638966,96.43182422162363,49.879147182339885
2020-07-02,91.42403539592264,83.6663051529789,96.02645030967139,49.30650511891956
2020-07-03,90.95172567848086,82.64985567301038,95.33955820103078,49.19064936407261
2020-07-04,90.67339677027893,82.7383779585603,95.16548592645692,50.50974313440452
2020-07-05,90.3627026014353,82.98532992247844,95.21519406117457,50.79356817785033
2020-07-06,90.63366532480386,82.20323935412077,95.08026933415384,51.107574872808335
2020-07-07,90.23851993849993,82.64285618070689,94.9240882906357,51.16049608540415
2020-07-08,90.4921955918085,82.4321451413866,95.03556498718122,50.23993236867281
2020-07-09,90.1540890758099,81.61448752626421,95.31891710047036,49.830934572671445
2020-07-10,89.56647466430958,80.76807475709532,95.43087385476355,50.287661475508095
2020-07-11,89.44230980209299,80.74025618722243,95.61179435427469,50.01674810295323
2020-07-12,89.12853840548476,80.78266269177912,95.97601846912194,49.93178237716852
2020-07-13,88.55301460497786,80.77527618314008,95.72247302012029,50.07747961124848
2020-07-14,88.24642214544147,81.29376416362102,96.27491196061781,49.5890327112584
2020-07-15,89.03785679662704,81.32480233463554,96.01804629188844,48.947810249300254
2020-07-16,88.83238903230131,81.03459658661149,95.84381531457764,48.941524380500596
2020-07-17,88.97827739293434,80.87435399161551,94.71513939205633,48.75613303252305
2020-07-18,88.63775279523679,81.41511839479699,94.44729468309683,48.870036730571975
2020-07-19,89.02918572455695,80.854831765675,93.78556420202247,48.154132952955344
2020-07-20,88.3717496706966,80.93434145459366,94.37086721254043,47.886774865333855
2020-07-21,88.9455955276688,81.03687157398765,94.79993502528467,48.231240828514004
2020-07-22,89.40312166803132,81.54828814533212,94.49546451756598,49.704143714955634
2020-07-23,89.34426067063286,81.60413374312238,94.27074490100047,49.763799409179725
2020-07-24,90.15120519854123,81.12584662626637,93.53531133581068,50.099220583391634
2020-07-25,90.55207436379487,81.22193605140035,93.11526989489414,50.34301314126205
2020-07-26,91.72702029195179,81.58159729797174,93.37554667944859,50.48974248671921
2020-07-27,92.11399713729486,81.65147981208041,93.98827830781515,50.830756803106155
2020-07-28,91.56680266240174,82.1996750261983,93.93063329608364,50.35132884414487
2020-07-29,91.24624301593397,81.54629379677053,93.9654891736464,50.1727457791505
2020-07-30,91.70600278410085,81.46750351322933,94.01480663759992,50.29769408623912
2020-07-31,90.96156060306501,81.47050608995603,93.74815786782433,49.81450780369399
2020-08-01,90.9297047630078,81.85671671730248,93.87661837649291,50.03117185263943
2020-08-02,89.4329465460101,82.30646234962398,93.72596245190137,49.07295220466767
2020-08-03,89.9031178118963,82.31857797294695,94.03490579349442,49.47904043424621
2020-08-04,89.84803566461439,82.13814321415674,94.00283204798396,49.403835439921025
2020-08-05,89.63315670104852,82.23219892089358,93.26261859811775,49.750890852330876
2020-08-06,89.59306098919127,81.66188950700693,93.50563318613068,50.2493470923774
2020-08-07,89.23795839812786,81.4172489495798,93.56651046975536,50.954200587344445
2020-08-08,88.69004835445485,81.70223754122783,93.33046722546938,51.08854275301656
2020-08-09,88.71322053693278,81.8790265999017,93.30704749959017,50.22192188491908
2020-08-10,88.50649748984713,81.54788581297964,92.83286150857347,49.3412525888363
2020-08-11,88.01157209700996,81.15695359511467,92.29604217249454,48.70891391527495
2020-08-12,88.96321432503939,80.75724373533507,92.09805662005787,49.06903584524988
2020-08-13,88.91472469103836,80.39197941524715,92.24701515032318,48.36471731324866
2020-08-14,88.70143013214685,80.46561801657093,92.44933408011896,48.24761220787974
2020-08-15,88.68200850071433,81.06620900794242,91.87373918090688,48.036513966964684
2020-08-16,88.6353226466862,81.72724918849345,91.86706206886667,48.216943264954175
2020-08-17,88.53108267195505,81.26631552899279,91.31692672762702,48.574564631181445
2020-08-18,87.81940180634861,81.43129219749706,91.35232045240478,48.622023387299464
2020-08-19,88.48241075528887,81.57215556962844,91.25488039746193,49.02290137417484
2020-08-20,88.07218107990195,81.67806796509619,91.33213900334792,48.472581701751636
2020-08-21,88.86478954111236,81.18966355874133,90.97015832874398,48.98298268495944
2020-08-22,88.27783255164948,80.81857095322827,91.60336616045241,49.0487013219485
2020-08-23,88.7384837031001,80.99101248551804,92.56800884466696,49.42851219884848
2020-08-24,89.2571189260411,80.7986080398341,92.44100872089935,49.169917802747214
2020-08-25,89.29510291674752,80.84387701783719,92.07293259658378,48.1445329777768
2020-08-26,88.40444541800721,80.3370690299492,91.51734918734982,48.47733761617839
2020-08-27,88.4589590033888,80.09226071724926,90.87073597993817,48.4056235816839
2020-08-28,89.11386085725978,79.42529073201898,91.36971013064193,49.00654035712617
2020-08-29,88.4257415090907,79.55744334980825,91.11333566788899,49.21747071006716
2020-08-30,88.2341420305281,79.38335647060033,90.43508803307242,50.69342761182841
2020-08-31,87.77015956790558,79.51622082641858,89.84953452219503,51.32887007875369
2020-09-01,88.03687164534831,79.33291592947747,89.22058737149177,51.204597298826165
2020-09-02,88.85578250701236,79.45074775093327,89.85473980993143,50.41215734293142
2020-09-03,88.85314821199853,80.35332398360741,90.56468904484834,49.97645539614241
2020-09-04,88.48698517523047,80.09143551541496,90.44842149135988,49.50765591358632
2020-09-05,89.43148177165456,80.3371586490319,90.26758507824414,49.24714560512013
2020-09-06,89.54538616759311,80.00750891107958,89.20973439430762,49.18447866798963
2020-09-07,89.53023719351486,79.9414854865015,88.48747914152959,49.343362389470464
2020-09-08,89.42669808247906,80.17794730649213,88.03064241267285,50.03042952596077
2020-09-09,88.87180599312254,80.31957010107918,88.32104325602997,49.5950294005532
2020-09-10,89.21740900131483,80.6649808492725,89.50796060728246,48.900774907780225
2020-09-11,89.6701027045239,81.1431988554468,89.8748104181268,49.3162715560866
2020-09-12,89.53749902882227,81.47559577204154,89.7887549946492,49.98240748653002
2020-09-13,89.8869569932423,81.93571604253019,89.85922962727102,49.73717426934052
2020-09-14,88.82998247023755,82.04221800867835,89.90974967579719,50.25773780067445
2020-09-15,88.6974800399847,81.67792246425655,89.7366967454714,50.642870731306914
2020-09-16,88.38729618491931,82.07824864366388,89.64921904195592,49.788680899985835
2020-09-17,88.48285106387426,81.88755005436305,88.77881424644131,49.470356719904274
2020-09-18,87.9265878351728,82.23450542424966,88.40193527307973,49.23197914077797
2020-09-19,87.07929986931764,81.60698675319655,88.19039113559154,50.2262807328901
2020-09-20,86.93457192096645,81.42909990157547,87.62652897037452,50.480583785903285
2020-09-21,86.89466322552875,81.08349984084438,87.72108188252295,50.22888372846673
2020-09-22,87.49629752663633,81.27973114098859,87.98192547582313,49.88031246341534
2020-09-23,87.76288078146122,80.99117877134276,88.62303840117428,49.095351086228085
2020-09-24,88.11681998475356,80.98356321812581,88.40550650997886,49.62841873552089
2020-09-25,87.15521023207054,80.91089750850361,87.45068483744521,49.82623149820663
2020-09-26,87.69903986303778,81.42417617322705,88.24290589368763,50.135954615100545
2020-09-27,88.18706547226647,81.65960028764775,87.74338228036582,49.493166054529254
2020-09-28,88.42996035800893,81.80446226168252,88.76220228979992,49.86106399462941
2020-09-29,87.1006801456201,81.81463414736163,89.52184471607065,49.74202660562645
2020-09-30,87.15230225637472,81.43108965678158,89.34496225279968,49.37846259688823
2020-10-01,86.85522778744073,80.99273878401071,89.18494686452564,49.63501263663983
2020-10-02,86.67161009023404,81.13135727542023,88.56290441105341,49.034968144539604
2020-10-03,86.28711396146653,80.42432240939922,87.40331922724612,49.12448727186131
2020-10-04,86.46439440112471,80.40550850511259,87.65914265022316,48.99176194063723
2020-10-05,85.866098488523,80.45916307169121,87.56926595282175,49.52802461397786
2020-10-06,85.91802414097974,79.7538297252395,88.1252572482458,49.97397033303029
2020-10-07,86.56624500040625,79.72573696900973,88.7543636155545,50.01940338653894
2020-10-08,86.2994390159573,79.72887087412867,87.85108286270726,50.15986588276391
2020-10-09,86.09499065781773,80.7682203435301,87.87148754169321,50.459168325773405
2020-10-10,85.46490496447207,80.77293038798078,88.9322296391935,50.45461804376589
2020-10-11,85.86874591526411,81.21052641286519,88.4200125662058,50.04576829762925
2020-10-12,85.39931010238894,81.43379157483179,88.99041267053016,49.804312095770705
2020-10-13,85.06389758625826,81.56277336304514,89.15925514238519,49.1940237365829
2020-10-14,85.4376762432304,81.97776563065236,89.29869005558957,49.656727953248065
2020-10-15,85.65355056322183,81.25612573858311,89.25697860448612,49.85567959041222
2020-10-16,84.82208232741701,81.21181673709033,88.61497113532948,49.64414163618429
2020-10-17,85.09219970647817,81.35249029019265,87.79859267999,49.28171106755828
2020-10-18,84.96114084778357,80.8712347240503,87.4667546364859,49.399872000306495
2020-10-19,84.90787860697253,80.84787828812144,86.89211180398809,48.69338155930186
2020-10-20,85.6363447770209,80.89490845683493,87.13763762987065,48.15904299798474
2020-10-21,86.06375375949396,80.81055740291502,88.17517347884727,48.14924974495821
2020-10-22,86.67227131497035,80.3668062683595,88.92125959046854,49.369801456229965
2020-10-23,86.19119182295196,79.98991447479537,88.66220822795809,49.595998502958864
2020-10-24,86.92818404879269,79.82958491429889,89.23658382980975,49.688648101831184
2020-10-25,86.53303105769862,80.02189772865238,89.65258163507124,49.10325721609932
2020-10-26,86.17319026877755,80.06944460387646,89.75761985895805,48.636740533919365
2020-10-27,86.1251647670021,80.16907737564348,90.59879482062198,49.31489664260029
2020-10-28,86.39708191696127,80.05346634363899,89.68107759935184,49.083950520709124
2020-10-29,87.02457016102657,79.63326109597315,89.33883796647291,49.11927767893734
2020-10-30,86.99999000615517,79.47983409761925,89.73168253934308,49.41518234158781
2020-10-31,87.87426949627852,79.06342574501844,89.88548995795179,49.205159206274146
2020-11-01,88.90746927934502,77.54946215089258,89.5499327993112,48.95131154112813
2020-11-02,88.3192008339042,77.54268913593484,88.85954064048563,48.088921621313645
2020-11-03,88.99479058638244,77.41255270471454,88.10426812563149,47.48101840198336
2020-11-04,89.05809916454511,78.03082054810294,88.02928230084619,47.77442891356187
2020-11-05,89.56788631923288,78.37533950424299,88.37935951619933,47.555159508686835
2020-11-06,89.03349670301317,78.61342397619131,89.02740188339213,47.88940806110619
2020-11-07,89.65100590255943,78.11367011578045,88.50000455381324,47.097013465753655
2020-11-08,89.38006805542099,78.62350069614095,88.3563987090629,47.502676375246054
2020-11-09,89.93431198181223,78.694113988859,87.88092400872382,47.48284900065596
2020-11-10,89.91215658510878,78.51555406959815,88.09729004363349,46.74751737498547
2020-11-11,89.84827791439155,78.12412335681253,88.38803223257847,47.312112700212616
2020-11-12,89.84782917167522,77.79665111853463,87.94437534146928,46.60878261053793
2020-11-13,90.22187216976104,77.66837146250859,87.27093244155823,47.14743324927772
2020-11-14,90.22132998541815,77.15501436174225,88.1486177740224,47.13127576003757
2020-11-15,90.52268233222674,77.17417706283837,88.16790515498141,46.68444272885973
2020-11-16,90.52625229466747,77.0915715559546,88.21534432032604,47.60864493000131
2020-11-17,89.91970885830018,77.4348706524915,87.61814042840129,47.81125973865169
2020-11-18,90.08137026305033,77.36026115976807,87.53390825068675,48.41862601723733
2020-11-19,90.28995553022507,76.44978564399693,87.18221689881406,48.63492208125224
2020-11-20,89.58179220373148,76.29501889726951,86.88506305920859,48.5267001347802
2020-11-21,89.41932901340351,75.73047592856345,86.40421418131419,48.09132865755105
2020-11-22,89.7744718165837,75.43216039806843,86.97423014375232,48.000728874536534
2020-11-23,89.84127921439972,74.96021957687603,86.6186339231241,48.08243882504947
2020-11-24,90.04872212521616,76.00528305008059,87.04574723522049,48.49074647186762
2020-11-25,89.8441541509042,75.8353595308137,86.43326021042952,48.29417589794173
2020-11-26,89.51238047013233,76.19415135064718,87.12974227078465,48.55094807244053
2020-11-27,89.67643948579263,76.04096611787064,87.2059262223705,49.39019548254065
2020-11-28,88.15953606173005,75.92753811944398,87.53553460424516,49.46929939624082
2020-11-29,88.40631646487999,75.68992693131932,86.68930206792805,48.48976612086021
2020-11-30,88.92323591638133,75.34189706169133,87.00433001813747,48.51401821560876
2020-12-01,89.28096349495131,75.00448737508663,88.09560990384493,48.466669853456715
2020-12-02,89.28522066650405,75.19172327459185,88.17868152714219,48.403496118430155
2020-12-03,89.84126120501973,75.1617868995495,89.45466450505745,47.605662162158126
2020-12-04,90.38779455531403,75.82635793003595,88.55162046726774,47.74389594123215
2020-12-05,89.64139332555932,75.71624951841021,88.06546168982908,47.47795105852102
2020-12-06,89.44703386465015,75.57811924560937,88.27509572877118,47.425185513173666
2020-12-07,89.49668743518906,75.5984577971683,87.7898909330904,47.899187404036894
2020-12-08,89.58429296493755,75.90138506114936,88.8674871954068,47.49342463198647
2020-12-09,89.85394418681885,75.95939601726381,88.33313740009812,47.44222751050784
2020-12-10,90.1125249398172,76.63225878442303,88.70541121167443,47.341096686929795
2020-12-11,90.19474647469767,77.92124918632337,88.3539536182382,47.25821050584461
2020-12-12,90.5159669267328,78.33086519437536,87.37216432004392,47.03633996741401
2020-12-13,90.42741814223115,78.51886569842219,87.29862365603596,46.84137326996944
2020-12-14,91.11978338676427,77.51843933723231,87.12280949033494,47.6789044418579
2020-12-15,92.0425413547576,78.21084391086362,87.32223404646088,47.46746821480257
2020-12-16,92.6763258506095,78.82448734067204,87.74261501701059,47.60282780961343
2020-12-17,93.04027619937308,79.59179012038773,87.37724751162655,47.655307076791985
2020-12-18,93.22086145926158,79.98993866339885,87.80670957460225,47.69173192946215
2020-12-19,93.20016539446557,79.51531589268683,87.82878431491083,47.93185046372071
2020-12-20,93.53658295043385,79.03271234097421,87.40422781415623,47.61537091021785
2020-12-21,93.66577974220415,78.48748132062121,87.05777683178388,48.31607932988471
2020-12-22,94.21112071857783,78.52766605975862,87.06931982599275,47.856052182041545
2020-12-23,93.99358025382527,78.17713594584328,87.29293897960017,47.77378592946692
2020-12-24,94.55533125457333,78.60663725789365,87.23258871748703,47.18050470498784
2020-12-25,94.75211378008973,78.32073560708324,87.11446047844868,47.62902455770467
2020-12-26,95.04347584776842,78.15783386592787,86.7253272289779,47.16843337642065
2020-12-27,94.92130546645878,78.2900058769426,86.75593128351632,47.54628334176406
2020-12-28,94.89742102965832,78.05095206835146,86.86885002675298,47.67873236853551
2020-12-29,95.299886438802,77.5968985629627,87.83565842467416,47.76682679724119
2020-12-30,96.00920247122505,76.6904194324212,87.35247343556563,48.324947370691476
2020-12-31,95.06885919108838,77.15581315249956,87.9927847884635,48.022692185037904
2021-01-01,95.05981936644334,76.69522595129573,88.35794006312692,48.75618948458486
2021-01-02,94.34478170803334,76.50360978238962,88.2896798300579,48.56420207826136
2021-01-03,94.20962962444541,76.31811147904773,89.23037579618791,48.78005690450953
2021-01-04,94.60741604828628,75.28760566150649,89.17370495975513,48.68336857853999
2021-01-05,94.97456117526245,75.43104083855089,89.29984484147795,48.99198775529773
2021-01-06,95.67844551355395,76.13353852637282,89.1109094149824,48.49063123173754
2021-01-07,95.791271191769,76.61332676981071,89.4417590343916,48.544188520044216
2021-01-08,94.94376614570236,76.42526705669398,89.43972254653562,48.55329813525112
2021-01-09,95.03315057823333,76.95255124374985,88.98664702904875,48.77133150613421
2021-01-10,95.60701802890787,76.0856176505099,89.18442970783765,48.9740679690509
2021-01-11,96.11511551303965,76.50170399468479,89.97726890552838,48.54378267981875
2021-01-12,96.47829658346083,76.13617462440587,89.67293568104647,49.19689272956932
2021-01-13,96.34206074251804,76.62022320604785,90.10673479568737,49.16812326049316
2021-01-14,97.00076350341496,76.63802507038497,89.80438265276179,49.53337260134332
2021-01-15,97.06878354301934,76.03594367223846,90.00111951027405,48.90293161086725
2021-01-16,96.39560884475625,76.15951846211276,90.27087222906276,48.69559911902
2021-01-17,96.12272735265935,76.15999364863585,90.89149478629919,49.23490412629548
2021-01-18,96.32237565451301,76.2791438949254,90.4856742181812,50.05257880342774
2021-01-19,95.77520185391181,75.87813717895055,90.37966628933415,50.2647437021464
2021-01-20,95.49663364814181,75.29256104256388,90.10450542040434,50.22070037880834
2021-01-21,95.03802900781747,75.59937002406495,90.46169631563384,49.689569383762226
2021-01-22,95.22287116105016,75.56580593134792,90.78348604983164,50.08821358342284
2021-01-23,94.89292054017517,75.85213870396962,90.87953389692865,50.24147582092475
2021-01-24,95.2103572008745,76.12941497919905,90.8417208130982,49.06484747350278
2021-01-25,95.22760110580532,76.483390185265,91.2841721407392,48.19845264457981
2021-01-26,94.18000688726636,77.2926430512088,90.65725360724029,48.373585699485695
2021-01-27,94.15566087565558,77.39226957517069,90.72683760745348,47.95749039453802
2021-01-28,93.6826795739301,76.89367731916946,91.23987890688586,47.43770521039692
2021-01-29,93.96197350557065,76.50683384384023,90.55941257927424,47.38568063304899
2021-01-30,93.73432538489256,76.36175624211674,90.35307889299237,47.5572823849365
2021-01-31,94.21231224898352,76.46739005510025,90.12798329652134,48.27250096853609
2021-02-01,94.83795872486154,77.15687346324748,89.92764881960731,47.863792448450575
2021-02-02,94.4830577109949,77.08663377607274,90.81588961708034,48.08169679870932
2021-02-03,94.96695855176432,77.92634357575264,89.75972548962034,47.56839247910708
2021-02-04,94.54082090262756,78.81022610864022,89.53367080548225,47.320815692849706
2021-02-05,94.49304491844646,79.02549988486828,89.80482730499219,47.41526190725775
2021-02-06,94.39366199145434,79.34048311899802,90.20834726089495,47.34143805736364
2021-02-07,94.14232952550029,79.11081062268649,90.73887681373802,46.65835469720864
2021-02-08,94.32411788683578,79.95107935333404,90.02384916884958,46.915082504498066
2021-02-09,94.92485812309086,79.63247971282284,90.62255927570753,47.28570216439182
2021-02-10,95.15721783556737,80.2334645234637,91.17578360943637,48.46534114034282
2021-02-11,95.11965647761131,79.7172365041645,90.78692506749682,48.576298009826886
2021-02-12,94.4444958544197,80.03731161361021,90.33160588929128,48.66316619954673
2021-02-13,93.18986956780324,80.59450065841216,89.728727909834,48.81479701633739
2021-02-14,93.03308723202875,81.04871089849233,88.61203727452157,48.13271566052021
2021-02-15,92.21250764063352,80.81520989160586,89.60735382814374,47.48489179295273
2021-02-16,91.64854943374422,80.68041693863896,89.63586652106532,47.4435867540991
2021-02-17,91.76279714794724,81.4495053857981,88.74137932625379,46.29507927453476
2021-02-18,91.20886771782882,81.19660091316912,87.60767221607395,45.72971953272646
2021-02-19,90.86990473810867,80.9607932313937,87.10882248086703,45.48093236632849
2021-02-20,90.9939679237407,81.71303781921729,86.87722896525604,45.985338265389295
2021-02-21,91.12369485914893,81.68170643985297,87.2304603278467,46.11501435118156
2021-02-22,90.93217536246807,81.65411767965401,87.74369246857331,45.35605078895231
2021-02-23,90.16648704634945,82.57349208350016,87.88105047610624,45.335913987493846
2021-02-24,89.95895472628246,82.25084425629456,87.91101494164799,45.627634413571776
2021-02-25,90.0286053363863,81.88513468612726,88.05070144701939,45.98472239316743
2021-02-26,90.04338055139937,81.97474819026719,88.66803553924957,46.5074772588874
2021-02-27,90.55753573009706,81.99095344238034,88.70436023730616,47.106503615795226
2021-02-28,90.29874330705515,81.60176228557474,88.94572147017942,47.39145530846827
2021-03-01,89.61328956048713,82.00477761945238,88.36735366989402,47.63500220229262
2021-03-02,89.45439078425001,82.01241768894722,88.46120280085952,47.751279473572325
2021-03-03,89.26966147107284,82.04487513775261,88.20559784858231,48.17246979940351
2021-03-04,89.32682451429781,82.04283876878024,88.39324434325249,47.778547059632324
2021-03-05,89.99638834601156,81.51981151810753,88.21242380079062,47.6763382521626
2021-03-06,89.44815905428453,81.11125455290292,88.39549004005485,47.326647980157006
2021-03-07,89.61613016124717,80.32020783233914,88.00030840823244,47.54342194725405
2021-03-08,89.82542955438262,80.88967384067323,87.49106912946816,47.413998367924066
2021-03-09,89.71429231374104,80.89052768879635,87.07583019275859,47.92071784621469
2021-03-10,89.74511323078718,81.38791418295794,86.68822871913049,47.94683620870563
2021-03-11,89.72317188124447,81.1627976730428,86.8362308526082,48.478596334760944
2021-03-12,89.74114300151614,81.73685806078556,87.21567622922109,47.42300580271962
2021-03-13,90.79900899816201,80.92845578877895,87.28237497951109,47.06309383946841
2021-03-14,91.05760585731156,81.41448224013122,87.33937106206749,47.53217843149161
2021-03-15,90.57191755104566,81.37547652555314,87.39641470457944,47.542340306319645
2021-03-16,90.61082639388665,80.68271859813188,87.93765743833977,48.07027779694153
2021-03-17,91.87686543743762,79.27145864411325,87.40772520848367,48.19572904330987
2021-03-18,91.79175102120763,79.52231129147077,87.52733739924868,47.72880215754716
2021-03-19,90.23524063971962,80.01715291156191,87.61080519719258,48.62552357542664
2021-03-20,89.88105975622227,80.04813668701354,88.05080312006463,48.29379945781785
2021-03-21,89.77470683430343,80.34969825582786,87.65296180715818,47.920979151019495
2021-03-22,89.68581891082846,80.57289748166068,88.44433102926278,48.33082376760841
2021-03-23,90.44775582843664,80.60065021618786,88.39026582914767,47.87512344939741
2021-03-24,90.68538760072153,81.08026897683119,87.78145805223411,47.22851909532883
2021-03-25,90.41960593806344,80.34152831712682,87.52285309267089,46.84468975180614
2021-03-26,90.62584297574017,80.39075479245103,87.87610777456443,47.254772147015956
2021-03-27,90.49370552357435,80.73213686039564,87.7771288690826,48.324558978440166
2021-03-28,90.37099025920917,80.50911538502446,87.41992033904083,48.32700180338179
2021-03-29,91.08084424522387,80.63700787470128,88.10563098582034,47.9649275644956
2021-03-30,91.91025963652686,80.04848285331926,88.38563811505227,48.58223014981959
2021-03-31,92.18147513393437,80.0862664710651,88.26933212002625,48.274587597563176
2021-04-01,91.87786560829002,79.72577843475985,88.38973962303729,48.05251775714556
2021-04-02,92.70767205184622,79.46719155907687,88.83955087369785,48.26081080849821
2021-04-03,92.9382447683918,79.75306803180881,89.42922483314412,48.83136121575203
2021-04-04,93.03897492036135,78.87230170585826,89.14196173994429,48.86662109241121
2021-04-05,92.6949835235529,78.32690312586371,89.51729229227384,48.689263138612205
2021-04-06,92.62022131814165,78.68932262167912,90.46756068982644,49.84990580518568
2021-04-07,93.76460654879952,78.61090481701163,90.15890624458974,49.51455982590356
2021-04-08,92.80687650723127,78.24357502926841,90.36034010565308,49.23469323203593
2021-04-09,94.22020346735968,78.46881921944596,90.59722033387014,49.04053329552921
2021-04-10,95.05908980935287,77.91514890440308,90.52005360149748,49.31610297491009
2021-04-11,95.79605945425773,77.34534431096976,90.07973169898908,49.08254465630233
2021-04-12,96.00566953996443,77.24134701274379,89.63836519730906,49.49117293235999
2021-04-13,95.77011970916625,77.17212337618415,89.5351522322067,49.46527298511486
2021-04-14,95.51743603160565,76.80076268351252,89.12587713003957,49.305743055633506
2021-04-15,94.87683698437428,76.66885114525063,88.42276227566074,49.02474649786532
2021-04-16,94.73305176009788,77.33545604891603,87.80373087600194,49.01218048597028
2021-04-17,94.62945899886041,77.31736587037452,87.5425298847706,49.23573992073385
2021-04-18,94.8799501288928,76.7423115634614,87.45243386991591,49.21817345843262
2021-04-19,94.23520389030396,76.75448698627328,87.15949821413527,49.33443296520885
2021-04-20,93.74880356783333,75.69480776075584,86.70877309713873,48.94685231990023
2021-04-21,93.11432579687954,76.50080929048113,87.20442176036994,48.58885999596223
2021-04-22,93.28439638094567,75.90750288455757,86.65610459390452,48.586477877937256
2021-04-23,93.61947969343419,76.01070601438076,86.66659277214876,48.646267783789284
2021-04-24,94.27799801100834,76.09178958844343,87.26210421886181,48.67015729685405
2021-04-25,93.86829571444831,75.70142367541149,87.33026840309435,48.37499928256703
2021-04-26,93.7539594038777,76.3511228661711,88.45557768177777,48.41143870036332
2021-04-27,93.28698449999546,77.37993226711129,88.70267139667698,48.42414568554721
2021-04-28,92.85810493063012,77.00588583214392,88.582029193959,48.36356578809899
2021-04-29,93.09154162814723,77.36149956730753,88.34446285525375,48.03746552615924
2021-04-30,94.42632077957143,76.86768792942698,88.69317929672158,48.29709120240585
2021-05-01,94.16146140337489,77.52837586146079,88.99626883896936,48.29117110275583
2021-05-02,93.32358240334261,78.16078758012488,89.24932608861407,47.9160446737686
2021-05-03,94.29127431631545,78.6654890966357,88.91362477654032,47.85355313088579
2021-05-04,93.45416282701328,77.83726473454887,88.76734310314674,47.562175156611545
2021-05-05,93.2812544859691,77.56597935800893,88.06921340053216,47.56375324282799
2021-05-06,93.30196837611157,77.3017194842702,88.02034985598756,48.27788451023125
2021-05-07,93.79306588921733,77.00377385979242,88.197123745787,48.351819920641006
2021-05-08,94.48644104239823,77.66804508379715,87.86141718755249,48.45255757234128
2021-05-09,94.36236225153019,76.76248417131724,87.67068051694996,49.164719578390255
2021-05-10,95.32309241372515,76.95734747569958,87.51791837243636,49.30025549946527
2021-05-11,95.21283385712869,77.32944444655442,87.68679252268576,49.517121695248434
2021-05-12,94.54782530737361,76.97825038105864,87.10247748613618,49.5892868662602
2021-05-13,94.51515645266731,77.23069433195522,86.81635622720952,49.39691915658137
2021-05-14,94.38389003404612,77.4515314605211,86.16987816021481,49.62096313587031
