date,Global_active_power,Global_reactive_power,Voltage,Global_intensity,Sub_metering_1
2020-01-01,72.37220714730721,82.94976267956677,52.86107050052806,43.09670981257249,30.066200540444875
2020-01-02,72.43438397189293,83.30623421333358,52.39250415708262,42.88542336442893,30.701527458716313
2020-01-03,71.74518511643403,83.2734464325628,52.872859133637654,42.377427901805596,30.20069014762698
2020-01-04,70.86371962298134,83.21951022716783,52.54818904247431,42.75715942653313,30.060549939988462
2020-01-05,70.72045117658344,82.90873062217294,52.67928563657284,42.62405209452581,30.460982801306834
2020-01-06,70.8795219575693,83.55556033147836,52.26532270638205,41.73392423185034,30.611465497460514
2020-01-07,70.31559011678412,83.57456248768848,52.54475249521943,41.73430659774117,30.69511924208882
2020-01-08,70.57873774397744,84.01634320741418,53.08110814782051,41.74395267319232,31.249717602675112
2020-01-09,70.60011250024274,83.0175787777617,53.20760575462195,42.12095056488691,31.37975917616235
2020-01-10,70.92523834433437,83.09109939349649,54.162172023314554,42.181023076180196,31.10729203271031
2020-01-11,71.39805762201385,83.23403492189571,53.801953914352914,41.87462100816377,30.459157354551547
2020-01-12,72.06984594349348,82.6502348906976,53.85093818750322,42.12357293573399,30.70250822682304
2020-01-13,72.37148197392878,82.27966542912772,54.273862887968626,41.79916045823133,30.31745609594423
2020-01-14,72.22384980345586,82.65604411562163,53.798973960891935,42.151822210381226,30.19688673890897
2020-01-15,72.318281180502,82.95895472717028,53.83011775091487,42.729698427972345,30.73606533488391
2020-01-16,73.48287164608784,83.10875162974602,54.16213769587247,41.489763101917504,30.62542851497627
2020-01-17,73.97560400200395,83.75996898505238,54.6267376259513,41.11512408320726,30.403311534193858
2020-01-18,74.01137203433466,84.04721588943876,55.197659246293426,41.34749931152911,30.26350414248996
2020-01-19,73.93610513131439,84.74998091274995,54.76312781213547,41.39367186269984,30.137191407868062
2020-01-20,73.63698544799612,84.29736076604785,54.90725700969924,42.042226398454055,29.64159208560935
2020-01-21,73.04338617170096,84.41740384593857,54.2498014789713,42.667685166600975,30.48027115153102
2020-01-22,73.897442856651,84.46649386324741,53.88761437328744,43.13075517888839,30.205611665465568
2020-01-23,74.13669238065852,83.86036596175302,53.80055782904674,42.287429360155976,30.597805395154182
2020-01-24,73.50226530573286,84.74841271990351,54.37257162102246,42.205904657335275,30.088575818039352
2020-01-25,73.43959601038038,84.52004757185355,54.63652923905374,42.526159019180575,30.36333906237962
2020-01-26,74.07484024422742,84.7156318504909,54.65657474024192,42.512939876958406,30.44801691447575
2020-01-27,73.85137016544198,84.47161894053782,54.88090309565505,42.44983493757321,30.46053295077993
2020-01-28,73.44412683202746,85.04133444001022,55.141505040653364,43.06862602175423,30.548001285217293
2020-01-29,73.62251122719721,84.9137024048621,55.32601672371585,43.24778477037533,30.755980972949484
2020-01-30,73.95158641878892,84.78299889378239,55.03847824608045,43.12159612474201,30.6425298043193
2020-01-31,73.72874496888213,84.79376971450165,54.560133447156865,42.52883453474412,30.554016943102337
2020-02-01,73.42897567617788,84.83604065385344,54.44848826665041,43.38904838293494,30.842735185108737
2020-02-02,73.65926923473488,84.56180100269856,54.05155769059708,43.54028023306549,30.271758008575812
2020-02-03,73.09684657152243,84.1758238870928,54.36219681701168,43.30700687726395,29.62360852360749
2020-02-04,72.82774559001015,83.90624225219734,55.12667489929104,43.772671055843446,29.713081550785738
2020-02-05,72.76756596596205,83.82859103884678,55.40849515120543,42.97093382065704,28.708193824888223
2020-02-06,73.13708199241573,83.9643994494788,54.50342591626083,43.846976279852214,27.866774022564456
2020-02-07,72.92324544968375,83.76123014024346,54.18680048056966,44.15249031167944,28.769397353878105
2020-02-08,73.20488890217841,83.19221166967252,54.19587501375118,45.24965274186812,29.544095302920844
2020-02-09,73.78790640530303,82.58804204990737,53.478476803398465,45.56616201449119,29.25871407311575
2020-02-10,73.5346873832989,82.1313129662316,53.49407505661786,45.68550930195454,29.75830365702262
2020-02-11,75.14615160454167,82.29693273750867,53.728734754967114,45.3833422017787,30.275203604043494
2020-02-12,75.85594105875218,82.73529412570313,54.433164053764855,45.164216864638995,30.510749191840805
2020-02-13,75.99216770939843,82.18337614656845,55.34251756604601,44.543859777378096,30.471286536561138
2020-02-14,75.90127444834394,82.39593962700012,54.74675549565905,45.5325530627895,30.784510622112414
2020-02-15,75.62361450557292,82.58123933249853,54.6884614268438,45.59886826832904,31.183504806162595
2020-02-16,76.45424951170051,83.49890040059219,54.63647817023971,46.03400555806238,31.50455940979645
2020-02-17,76.55949936486397,84.66069712792384,54.27997371320427,46.54878108245684,30.729892214646778
2020-02-18,75.84008971610064,85.19148392379347,54.32929794751372,46.436749885106494,31.746426040077196
2020-02-19,74.98402884993439,85.5435464839886,54.28926311428484,46.03566754203267,32.94808987456635
2020-02-20,75.04024967961467,85.8098026605054,54.59616456214339,45.677388819629854,31.99349256541733
2020-02-21,75.10747236452289,85.44410291784357,55.27447152691682,44.90376982984664,32.24897595372737
2020-02-22,74.64898698043099,84.8719935094511,55.34065350168504,44.34438142614056,33.27183708837036
2020-02-23,73.89176857000538,84.09281665747821,55.095628610998844,44.611931740408,33.772977989531654
2020-02-24,72.91022412197897,84.17151741374919,54.58286967263372,45.123474249664795,34.279444386600815
2020-02-25,72.53055908638956,83.79565197021375,55.604100109150544,45.126264573236945,33.56018531032847
2020-02-26,72.34918505891787,84.19262261177619,56.05753791328702,45.58804798807872,33.95573268631232
2020-02-27,72.6950706766327,83.63043825123158,56.257393363642755,46.06163748461972,34.075331035312296
2020-02-28,72.62990369715759,83.75712105050438,56.174403007486205,45.90455249805815,34.465256907835425
2020-02-29,73.16189731141338,83.37542017305498,56.980342344583896,46.44822877761937,33.947493532207645
2020-03-01,73.46443305941872,82.68611273455865,56.900530252563,46.3669329328231,33.4117481329862
2020-03-02,73.72104808984037,82.27940665372225,56.0444717187884,46.152543178215,33.34046878926746
2020-03-03,74.21067241199034,81.95578449842174,56.176984929315225,46.19563932392259,33.150875486799265
2020-03-04,73.51732512974228,81.94528081835843,55.56308186746904,45.490907637288885,33.07215688232421
2020-03-05,73.24920320434003,81.64303858043812,55.69746220846595,45.47257539966199,32.83239118430443
2020-03-06,74.44991046801418,81.17983393702853,56.3695292850898,44.318391064316046,32.73188268929885
2020-03-07,73.49679692219262,80.77903335900754,55.53327496153052,44.656085845815404,32.398833732315616
2020-03-08,73.34790065315993,78.91310104489685,55.08345780430112,44.009058316023385,32.374695826601545
2020-03-09,73.5859749843668,78.72333487312015,55.51582151354637,44.00581946954213,31.662914196083435
2020-03-10,72.64750649645346,78.74024891449038,55.266086142836194,44.74799752537363,31.91996684649778
2020-03-11,72.27116633060871,78.52934587400352,55.47366833836115,44.78366884737976,32.05023862972672
2020-03-12,73.2691644922679,78.62840653976856,55.68232526958173,43.83691878832942,31.41932442685521
2020-03-13,73.35438473610164,79.11100948313697,56.12711023098561,43.90155905133856,32.0825037913968
2020-03-14,73.06715853525925,79.64074388112702,55.803814404684175,43.77377939324691,31.66907892597674
2020-03-15,73.17239361643958,80.1295462662293,54.527899849967966,44.23964785353392,32.26355451351905
2020-03-16,72.88421428636974,79.82182748082197,54.72633216776035,44.18303597879261,32.42826671043705
2020-03-17,73.7404750787142,79.35744440067202,53.941830295722376,44.740663503666205,32.928548149598655
2020-03-18,73.24496157212668,79.07683313244819,54.40941856908736,44.95849260891397,33.01664280891976
2020-03-19,72.98356548700535,79.37840939584775,54.38828661173373,45.39593274941625,33.300061723313604
2020-03-20,72.23745462231471,79.53420669231184,54.240270963865456,45.349288786125456,33.79486371706034
2020-03-21,72.08973203495478,79.15314361278908,54.5855487660225,45.991046211918636,34.748458597818164
2020-03-22,72.0024491412251,79.69165967683513,53.7146267786223,45.73522387687631,35.28577126865909
2020-03-23,72.60026947317265,79.13735420288909,53.61452333351346,44.81881418653088,35.50988562564785
2020-03-24,72.09190388823481,78.87611252952392,53.83846044733279,44.27111692409909,34.83562924077606
2020-03-25,72.3337181422191,78.98064990530779,53.96488233338856,44.33145028466686,33.62771208792917
2020-03-26,72.37708170687806,79.39743182713964,53.72046710632838,44.4668291101574,33.5625067967265
2020-03-27,71.43082927079001,79.97660183090034,53.48110027403287,44.54451926472543,33.205266044255154
2020-03-28,71.06817892103057,80.12893710229433,54.252721318572895,45.153884749595655,32.86640410754922
2020-03-29,70.6856479719955,79.51032418250472,54.70905714973876,45.24838997212193,32.825188159482934
2020-03-30,71.52716767720024,80.03973693847625,54.37697055241451,45.41315104053769,33.156585115653094
2020-03-31,71.80003111502577,79.51890174312958,55.05120102455095,45.90318664135006,32.84613721730291
2020-04-01,71.87236630179652,79.27917448973976,55.428741532907836,45.06489153217207,33.293733301076166
2020-04-02,69.72467080976251,78.78666435201328,55.67293635376192,45.426366172205825,33.31047999464633
2020-04-03,68.77053610702312,78.74126372600409,55.93623142363144,46.08451601580001,33.329286171930114
2020-04-04,69.13443012299254,78.23092508402564,55.36317087463638,46.44331039440516,34.26678439489799
2020-04-05,69.52545151929571,78.4670413270057,56.11580288015958,46.600811961659275,34.35583920725004
2020-04-06,69.154327417231,78.67464533989518,56.591556743446176,47.00223098277187,34.32876812368649
2020-04-07,69.16816652262389,79.05154208490495,56.714118458530024,45.9291610402321,34.590719126959186
2020-04-08,69.14654826485499,79.1941057328533,56.83592173068208,45.86434577637424,35.48929152787829
2020-04-09,69.23127122569564,79.30586007011922,56.79018423013428,45.21519042778505,35.46591966079635
2020-04-10,69.04526895923269,78.81562715824508,56.505829808516935,45.40682572618961,35.685798675555326
2020-04-11,69.45295316646053,78.47661255777669,56.773103931925796,44.90478500048988,35.6316555563907
2020-04-12,70.00600802080342,78.42592394825898,56.37540053902921,45.32971354543704,35.58013526554542
2020-04-13,69.52619983080741,78.41714566866477,56.45074989110103,45.12169797800989,35.33508903113169
2020-04-14,68.9290135149397,78.25020187533977,56.499432422608685,44.47816072297407,35.05504708702084
2020-04-15,68.53095639928458,78.52848320889004,56.69202320822459,44.00592982451413,35.903075963810196
2020-04-16,68.55531540872995,79.68687438084135,57.16264818709543,43.349331102347016,35.62615945216094
2020-04-17,68.73313102902029,79.88929830919412,57.36431674805399,43.33167760475372,34.85583896760567
2020-04-18,69.1273560315236,79.5540186396449,57.711099959079995,43.639961415238645,34.918542359076305
2020-04-19,69.6130669745873,79.9447294066801,56.74112866880996,43.317471423465975,35.42745100231351
2020-04-20,69.79429127900623,79.63300430266975,56.97133536060123,42.588019610555214,36.04870906421718
2020-04-21,69.90908719208156,79.81004601932497,57.008863667370335,42.58112746170311,35.45147643954522
2020-04-22,70.73353494567706,80.04719569196192,57.19472614088903,42.563274416020604,36.00785459008393
2020-04-23,70.73603496493755,80.16270921272464,56.93018626971526,42.313778282013516,37.037324012733066
2020-04-24,71.03105837986334,79.86590089927515,57.505648940715865,41.92134218848031,36.69524679458439
2020-04-25,71.19118570317157,79.90334713726571,57.63086417149727,42.56119745104262,36.60821396426102
2020-04-26,71.104592498296,79.65193873154827,57.25845673465183,42.264955476760676,35.99243623159738
2020-04-27,71.02129861533005,79.39825681155226,56.97429940753771,41.544406879445,36.91928600331273
2020-04-28,71.6822769988474,78.57329713383076,57.42568618086127,41.50028169511505,36.17309277490426
2020-04-29,71.63716184569016,78.51178902528576,57.38304161679201,41.763942912011885,35.97319866447884
2020-04-30,71.46082726702078,79.59429639417476,57.380683411527464,41.994318749373114,36.36554296049497
2020-05-01,71.09229940106,78.34302353171329,57.281827133877506,41.1946141622696,36.023536465214406
2020-05-02,71.30356711348752,77.23093030192328,57.7873923850342,41.80354423851754,35.528978419333626
2020-05-03,71.04749809766977,77.25967104388826,58.028557369945595,41.9087436395654,35.50285798976347
2020-05-04,71.21339534209451,77.63493956610492,57.4349906001334,42.194159842987915,36.69793606112921
2020-05-05,71.30225721210132,76.96248383507606,56.94710508784405,43.51994061827564,36.56993576748046
2020-05-06,71.08856320275748,77.07055103683615,56.94938886451911,43.899384899802776,36.46639975197097
2020-05-07,70.39077108897388,76.98979758498412,56.62786803247464,44.1854125329155,35.90862006604307
2020-05-08,69.87615893363576,76.68858844019904,55.54760238872504,44.072450852966234,36.101167814667406
2020-05-09,69.44022317274278,76.87925577609256,55.1750892746525,44.06983157977037,36.54302951607817
2020-05-10,68.93820819201103,76.37551240869351,55.03582799542655,43.467742944886396,36.239877459450256
2020-05-11,69.16584210397063,76.88441619558691,54.8358271792411,43.51003223268115,36.507743264113635
2020-05-12,70.23042977730756,75.92795149718512,55.19620830151401,44.32307577506713,36.20847924334184
2020-05-13,69.9749347397161,75.88675988842733,54.07893849519453,44.53627187396612,35.261618529175685
2020-05-14,69.78279739997814,75.94048234229811,53.69275575600097,45.65131394430418,35.49030084526822
2020-05-15,69.49050612623495,75.85728530540908,54.090587108238566,45.916187177641646,36.527492351978076
2020-05-16,69.91934450654976,75.6008780447992,53.7567562900082,46.05623017363509,35.929544173453515
2020-05-17,70.13252293674644,75.91531946023,53.15106083539054,45.98721597349557,36.0192340911394
2020-05-18,70.1242092256687,75.71116272729685,52.81071079187331,46.972853769621146,36.674111665940835
2020-05-19,69.51765349189355,74.95226913537844,53.03381442986353,46.740572015143044,36.62311875324033
2020-05-20,69.03377232176972,74.61058808479551,52.907112648139176,46.377053395552316,35.90970170599208
2020-05-21,69.12141910954878,74.6583915457881,52.54463311879102,45.93619757203267,35.93218080423215
2020-05-22,69.23306275476075,74.38454755100632,52.78552313669433,47.06716055252968,36.677360794996645
2020-05-23,69.22500810877789,74.22215847131045,52.972956924566375,47.14087005590147,36.42409354857746
2020-05-24,69.55747167240803,74.6087390726004,52.341207820005216,47.18292801281858,36.540214976101524
2020-05-25,68.94618298758704,74.31027316011351,52.38860079302586,47.44315458716375,36.013451140994796
2020-05-26,69.097977926167,74.26272592886518,51.738858219541214,47.31738480280215,35.963714654100855
2020-05-27,69.22197108721537,74.16499662176818,52.323903885557044,46.93554966057828,36.15706042382282
2020-05-28,68.74300147788033,74.70223417452112,52.93950247607164,46.52966066903949,36.21998682566638
2020-05-29,68.44055161707911,74.72658066809456,52.795665725205225,46.106859056153205,36.00423813554311
2020-05-30,68.78711635492384,75.12719693063967,53.32814653299383,45.105857594229214,36.225734488601205
2020-05-31,68.2178205308488,74.76732830874077,52.95003940366949,45.135273071882615,36.5604832671287
2020-06-01,69.44970606580912,75.64383714145012,52.88009764652638,44.35590345861314,36.92828276478712
2020-06-02,69.727586866255,76.05915309156346,52.58770299872276,44.63058434355267,36.78181844724761
2020-06-03,69.69891846093097,76.88814669579365,52.575359374108935,45.04870325303962,36.47131392055317
2020-06-04,69.57284229374518,76.98785320020079,52.608481931286875,44.74740177155803,37.452873426377394
2020-06-05,69.96694304306615,76.68494844300642,52.60715039939778,44.91570993459771,37.52168550697699
2020-06-06,69.76126827726799,76.57099491788118,52.56205854321752,45.27903785903557,37.392941850675896
2020-06-07,69.57611014826244,76.67581135151487,52.62570228757465,46.03136634843674,36.654400832850676
2020-06-08,70.3024042856543,76.774048346636,53.253397527290474,45.836432209508445,36.18816054439101
2020-06-09,70.06662478822159,76.5694883143055,52.24795961741451,45.13016714401016,35.86700143945615
2020-06-10,70.13466546247429,76.56248131192615,53.20842033480209,44.6773395251497,36.08670819801579
2020-06-11,69.75455942450078,76.68978339277308,53.03303154751464,43.84653159890238,35.90859456896969
2020-06-12,69.88407966324463,76.2825642777085,52.99407920070627,44.0848219133528,35.91619321714402
2020-06-13,70.17438688046465,76.09840995575566,53.65872994714612,42.47419387397659,35.19956826903043
2020-06-14,71.01583463506057,76.76723336272799,53.962074457669225,41.97294882792025,35.90178268858837
2020-06-15,70.54716019007427,77.36740845898078,54.22958389201726,41.978935589618345,35.53303768778129
2020-06-16,69.82322308792666,76.97046421481272,54.85239931911398,41.439926677521136,35.65059895338483
2020-06-17,69.68982778603565,77.91735718493118,54.77002059718963,41.00978839176018,35.385318934566996
2020-06-18,69.3812707906926,77.51915640363504,55.22952835732933,41.42435574449233,35.22625287794028
2020-06-19,69.37354727141556,77.72267878579868,54.59928536075604,40.86442748548894,34.82923003713524
2020-06-20,69.63454143434795,78.38702179683673,54.80804746981906,40.635787057246915,34.977381660914105
2020-06-21,70.76705297225972,77.98843786767478,55.0889558285841,41.100164972809985,34.48721055283791
2020-06-22,70.54131029363249,77.42454021753343,55.66198078236718,40.913884665185705,34.64433790984939
2020-06-23,69.43610844985602,77.6698210186008,56.015896846634355,42.115815800957456,34.584925162279866
2020-06-24,69.31712012510218,77.63410994584964,56.11813918892942,42.66351417894578,34.89993507204452
2020-06-25,69.49238395746383,77.46066620924172,55.959334312150524,43.2378497280186,35.26427580141816
2020-06-26,69.00756858743362,76.78300352544161,55.79496329873499,42.54375121848541,35.10548564599056
2020-06-27,69.12440981389092,77.44158871845815,55.634822667872704,42.494720795564014,35.28850134711159
2020-06-28,69.19315058156339,77.56740769531055,54.98588313280297,42.35260580413266,35.06436025284381
2020-06-29,69.32307645356283,77.91121113538841,55.85759808926643,42.14895576240594,35.72239913140019
2020-06-30,69.71873743062777,78.4937438175383,56.356935624358115,41.881063147213894,35.542909034501925
2020-07-01,69.67739178845943,77.62490339443994,56.48418580232194,41.81369231270708,35.442020498263304
2020-07-02,69.95116061671251,77.71440225895638,56.891654443668585,40.61271246786166,35.20761579927519
2020-07-03,69.05168004309735,76.9564227691358,57.268180749850245,40.14923760826199,34.84107765452117
2020-07-04,68.57049039720103,77.33178780698749,56.77169200184903,40.990662848040785,35.85792660088481
2020-07-05,68.399723231738,78.00505653917688,57.09006763486421,40.72279361667565,36.10113240202567
2020-07-06,67.89715866172985,77.96039263516538,57.72494062806084,40.395915461882595,36.135175986027335
2020-07-07,67.90045666278564,77.9258616244602,57.38599327501623,40.36340131526612,35.8970655187735
2020-07-08,67.72858501399695,78.21303455953074,56.61914293554009,40.37936357389058,36.453621398908304
2020-07-09,67.50101801920746,78.45096692627484,56.03812168433039,39.2531583318162,36.18080107890217
2020-07-10,67.94292041765395,78.34041226102912,55.98995038490948,39.32365254762491,36.241190674292184
2020-07-11,67.98483131331126,78.69409599903281,55.380074305338006,39.59775038343017,37.34266645014609
2020-07-12,67.44297636198247,78.57627444281802,55.29407172958741,39.89172727254336,36.864039982972294
2020-07-13,67.14131516964302,78.72941899033506,54.966714246383965,39.42244757329356,37.13382721019688
2020-07-14,67.51792537811265,78.10240228753884,54.96631469166648,40.19307216797839,37.27809979964936
2020-07-15,67.61778005622214,78.67806307948709,54.71148340945562,40.90688972368948,37.54217943069797
2020-07-16,68.21575013856437,78.24194243079988,54.693493415085584,41.57674737823782,37.39972763195558
2020-07-17,68.63903326061711,78.40031061604029,54.99475119523018,41.97065443218093,37.10359975671239
2020-07-18,68.44449979616793,77.83686907726853,54.51572179721063,41.79670173811587,37.21684623602614
2020-07-19,69.16225402062202,77.61518152455477,54.65639107322935,41.798848129439975,36.98883159090877
2020-07-20,69.92116168272165,77.35707782242513,54.23026477090696,42.510700510801755,35.82301260222315
2020-07-21,69.02845190406272,77.61820110462926,54.22738868635854,41.370118592198175,35.410779608327765
2020-07-22,69.04434231410869,78.35726720250386,54.186460867730005,41.004652437900525,35.25244610876384
2020-07-23,68.76942256887068,77.97544811402652,54.36425071211519,41.23420639614808,34.713521531861275
2020-07-24,68.6391846690619,77.51928356958612,54.45656436515377,41.120403017691935,34.78901494010728
2020-07-25,68.23110926652613,78.03917400128194,55.076004897909115,40.920199475561716,34.41021685167648
2020-07-26,67.7603988253879,77.6823706092001,55.06297365040051,41.73325861120681,34.38849740296754
2020-07-27,68.21098544515402,78.8426762504216,54.74922181617705,42.15101628707237,35.47243374618926
2020-07-28,67.62695466537063,78.31243662700439,55.214084734425846,42.63177199932004,36.08593503300333
2020-07-29,67.67363194874065,78.67541531670521,55.379576737559105,42.24549967128327,36.38168100325489
2020-07-30,66.99906340388806,77.90709032066376,55.82165045275142,41.9680064693529,37.28629545390832
2020-07-31,67.63376630985562,77.39859355230776,55.761666217623954,42.16841821570525,37.250002493111914
2020-08-01,67.648783237214,76.9086844903784,55.10731674998436,42.384850340116444,37.218798584051406
2020-08-02,68.02142932955388,76.60981563213028,56.2292726235463,43.30981375405736,36.691000450870376
2020-08-03,68.1189822201539,77.02390444787987,55.92795059572215,43.49534001847223,37.330078036038245
2020-08-04,67.99236014153314,77.00451335497692,55.34748915236845,44.32480292724341,38.308574335573525
2020-08-05,68.02654559199067,77.57537053215927,55.705983533417424,44.65013680240027,38.76227916154761
2020-08-06,68.78021230175055,77.97882628486023,55.23340820717813,44.53557440424802,39.473972207871924
2020-08-07,68.33149897130114,77.48302333463167,55.03720641410321,44.146853784107584,38.105303679765385
2020-08-08,67.05682450007531,77.42953604452792,55.099493090864065,44.548799951342794,39.27515185405585
2020-08-09,66.66339214281953,78.04138284777706,55.02783336646807,44.3649522650082,39.22298025591783
2020-08-10,66.05884841098383,77.61420308113826,54.84612674334416,44.30819950143696,40.40096432638715
2020-08-11,66.5428556432333,77.90128496492751,55.64097146463634,43.895658999737485,41.266789543408585
2020-08-12,66.45499099532095,77.53874385414518,55.58523930286205,43.89754159619804,41.6530022489522
2020-08-13,66.86871653734568,77.06244359236038,55.13552618024422,44.194363127491236,41.48148459644505
2020-08-14,66.88466232841384,76.91341993062804,55.62400258654698,43.99204839393098,41.560604159884576
2020-08-15,66.88900034932662,76.3588956740418,55.26273378368734,43.63575140332002,40.605591878987674
2020-08-16,66.97097282598997,76.98031069597273,55.20820032473749,43.66920733673575,41.070991584382824
2020-08-17,67.71098496888982,75.5674803510304,54.75588697625511,43.903030488641306,39.79348905173994
2020-08-18,67.80424875610345,75.82759549313829,54.86160372896836,43.898213871350535,39.644144614798606
2020-08-19,68.3588336809935,76.08533110864437,54.88149386527218,44.844665100326225,40.415763316705586
2020-08-20,68.88141561520209,75.85679917599391,54.866989238841924,44.89500021096009,40.7761257559314
2020-08-21,68.79976982449418,74.8562004222527,54.941998323182744,45.153343560234376,40.01116837536067
2020-08-22,68.76280256609316,75.08369810691933,55.35089903734606,45.595016242347235,39.341015626698145
2020-08-23,68.57390123317651,74.86015011373163,55.70244615720336,45.79328765068069,39.042297805637254
2020-08-24,69.21548984606574,74.54838174119506,55.18274252377025,45.309665063550625,39.08148569743908
2020-08-25,68.74495883780673,75.14386181942687,54.845415892251836,44.89654688792031,39.519761109694656
2020-08-26,68.38346297375125,75.87767312161505,55.30760220089131,44.344269021786154,39.82183016344174
2020-08-27,68.2453409561638,75.6232552831693,54.916187090229634,43.684410821502965,39.29245305859001
2020-08-28,67.67126479108813,75.23594439126326,55.162135732547924,43.821010477395454,39.60181952730762
2020-08-29,67.37561739923362,73.85881479978637,55.58187701767234,44.44116575547656,39.964488034546164
2020-08-30,67.94365049535729,73.05913534818538,54.761086868918234,44.80014680440278,40.20874811953385
2020-08-31,68.26935331944401,72.66691930993498,54.55791750356816,45.15241396198569,41.447840443361784
2020-09-01,68.05898322201803,73.20462605101221,54.965434570664776,44.63959938184134,41.8109999229934
2020-09-02,68.46039767797762,73.4305723367051,54.891947635150956,44.88615415171656,42.29491140596401
2020-09-03,69.50135171231658,73.95959872770591,54.68986001593807,45.15088573577099,43.23284058460089
2020-09-04,69.65790765874756,74.30674304045574,55.10541740642323,45.988668922757284,43.65789913612563
2020-09-05,70.3680873884642,74.30712728649183,55.65737028440749,46.15725690736598,43.38237129671432
2020-09-06,70.79388179686272,74.35467362405231,55.3181654122825,47.02660183980268,44.00372273234488
2020-09-07,70.64666331261989,74.6236400767001,56.2017308025726,47.088953288279555,43.80302562743467
2020-09-08,70.74531229747696,74.51204628632446,55.30962243618104,47.312949984869526,43.31172145536709
2020-09-09,71.00845353096416,74.67062126614472,54.55606576309329,47.89539245541641,42.86323266160013
2020-09-10,70.63596865912811,74.85152678563688,54.32887598971574,48.020585262714015,43.47890713473001
2020-09-11,69.33134433145601,74.9731532599995,54.161611273242954,47.26338064846355,43.78903002109365
2020-09-12,68.91430655001649,74.68957831001983,54.01722899951029,46.76696646319343,44.31944805037776
2020-09-13,67.83523607579045,75.35881473832058,53.7499764224486,48.099272624812684,44.63199346719479
2020-09-14,67.45950936246983,76.02116940183372,53.38717098618675,48.14925463864471,44.72641711362306
2020-09-15,66.60578708934611,75.38937340860565,53.27701478351937,48.49660581367228,44.88542285995682
2020-09-16,67.04584144138362,74.37947567325674,52.98209158462955,47.963963416418316,45.18096209820999
2020-09-17,66.45454269101677,74.15877836838067,53.32305545363118,48.134033386448486,44.87971712923659
2020-09-18,66.72659673549337,73.75859848341804,53.33836268603035,48.79912609910135,44.23456704084646
2020-09-19,67.10989776708011,72.93539569867247,53.227781288616335,47.86492681603181,43.99200950910463
2020-09-20,67.4606521539252,72.74727903066767,53.19172196115226,47.96939105479488,44.264071184304434
2020-09-21,66.52648406189292,73.46080873264283,53.748802644637756,48.069840983255645,43.940152543367276
2020-09-22,67.087806259594,73.68942061526657,53.50709938787219,48.23150160677673,45.004960866800985
2020-09-23,67.29797544261974,74.09895941266271,52.87040367503336,49.28990524204303,45.22559247514763
2020-09-24,67.70010831322097,74.76030834653184,52.3817213023825,49.158770458572434,45.28533622010282
2020-09-25,68.6150464478228,75.14594430790359,52.26521070264562,48.92326618716761,44.982167562190185
2020-09-26,69.01221251637617,75.06331649678397,52.50596230003194,48.83599420489316,45.440036068194736
2020-09-27,68.42088620090145,75.64745080973346,52.945866060444146,50.01986075815617,44.83406495505631
2020-09-28,68.74752792132585,75.24799186811869,53.7701852316964,50.09915477814737,44.99195067397237
2020-09-29,67.99571947443637,74.4883463342813,54.13976276770239,50.38852738764556,44.77418583400879
2020-09-30,67.96423666501752,75.18793109405121,53.69828878627153,49.24123998053215,44.83465065538363
2020-10-01,67.71262226512745,75.95679571606064,53.59667584868871,49.29749758084977,45.07778725158816
2020-10-02,67.7176975353082,75.75255836468057,52.51484572346062,49.211104877148564,44.50495609009688
2020-10-03,66.9629264494142,75.48538100732809,52.359075544151345,49.25741018881338,43.66949008377044
2020-10-04,66.26573691123009,75.76460061503494,52.05652209656879,49.096468556017214,43.20366369122678
2020-10-05,66.04106070372053,75.21645029262322,50.90000940207022,48.44998931569756,43.6432845622554
2020-10-06,65.9297991500282,75.09634474214324,51.95377719015169,48.313712947426346,43.8298512579928
2020-10-07,65.71690161058751,75.21362854627851,51.764785316457065,49.068198227004345,43.62840059471674
2020-10-08,66.44212785959712,74.86802083067974,50.71118022991254,49.130114670232764,44.61247414487595
2020-10-09,66.65394892182593,75.41770722357408,50.57411003112753,48.231835458573585,45.2550233268082
2020-10-10,66.85204465170563,75.5463091766394,51.39949514628311,47.64463729535375,45.77675431928058
2020-10-11,66.66088848102461,75.47817697539904,52.353044688105996,47.78506345342078,45.41465162389785
2020-10-12,65.96497256118437,75.96949107207986,52.3822299486726,47.254189638390436,45.93082543398148
2020-10-13,65.96291216876388,76.04525137933369,52.43041882269414,47.371081775804114,46.101179511029436
2020-10-14,66.86654715183886,75.68767724246835,53.04321545915133,47.99614299375777,45.74004706349696
2020-10-15,66.97873696578093,76.32000962167656,52.96795949925593,48.232340748516094,45.68799672242336
2020-10-16,67.53533317939855,76.30709544724402,53.19810141501805,47.74169613873361,45.168779386770346
2020-10-17,68.15502862292331,74.64538575820305,53.617896447823604,47.8271198649629,44.812037084883656
2020-10-18,68.43479925239731,74.78566658454218,53.07992834685485,48.198172952488,44.239949214278134
2020-10-19,68.54493623826433,73.82608834109617,53.8483120112467,47.834974873654616,44.718226279204
2020-10-20,68.05107049790949,74.87031600817657,53.40846776850564,47.29505421173407,44.682763368760256
2020-10-21,67.9468469271371,75.05146641356326,53.09157195086615,47.2503322451426,44.21196394958599
2020-10-22,67.76639930904331,75.23261773912276,53.14148310100284,48.02548657488068,44.47065111422788
2020-10-23,67.93139708776638,75.60883490866946,53.611283788362464,47.53303382932072,44.47140277243017
2020-10-24,67.22436378403378,74.71735707063411,53.949986265230805,47.31462174776046,44.99665551306353
2020-10-25,66.9557184362079,74.91622283504024,53.925286425429206,46.71924656230203,45.06332386752853
2020-10-26,67.1577263812661,74.40874695090427,54.06737132092421,46.342590503414854,44.34473002192925
2020-10-27,66.80666897146644,74.20481666145997,54.60401618873035,46.277314101962936,44.096358190596256
2020-10-28,66.34886409457458,74.42278070678087,54.60821290245669,46.20347284040219,43.517760747618944
2020-10-29,65.95315656683432,74.14568831558928,54.20218521893339,44.82707577879761,43.79926469991734
2020-10-30,65.81695187728482,73.18550757914814,53.90072129942421,44.71161312008672,44.34149511831812
2020-10-31,64.62660608340195,73.42516952809251,54.35536162838707,45.59400322165782,43.56950446507872
2020-11-01,64.25352657707136,73.78261671957063,53.94974319922184,45.66521302989221,43.50725643822467
2020-11-02,64.72990318290981,73.23010588239387,53.16582134975119,45.54286499489454,44.08363188376881
2020-11-03,64.89184247311307,72.83635371532854,53.01372700903415,45.25864641964756,43.30408049659998
2020-11-04,65.10186176222808,72.73761981307884,52.9760533620823,44.79674410332677,43.08657258456505
2020-11-05,64.18801617927116,73.69834852032824,53.40630251286302,44.85019557166954,43.08645773521033
2020-11-06,63.98091669024322,74.56398755872485,52.677414315875396,45.07600061482739,43.620179527566215
2020-11-07,63.922977163962585,75.10861145055974,52.85065027693641,45.94538644208629,43.89252414371191
2020-11-08,64.15515796886905,76.14647069574235,53.42627977930311,45.57461052491515,44.267041542650546
2020-11-09,64.71058572781679,76.6851412142535,53.017607178852614,46.22297376963077,44.56827153308179
2020-11-10,65.1879486857169,76.8214410721481,53.05842903451262,46.85208173705501,44.3817057862406
2020-11-11,64.89526120223043,76.26839603558604,51.98313326313621,46.64978430822277,45.20340935511459
2020-11-12,64.61402009995142,75.40354587025647,52.41971511709211,46.28452805452093,44.867954750954084
2020-11-13,65.32002809448208,75.15879252920726,52.817513299943656,45.56687711559698,43.478749402974394
2020-11-14,65.13999280333861,75.25434388653017,52.80752440697009,45.58322372932089,42.57847887524049
2020-11-15,64.59869545279508,76.40574497329914,52.14388382186316,45.439466844799426,42.520033418129735
2020-11-16,64.49512952379357,76.29276411002736,52.47732545088185,45.975291096515726,42.354261043843735
2020-11-17,65.16980941843647,76.36915679570374,52.35482648470804,46.151789986264845,42.08607878146761
2020-11-18,64.71737383001641,76.54168453718736,50.96463531800254,45.16080333524975,42.16118097088578
2020-11-19,64.50293390012958,76.64456761719248,51.353741559188414,45.12864228026893,42.761394939476105
2020-11-20,64.07117845055828,77.53345257346807,51.93554946392601,45.28195379944257,42.98840902428677
2020-11-21,64.54937561492112,78.19739574897656,52.6052023558732,45.16671424891693,43.312684126074195
2020-11-22,64.69330264664595,78.1999976170169,51.96670091398224,45.61204038314135,42.77279033745414
2020-11-23,65.15624276882619,77.88789793428259,51.00830392328753,45.329828439893014,42.513065742828594
2020-11-24,65.93875220960385,77.60649110789728,50.80311135168184,45.84853017984858,42.86324360705713
2020-11-25,65.18270132011521,77.6228937352257,51.062043615676835,45.57120947316217,42.917249637032725
2020-11-26,64.80312563393545,77.26749283293938,50.59064825157293,45.40611471663286,43.15578070281037
2020-11-27,64.586364675539,77.720220668011,49.79513104430469,46.38023221429974,43.462642642483694
2020-11-28,64.62078385535098,77.38235153007874,50.15741583599386,45.72123892061791,43.54573767799929
2020-11-29,64.8737326592505,78.16006069648307,49.984812415084775,45.7681483811882,44.33669076632712
2020-11-30,64.62800584547517,78.50514450857469,50.29610703055281,45.94217815885142,44.0709227388899
2020-12-01,64.28203508116442,77.85196193636745,50.304005376965605,45.63404332330882,43.66137693633308
2020-12-02,64.76036479727533,78.588319951395,50.220952779886986,45.86851986205832,42.77889253460084
2020-12-03,65.03341355743781,77.92682804876125,50.18888478885311,46.23673149727883,43.15319418010114
2020-12-04,65.19135444811243,78.72982294395698,50.00966210272818,46.376422553873496,42.86816704933557
2020-12-05,64.1184749663885,79.1019612783451,49.78039089160628,46.47403030888138,43.501170009083694
2020-12-06,64.72181321562303,80.22294131013018,49.22975033216448,46.73560956452912,43.62514623217128
2020-12-07,64.81379778611603,78.95442214670373,49.47142505553043,46.35936907168192,43.45572980018566
2020-12-08,64.73280819413796,79.02539413371873,50.09519362852159,46.04387455076142,42.928410892221436
2020-12-09,64.32314187330037,79.01249069067592,49.84495397471788,46.2751698120999,43.35166668579194
2020-12-10,64.00668468027253,78.70305904477382,50.77800378683452,46.09072257130057,43.32472297201978
2020-12-11,63.56122763549356,79.19782282445458,50.96629277544905,46.06551588392479,43.45862409019878
2020-12-12,62.56244019806414,79.03746843992035,51.095380064282054,44.803649394447405,43.760844759144476
2020-12-13,62.15367929760871,79.75789791439622,51.42288915521274,45.13918209429108,43.89372124280157
2020-12-14,61.35416034906712,79.29272415592419,51.91044311022662,45.8018239684153,43.468812054400786
2020-12-15,61.32392669845929,78.33432726865149,51.68315614754314,46.10787685948659,43.72944607174141
2020-12-16,60.74854626493833,77.9613802572038,51.960567896517304,46.49074654670185,44.13954644262925
2020-12-17,61.113513309494124,78.24810429637324,52.483885237733695,46.95347975442394,44.319660960720825
2020-12-18,60.28135296356816,78.74903867243316,52.294196619245085,46.86114025014384,44.63583514747975
2020-12-19,60.87872543816713,78.27084050013795,52.29656603507305,46.41586671089797,44.99860730409209
2020-12-20,61.29703288647188,78.53127061766183,51.91293712239148,46.67625034158764,44.800575877293944
2020-12-21,60.76391502666338,78.70698100205831,51.66641300206959,47.209421054759915,44.58379723347496
2020-12-22,60.716781452786826,78.81063689103281,51.49156754594599,46.66750908712207,45.69719071723719
2020-12-23,60.289592533689266,79.6846558245525,51.03946914224671,47.02675676231674,46.36007069890437
2020-12-24,60.5788922064431,79.5413106296933,51.00799543258724,47.17085459690605,46.335967755323125
2020-12-25,61.47882061801986,79.07236285907011,51.17340991517058,47.115549912380054,46.677382233220754
2020-12-26,62.069352623573266,79.11025649124304,51.3873850437231,46.98374355633688,46.20853981780096
2020-12-27,61.72548856259958,79.02902026947497,50.98314939972239,47.120210044881276,45.90909918658335
2020-12-28,61.782805870030096,79.48096169221843,50.67998843237779,46.79883214860098,45.28564436078187
2020-12-29,62.54393703198154,79.484836788422,51.10544699968465,48.311922807330944,45.42847505158176
2020-12-30,62.80607241485072,79.61142869891982,50.80108343280132,47.64770089448833,45.57715763568639
2020-12-31,63.31112877979501,79.46814186769498,51.21317911232068,46.374243797622306,46.11907068835394
2021-01-01,63.63674305567373,78.32533654602024,50.8469469190205,46.520024874972364,46.013053721192165
2021-01-02,63.67487217548561,78.41638673177664,51.035444931582276,46.56461540673288,46.54634767424578
2021-01-03,63.64013940811135,79.00693305807538,51.41162076928115,46.83149407972568,46.87280433840838
2021-01-04,63.03468745706958,79.29886772107324,50.086777627062375,45.403354757587614,48.10241994101719
2021-01-05,62.651780107099434,78.54149595666546,50.52101110972684,44.48662638683153,48.935977928450455
2021-01-06,62.20087761699665,78.37223244876296,51.17304667952582,44.26401848620707,49.68205629232057
2021-01-07,62.025204430024345,78.24760272199514,51.0185894508795,44.70330169084648,50.099897600656675
2021-01-08,62.074978441083694,78.52471001066283,51.19145864812121,43.79502176987271,49.65278490632362
2021-01-09,62.02101139076804,78.59671080996308,50.77189744421822,44.01931952754089,49.79918191503952
2021-01-10,62.128943293927335,77.09095229506482,50.953637712303504,43.89643536215839,50.922959526925204
2021-01-11,62.461060896783984,76.57637184759236,52.18416260261056,43.97585357654287,51.176436897614806
2021-01-12,62.25326805905559,76.39463070295608,51.08579472248533,43.962670579629325,50.76554761583367
2021-01-13,62.62226637764351,76.06941863548063,50.83543895908088,43.95373941543067,50.93353234978433
2021-01-14,63.191349819721765,75.96799743242589,51.23381614183979,43.942565908807495,50.438729932746924
2021-01-15,63.39892410255228,75.73039362546952,51.864607788917304,44.494742306931116,50.010632833403534
2021-01-16,63.12666023390711,75.61106624700147,51.17339660447825,44.512119471421904,50.21708246444746
2021-01-17,63.59999917797691,76.00565830109454,50.85430123819503,45.020867299586314,50.58685542672116
2021-01-18,63.841323233089035,76.58760422520757,50.564142293975905,44.80069511786555,50.18789444166749
2021-01-19,64.15073537871442,76.50771460007576,50.23764439490404,45.359633373088194,49.908116207556404
2021-01-20,64.91832112569097,76.80042509032468,50.17955710018238,45.24159274579338,49.19492866197231
2021-01-21,65.27304246742497,77.01009387993125,49.465211618506295,45.12942312603478,49.130281656704305
2021-01-22,66.06017799416983,77.69505363864879,49.33794891951135,44.24123443633242,48.15726799727388
2021-01-23,65.98592939405586,78.0306830377753,48.86987447108016,43.78985777667426,48.00769549644474
2021-01-24,65.77021503712585,79.06387507044678,48.835447020377025,43.4391422913676,48.04748400675955
2021-01-25,66.34467957173743,79.41271676843789,48.48288203187558,42.534618642853616,47.169589314756536
2021-01-26,65.8518065359595,78.60382329474918,48.398363673512634,42.10310942068758,46.665960356237235
2021-01-27,66.79601123111176,79.27552634601754,47.8801449907246,42.446583067731396,46.63591451740739
2021-01-28,67.44696492153514,79.73559249752537,48.35649529787097,42.844854700099454,46.53762602388218
2021-01-29,67.49077243234512,80.18493682728051,48.193696992014814,42.00224861183128,46.46244456012791
2021-01-30,68.09140924969711,79.52911495981112,48.20061086855028,42.83350392306851,46.60645100821294
2021-01-31,68.42257591381906,80.0760477465179,48.12770115402485,43.25302911739044,45.77060955149518
2021-02-01,67.77756002086045,80.56988483674394,48.131317263346546,44.29317693896652,46.12493958513288
2021-02-02,67.36941444159274,79.87025693826115,48.13241354946003,44.84642959662763,45.965575873451854
2021-02-03,67.51228807300079,80.22464846159026,48.53498272977469,45.7924087155023,45.667477222408
2021-02-04,67.59205986339036,80.37105124365635,48.391949280174615,46.00176591075885,44.7350494865627
2021-02-05,68.24612415981713,80.37570263685156,48.03205251234576,45.61356337647463,44.60126090247891
2021-02-06,68.39715291348087,80.33378226501654,48.05291015703958,45.74421660120005,44.85727603076806
2021-02-07,67.76279388919667,79.38158125747067,47.74645805118645,44.62517991508475,44.92806209848435
2021-02-08,67.49013006633355,79.34723235708319,47.70900126196146,44.54473570492562,45.013468525618094
2021-02-09,67.86166193596796,79.73528594418616,47.18298762734807,44.52212613771756,44.84394669357798
2021-02-10,66.95035413880458,79.32330063433987,47.707878863536195,45.00485254393505,44.81367243264168
2021-02-11,66.24467469195886,79.29490316840543,47.31761248444475,45.108386598528185,44.259941768583445
2021-02-12,66.05834726872747,79.04068333363655,47.91731430588241,44.88773996876773,44.257558749236956
2021-02-13,66.52170490724556,78.82620215193107,47.88675144308222,44.18889840448627,44.012007989898486
2021-02-14,66.41333086137841,77.90780366118365,48.314828037453374,43.81264628578017,43.44960838921146
2021-02-15,66.64379717911287,78.23803668233121,47.93117205460971,43.70065530602621,43.826968008854195
2021-02-16,66.6462046543688,78.2476698011283,46.9477495105093,43.34886237240002,43.0394679612582
2021-02-17,66.57577861034683,77.83909022490883,46.12334457131104,42.03774644538924,43.301610760681086
2021-02-18,66.2488853284905,78.43777996015511,47.37479573892578,42.03190967005623,43.59518483194929
2021-02-19,66.66879814414746,78.86609761608577,47.07582558991977,41.79885564884207,43.33156541690738
2021-02-20,66.04166420227625,78.8326929304918,47.6239046213606,41.556439055334,43.84676989900965
2021-02-21,65.92483566007131,79.45755029500154,46.975026477938194,41.63850158896528,43.57259984296714
2021-02-22,66.49790032908467,80.24917524391354,47.064453839754655,41.41053798302768,43.267021832210794
2021-02-23,66.11577738034812,79.77886488856093,47.23865744871898,41.94922012968551,42.666844212448055
2021-02-24,65.33760870536862,79.22124557226029,48.65686345426966,41.58049628300737,42.66262248817682
2021-02-25,64.2791949269752,78.10519463207147,48.497934084885074,41.16936167684618,42.18329361646758
2021-02-26,64.6123322299512,77.75086481577897,48.14230006033945,40.790319842779866,41.78747049502665
2021-02-27,64.97914003584593,77.55718883739874,48.317766865014775,40.87883625416004,41.754783390981586
2021-02-28,64.80702492553496,76.74156422500535,47.85538557153004,40.959719791472075,41.74302970000035
2021-03-01,64.17151074757977,76.32237002863629,48.06017401618715,40.6798248693906,42.37099651589214
2021-03-02,64.09846222793932,76.69214894521164,48.03342978888491,40.67328059574653,42.83651294189732
2021-03-03,64.68750946211982,76.82397306613163,47.65652096167574,40.86359113660499,43.11200906258128
2021-03-04,64.05286100397365,76.4439286334845,47.903712928586366,41.163217017637606,43.03873425406082
2021-03-05,64.58194821380982,77.0635931790315,47.95787361326341,41.10511618352955,42.836726276971035
2021-03-06,63.73433371050006,76.39001083010398,48.33803383278504,40.710882517984956,42.82343001530139
2021-03-07,63.16584188048099,76.64024877978923,49.16426051970478,40.31733191589407,42.545288836969135
2021-03-08,63.22048038535625,76.52417746313776,48.913438980285726,40.448785146397675,42.194823734631285
2021-03-09,63.6943066522138,76.57191443509446,48.707684958412315,40.811225725288,42.15542716091552
2021-03-10,64.43012800374035,76.72226390182544,48.0348612486167,40.886594033516516,41.716235363854814
2021-03-11,64.9260062631471,77.32081202608542,48.29537638591542,40.693289848936764,41.307772647635176
2021-03-12,65.70213872032454,77.67549249952872,47.97300061218519,40.40841271570515,41.78520969211754
2021-03-13,65.79316896428934,78.22229215072167,48.14576460376857,40.81173501668357,41.095370146138826
2021-03-14,65.48237499746233,77.71343989429997,48.72850121405188,40.19798467429422,40.575481343703174
2021-03-15,66.07441818202432,77.56919002950933,48.386301996864965,39.96024408669969,41.212118256963166
2021-03-16,66.7561701918731,77.09604597200583,48.149160593514495,40.68023429357132,41.016048652144804
2021-03-17,67.22158172175189,76.44251567353732,48.65641692637443,41.2649541975549,41.70406165851469
2021-03-18,67.52786206363893,76.89432252399344,49.010128343050575,41.365046897171396,41.12037909810217
2021-03-19,68.22384789206154,75.91520508436798,49.310870132708004,41.122023356719296,41.15727018347859
2021-03-20,68.39483346962476,75.62323883777763,49.11517669978138,40.99538352534484,41.54318379167793
2021-03-21,68.38456786172016,75.34888591288812,48.39714188439622,41.03855011874169,41.090198024260495
2021-03-22,68.74732859471956,75.24274700722633,48.041224945178904,42.09242432309995,41.927364432116725
2021-03-23,68.98611843042035,74.67081393894671,47.53648468773541,42.60457016445927,41.7321895406311
2021-03-24,69.42876399125439,74.30221678501758,47.82725784476232,43.05056503432256,41.98673451611147
2021-03-25,69.3627958258678,75.23482688236732,47.96951861307253,42.97294508561328,41.64770720981922
2021-03-26,69.81742098295025,75.10402645836174,47.67021015064965,42.724793580158405,42.39351413470551
2021-03-27,70.24622921568839,74.6622920611959,47.45627238655189,42.62639181597016,42.5451939898485
2021-03-28,70.35290385369409,74.78004400772988,47.69409721600629,43.12417722902614,43.59383394016214
2021-03-29,69.97775319817123,74.81787059129128,47.53443164925337,43.93719480103546,44.183369945804515
2021-03-30,70.5980653574667,75.78033016274925,47.24385829496482,43.510613364409174,44.601886392650734
2021-03-31,69.99323662696249,75.64371043703264,48.2331538594619,42.36223825843873,44.12432787128609
2021-04-01,69.51438374057047,75.88719570161761,47.95834176212917,42.23686881626336,44.16625492826127
2021-04-02,69.59839516438416,75.28723151154526,48.29266160178896,42.767373050868905,44.00791626963798
2021-04-03,68.34444541403131,74.92790227203001,48.48894944023316,42.482067286273704,44.02102989885759
2021-04-04,69.11592508111806,74.61728358506372,47.72732147448057,42.708401172229664,44.094890287858505
2021-04-05,69.12327120084444,73.87606177745214,47.38782453274582,42.14599106567998,43.644541552909175
2021-04-06,69.89301282215773,73.89976498634181,47.797385386118165,41.998933522691715,43.56626032273912
2021-04-07,70.7950296219376,74.02560707269504,47.73164399315732,41.60460693794335,43.51806590724128
2021-04-08,70.71761395123924,74.08929330057676,46.99917420364381,41.52821533594175,43.0129517027977
2021-04-09,71.39198947831449,73.28373449489916,47.196418301371686,41.629728852175354,43.4131602944488
2021-04-10,70.86193376471937,72.80096756435103,46.90526597878496,41.97520251409904,43.52440290108697
2021-04-11,71.07858232582623,72.6036587381677,47.123212066524154,41.76549147911172,43.93102950604604
2021-04-12,70.84188750095701,72.02018531860749,48.46709939527687,41.1972553262282,44.17463877618859
2021-04-13,71.1901304518555,70.99981769149576,48.6583189302634,40.43694872567907,43.31782603174932
2021-04-14,71.63141720539305,71.47882591215243,48.964405438397016,40.978182153729,42.901173453789696
2021-04-15,71.55146325476923,72.23391376071199,48.83740817387012,40.570695527608514,43.727779111273975
2021-04-16,71.82387392432913,72.80608100065051,48.27761434502634,40.82851412262267,44.12032366165061
2021-04-17,72.29622707577523,72.95206601301066,48.789576804955885,40.03264792154037,43.30950404405991
2021-04-18,72.39013714341671,72.65522076529061,48.48665716196775,40.81761543296397,43.54450956032416
2021-04-19,73.65965730269018,73.73916858332475,48.3720663114953,42.20947738701636,43.12855209968379
2021-04-20,73.59108799063691,74.27503815941387,49.2688040793156,42.37420236877395,42.0803073555586
2021-04-21,74.41901612977207,73.86410115317736,49.09995019996659,42.229504216014114,42.9089118564996
2021-04-22,74.99171176310483,74.61889303887064,49.70761426587053,42.948898211681524,42.94657476547305
2021-04-23,74.06176404059912,74.70152416302903,49.901353324833245,42.700863842952664,43.05506395596324
2021-04-24,74.80825074456367,75.36161750580429,49.62480780513998,42.72605093132253,42.426678397210566
2021-04-25,75.34522324105303,76.15862621012091,49.79551146185318,41.34295686243239,41.850109649044974
2021-04-26,75.40229620043968,75.82760634797073,49.43730078718112,41.3044270786557,41.054291051344975
2021-04-27,75.58673294514342,75.76028976531687,49.889663341801494,41.882713387914826,41.76277909219178
2021-04-28,75.83312840933704,75.88414788869741,50.513210255971025,41.65254703097992,40.941114770023155
2021-04-29,76.52078273103895,75.93044261227281,50.53771382043043,41.43049272417037,41.749507254183534
2021-04-30,76.31424446394307,75.4162921655064,51.208952033815066,41.212289761529085,41.256125376766846
2021-05-01,77.10724567444956,75.47235349985655,51.28898890749211,42.19368831839495,40.642185750046934
2021-05-02,76.56521630619645,75.3260686492007,51.746245456509165,42.30736872869274,40.61449958156037
2021-05-03,75.68514957211309,75.18785782135573,53.221843755481466,42.326794644539,40.27239489571904
2021-05-04,75.98189248299624,74.40067985200581,54.459401628380746,42.12441831662946,40.321042664922075
2021-05-05,76.61140557863426,74.28424014371654,54.368125547046,42.63852472204615,39.882464401225334
2021-05-06,76.52161388825937,75.35575155450186,54.51487805676698,42.235653903881406,39.725723026369124
2021-05-07,75.3895045687181,75.58363779751656,53.987900067397206,42.86453065929442,39.34652643947446
2021-05-08,74.64403441395847,75.425508231095,54.38722287179091,42.80593388129183,39.77713930120761
2021-05-09,74.862176333091,75.6946162461797,54.5818312502753,43.39163578855557,40.03345079690285
2021-05-10,74.85714885699961,76.39894808415862,54.19482182388786,43.20715613196652,40.15731040762237
2021-05-11,75.49928908249112,76.03939013122327,54.788246069684426,43.61629753734762,40.68408411907295
2021-05-12,75.53575128065424,76.88246645277204,54.655441264880984,43.88615288950419,40.815673881233614
2021-05-13,75.16545713451708,76.34827222280151,54.394987269748036,43.85628192151087,40.90507359219839
2021-05-14,75.31999769657445,76.15321490030179,54.59473542503188,44.540689964232556,40.84509672960607
