timestamp,temperature,vibration,pressure,rpm,power_consumption,anomaly
2024-01-01 00:00:00,52.48,0.64,93.2,2618.0,67.05,0
2024-01-01 01:00:00,49.31,0.592,98.6,2828.0,79.53,0
2024-01-01 02:00:00,53.24,0.506,92.1,2917.0,80.27,0
2024-01-01 03:00:00,57.62,0.435,96.9,3378.0,87.09,0
2024-01-01 04:00:00,48.83,0.57,81.1,3111.0,59.5,0
2024-01-01 05:00:00,48.83,0.539,102.1,2733.0,88.89,0
2024-01-01 06:00:00,57.9,0.59,100.0,3097.0,39.43,0
2024-01-01 07:00:00,53.84,0.564,91.8,2691.0,70.55,0
2024-01-01 08:00:00,47.65,0.605,106.6,3217.0,72.68,0
2024-01-01 09:00:00,52.71,0.446,109.4,2906.0,89.5,0
2024-01-01 10:00:00,47.68,0.632,83.9,2981.0,80.34,0
2024-01-01 11:00:00,47.67,0.52,92.4,3265.0,58.92,0
2024-01-01 12:00:00,51.21,0.708,92.3,2743.0,65.23,0
2024-01-01 13:00:00,40.43,0.431,90.6,2721.0,82.98,0
2024-01-01 14:00:00,41.38,0.674,108.3,2883.0,78.81,0
2024-01-01 15:00:00,47.19,0.52,98.1,3208.0,71.31,0
2024-01-01 16:00:00,62.467973130783214,0.7485809459738311,97.4,2696.0,72.79,1
2024-01-01 17:00:00,51.57,0.452,80.0,2434.0,90.44,0
2024-01-01 18:00:00,45.46,0.468,106.4,2910.0,72.23,0
2024-01-01 19:00:00,42.94,0.542,87.6,3110.0,78.68,0
2024-01-01 20:00:00,57.33,0.552,100.6,3240.0,112.55,0
2024-01-01 21:00:00,61.414703040288195,0.7435473908173522,102.8,2907.0,58.64,1
2024-01-01 22:00:00,68.48076821896765,0.7328137684487467,113.6,2918.0,52.22,1
2024-01-01 23:00:00,42.88,0.714,86.9,3231.0,91.75,0
2024-01-02 00:00:00,47.28,0.673,69.8,2626.0,69.82,0
2024-01-02 01:00:00,50.55,0.544,101.8,2922.0,75.23,0
2024-01-02 02:00:00,44.25,0.504,118.0,3038.0,68.28,0
2024-01-02 03:00:00,51.88,0.512,112.4,3090.0,76.1,0
2024-01-02 04:00:00,47.0,0.561,102.1,2898.0,103.98,0
2024-01-02 05:00:00,48.54,0.398,95.1,3007.0,92.03,0
2024-01-02 06:00:00,46.99,0.474,108.1,2502.0,92.93,0
2024-01-02 07:00:00,59.26,0.333,90.3,2868.0,58.76,0
2024-01-02 08:00:00,49.93,0.54,104.8,3091.0,62.73,0
2024-01-02 09:00:00,44.71,0.565,105.1,2804.0,37.41,0
2024-01-02 10:00:00,54.11,0.452,110.6,3012.0,67.86,0
2024-01-02 11:00:00,43.9,0.657,127.6,3089.0,94.35,0
2024-01-02 12:00:00,51.04,0.377,103.9,2931.0,87.75,0
2024-01-02 13:00:00,40.2,0.354,94.9,3034.0,76.68,0
2024-01-02 14:00:00,55.96796633308306,0.7746362457479096,99.7,2807.0,79.67,1
2024-01-02 15:00:00,50.98,0.605,82.3,2959.0,69.67,0
2024-01-02 16:00:00,53.69,0.668,93.1,3122.0,83.07,0
2024-01-02 17:00:00,50.86,0.454,95.9,3031.0,91.49,0
2024-01-02 18:00:00,49.42,0.608,94.8,2883.0,55.76,0
2024-01-02 19:00:00,48.49,0.496,101.5,3045.0,84.49,0
2024-01-02 20:00:00,42.61,0.483,91.8,3143.0,93.99,0
2024-01-02 21:00:00,46.4,0.588,111.2,2590.0,73.77,0
2024-01-02 22:00:00,47.7,0.565,100.0,3232.0,90.51,0
2024-01-02 23:00:00,71.26918966646073,0.7040258039807481,99.9,2933.0,122.22,1
2024-01-03 00:00:00,51.72,0.648,96.7,3085.0,78.43,0
2024-01-03 01:00:00,41.18,0.638,101.6,3239.0,85.9,0
2024-01-03 02:00:00,51.62,0.437,108.3,2726.0,68.93,0
2024-01-03 03:00:00,48.07,0.54,91.3,2858.0,82.72,0
2024-01-03 04:00:00,46.62,0.549,93.4,2942.0,86.9,0
2024-01-03 05:00:00,53.06,0.526,97.0,2843.0,82.92,0
2024-01-03 06:00:00,55.15,0.445,86.5,3347.0,64.7,0
2024-01-03 07:00:00,54.66,0.433,91.8,2829.0,83.1,0
2024-01-03 08:00:00,45.8,0.497,95.2,2889.0,101.93,0
2024-01-03 09:00:00,48.45,0.617,108.7,3041.0,86.73,0
2024-01-03 10:00:00,51.66,0.554,102.6,2760.0,94.43,0
2024-01-03 11:00:00,54.88,0.463,101.9,2921.0,76.44,0
2024-01-03 12:00:00,47.6,0.577,108.5,3063.0,91.25,0
2024-01-03 13:00:00,49.07,0.215,98.6,2933.0,84.19,0
2024-01-03 14:00:00,44.47,0.615,103.9,2981.0,65.74,0
2024-01-03 15:00:00,44.02,0.326,99.0,2894.0,84.78,0
2024-01-03 16:00:00,54.06,0.464,102.7,2697.0,65.12,0
2024-01-03 17:00:00,56.78,0.388,94.2,3064.0,70.51,0
2024-01-03 18:00:00,49.64,0.371,75.6,3351.0,82.84,0
2024-01-03 19:00:00,63.990796604081964,0.9207199281739291,98.7,3004.0,84.46,1
2024-01-03 20:00:00,51.81,0.453,114.2,3045.0,62.16,0
2024-01-03 21:00:00,46.77,0.535,109.3,3139.0,95.81,0
2024-01-03 22:00:00,64.03733784817445,0.8452701387414991,109.7,2746.0,88.58,1
2024-01-03 23:00:00,57.69,0.548,112.4,3341.0,69.43,0
2024-01-04 00:00:00,49.82,0.508,100.9,3040.0,56.94,0
2024-01-04 01:00:00,57.82,0.372,102.0,3326.0,77.83,0
2024-01-04 02:00:00,36.9,0.6,93.8,2853.0,73.31,0
2024-01-04 03:00:00,54.11,0.451,96.8,3364.0,81.7,0
2024-01-04 04:00:00,50.44,0.344,106.2,3155.0,74.55,0
2024-01-04 05:00:00,48.5,0.457,112.0,3111.0,49.89,0
2024-01-04 06:00:00,50.46,0.65,98.6,3047.0,74.17,0
2024-01-04 07:00:00,40.06,0.585,95.5,2950.0,75.42,0
2024-01-04 08:00:00,48.9,0.465,100.0,3240.0,89.5,0
2024-01-04 09:00:00,51.79,0.465,106.0,3028.0,69.53,0
2024-01-04 10:00:00,57.39,0.468,85.6,2607.0,105.18,0
2024-01-04 11:00:00,47.41,0.708,77.0,2777.0,51.33,0
2024-01-04 12:00:00,60.249095173286236,0.8445336969538699,94.5,2963.0,99.67,1
2024-01-04 13:00:00,47.49,0.543,87.8,3062.0,76.64,0
2024-01-04 14:00:00,54.58,0.603,94.9,2989.0,92.89,0
2024-01-04 15:00:00,51.64,0.524,98.5,3244.0,81.2,0
2024-01-04 16:00:00,47.35,0.474,95.5,2610.0,97.09,0
2024-01-04 17:00:00,67.56598901439382,0.8362109401594922,114.5,3029.0,74.19,1
2024-01-04 18:00:00,50.49,0.493,103.3,2636.0,63.52,0
2024-01-04 19:00:00,54.84,0.496,103.0,3152.0,101.31,0
2024-01-04 20:00:00,46.49,0.573,106.2,2981.0,78.3,0
2024-01-04 21:00:00,48.36,0.505,88.6,3084.0,83.32,0
2024-01-04 22:00:00,69.18589459239334,0.8162667335059279,110.4,2827.0,98.52,1
2024-01-04 23:00:00,42.68,0.492,99.2,3256.0,64.52,0
2024-01-05 00:00:00,51.48,0.508,106.7,3208.0,88.93,0
2024-01-05 01:00:00,51.31,0.3,89.3,3117.0,71.15,0
2024-01-05 02:00:00,50.03,0.592,84.5,2974.0,78.02,0
2024-01-05 03:00:00,48.83,0.535,108.2,3116.0,81.08,0
2024-01-05 04:00:00,42.92,0.6,103.8,2859.0,57.5,0
2024-01-05 05:00:00,47.9,0.21,91.0,3171.0,68.32,0
2024-01-05 06:00:00,48.29,0.709,91.3,3330.0,100.27,0
2024-01-05 07:00:00,45.99,0.486,111.3,3214.0,93.29,0
2024-01-05 08:00:00,49.19,0.611,88.1,2854.0,79.06,0
2024-01-05 09:00:00,52.02,0.396,116.4,3072.0,83.65,0
2024-01-05 10:00:00,71.57233164601604,0.8770748951277354,91.0,2741.0,75.59,1
2024-01-05 11:00:00,50.87,0.395,106.4,3114.0,100.35,0
2024-01-05 12:00:00,51.29,0.438,96.7,3090.0,76.99,0
2024-01-05 13:00:00,62.18079295509425,1.0376791885200136,106.0,2626.0,83.48,1
2024-01-05 14:00:00,40.41,0.481,94.6,2768.0,97.19,0
2024-01-05 15:00:00,49.87,0.522,98.4,2943.0,68.34,0
2024-01-05 16:00:00,50.3,0.587,100.4,2940.0,103.38,0
2024-01-05 17:00:00,62.32,0.55,90.0,2758.0,57.04,0
2024-01-05 18:00:00,49.04,0.515,107.4,3078.0,104.44,0
2024-01-05 19:00:00,51.51,0.536,94.9,3050.0,74.41,0
2024-01-05 20:00:00,49.83,0.74,97.7,2961.0,76.36,0
2024-01-05 21:00:00,44.16,0.494,90.1,2849.0,51.65,0
2024-01-05 22:00:00,73.99235237725301,0.792671184387677,74.4,3210.0,73.18,1
2024-01-05 23:00:00,53.76,0.605,98.1,3331.0,64.4,0
2024-01-06 00:00:00,53.96,0.611,124.1,2903.0,70.89,0
2024-01-06 01:00:00,45.45,0.619,107.8,2878.0,77.94,0
2024-01-06 02:00:00,57.01,0.564,99.8,3098.0,94.37,0
2024-01-06 03:00:00,42.99,0.386,97.4,2928.0,83.11,0
2024-01-06 04:00:00,52.93,0.663,100.2,2972.0,84.62,0
2024-01-06 05:00:00,60.95,0.385,105.5,3148.0,63.57,0
2024-01-06 06:00:00,45.05,0.53,88.2,2618.0,66.79,0
2024-01-06 07:00:00,47.17,0.425,111.1,3264.0,106.98,0
2024-01-06 08:00:00,50.5,0.494,107.2,3015.0,68.97,0
2024-01-06 09:00:00,47.48,0.533,107.2,2918.0,104.84,0
2024-01-06 10:00:00,42.25,0.532,104.4,2982.0,76.35,0
2024-01-06 11:00:00,50.34,0.542,100.2,2992.0,80.03,0
2024-01-06 12:00:00,44.69,0.661,106.7,2654.0,96.06,0
2024-01-06 13:00:00,52.37,0.545,105.9,3299.0,99.08,0
2024-01-06 14:00:00,45.4,0.476,96.5,3008.0,78.34,0
2024-01-06 15:00:00,70.45938820007558,0.882261048917364,94.3,3089.0,74.18,1
2024-01-06 16:00:00,46.08,0.619,101.0,3190.0,79.16,0
2024-01-06 17:00:00,48.39,0.377,115.5,2796.0,85.07,0
2024-01-06 18:00:00,54.07,0.56,87.6,3095.0,93.37,0
2024-01-06 19:00:00,43.85,0.57,85.3,2946.0,80.06,0
2024-01-06 20:00:00,51.14,0.47,101.6,3169.0,89.28,0
2024-01-06 21:00:00,56.54,0.638,100.5,2575.0,104.58,0
2024-01-06 22:00:00,41.96,0.485,101.7,2980.0,85.72,0
2024-01-06 23:00:00,50.92,0.513,102.4,2879.0,84.67,0
2024-01-07 00:00:00,51.3,0.483,97.8,3086.0,57.22,0
2024-01-07 01:00:00,53.91,0.502,114.9,3094.0,40.54,0
2024-01-07 02:00:00,43.82,0.39,84.0,2858.0,85.83,0
2024-01-07 03:00:00,43.4,0.356,91.7,2858.0,78.58,0
2024-01-07 04:00:00,52.61,0.659,99.0,2978.0,72.28,0
2024-01-07 05:00:00,66.79205464188905,0.7307418594947596,83.6,2821.0,83.65,1
2024-01-07 06:00:00,51.25,0.401,98.2,3168.0,79.09,0
2024-01-07 07:00:00,51.73,0.285,116.6,2926.0,96.92,0
2024-01-07 08:00:00,46.6,0.436,100.2,2419.0,81.29,0
2024-01-07 09:00:00,51.16,0.368,102.3,2925.0,68.8,0
2024-01-07 10:00:00,51.47,0.664,87.4,2792.0,94.85,0
2024-01-07 11:00:00,46.43,0.601,93.8,2674.0,76.74,0
2024-01-07 12:00:00,67.57154882285249,0.682627224057494,96.2,2753.0,87.9,1
2024-01-07 13:00:00,52.37,0.725,96.8,3022.0,72.84,0
2024-01-07 14:00:00,44.04,0.598,112.8,3266.0,70.25,0
2024-01-07 15:00:00,53.28,0.468,105.6,3063.0,81.26,0
2024-01-07 16:00:00,45.13,0.25,88.9,2879.0,80.19,0
2024-01-07 17:00:00,53.94,0.729,102.5,3091.0,87.2,0
2024-01-07 18:00:00,55.79,0.361,105.0,2908.0,75.97,0
2024-01-07 19:00:00,45.9,0.335,111.4,2861.0,52.45,0
2024-01-07 20:00:00,54.82,0.602,115.8,2769.0,73.51,0
2024-01-07 21:00:00,52.06,0.744,89.8,2650.0,91.91,0
2024-01-07 22:00:00,54.11,0.638,91.9,2922.0,75.54,0
2024-01-07 23:00:00,59.48,0.556,87.4,3032.0,76.3,0
2024-01-08 00:00:00,48.77,0.559,97.7,2981.0,94.8,0
2024-01-08 01:00:00,46.23,0.585,104.7,2917.0,69.32,0
2024-01-08 02:00:00,45.55,0.576,109.9,2811.0,56.86,0
2024-01-08 03:00:00,45.92,0.528,99.2,3122.0,77.59,0
2024-01-08 04:00:00,49.61,0.51,96.8,2737.0,72.74,0
2024-01-08 05:00:00,51.71,0.494,101.5,3155.0,65.51,0
2024-01-08 06:00:00,51.38,0.425,91.6,2800.0,77.37,0
2024-01-08 07:00:00,54.14,0.472,120.9,2850.0,87.37,0
2024-01-08 08:00:00,50.07,0.331,83.9,2707.0,79.86,0
2024-01-08 09:00:00,57.27,0.49,101.8,2900.0,84.6,0
2024-01-08 10:00:00,48.68,0.401,120.2,3195.0,107.2,0
2024-01-08 11:00:00,63.6,0.39,100.1,3103.0,74.86,0
2024-01-08 12:00:00,53.13,0.518,98.1,3196.0,84.18,0
2024-01-08 13:00:00,45.71,0.639,96.4,3104.0,72.36,0
2024-01-08 14:00:00,58.43770195338825,0.8521505334126556,98.2,2779.0,67.3,1
2024-01-08 15:00:00,52.41,0.343,113.7,2934.0,71.23,0
2024-01-08 16:00:00,48.88,0.401,77.9,2844.0,72.82,0
2024-01-08 17:00:00,53.57,0.594,115.3,3266.0,85.39,0
2024-01-08 18:00:00,52.37,0.402,85.8,2761.0,115.24,0
2024-01-08 19:00:00,49.64,0.478,97.3,3179.0,69.26,0
2024-01-08 20:00:00,45.77,0.555,95.7,3179.0,73.75,0
2024-01-08 21:00:00,42.43,0.403,105.9,3366.0,79.05,0
2024-01-08 22:00:00,47.77,0.511,84.0,2918.0,85.94,0
2024-01-08 23:00:00,54.28,0.367,104.6,3142.0,83.95,0
2024-01-09 00:00:00,51.07,0.44,120.2,3456.0,99.26,0
2024-01-09 01:00:00,43.77,0.532,86.4,2876.0,43.6,0
2024-01-09 02:00:00,50.87,0.341,101.9,2693.0,44.2,0
2024-01-09 03:00:00,58.33587032294114,0.7495813767322653,93.4,2624.0,72.56,1
2024-01-09 04:00:00,45.58,0.498,104.3,3143.0,96.46,0
2024-01-09 05:00:00,50.77,0.555,100.2,2623.0,56.52,0
2024-01-09 06:00:00,50.29,0.522,93.6,2926.0,34.89,0
2024-01-09 07:00:00,44.29,0.636,104.9,3087.0,88.57,0
2024-01-09 08:00:00,62.8739244232469,0.807235789957339,118.0,3037.0,83.65,1
2024-01-09 09:00:00,52.8,0.457,98.1,3085.0,63.65,0
2024-01-09 10:00:00,55.42,0.512,107.2,3044.0,65.22,0
2024-01-09 11:00:00,55.27,0.554,87.1,3256.0,65.45,0
2024-01-09 12:00:00,43.11,0.505,90.4,2810.0,81.66,0
2024-01-09 13:00:00,45.31,0.504,104.7,2865.0,70.61,0
2024-01-09 14:00:00,52.58,0.43,114.8,2845.0,87.41,0
2024-01-09 15:00:00,52.57,0.434,103.6,3166.0,37.18,0
2024-01-09 16:00:00,52.58,0.36,96.9,3180.0,67.15,0
2024-01-09 17:00:00,82.95139341955607,0.9434215458735713,100.0,3090.0,63.11,1
2024-01-09 18:00:00,52.85,0.376,87.5,3237.0,76.15,0
2024-01-09 19:00:00,55.68,0.431,106.0,2764.0,71.93,0
2024-01-09 20:00:00,54.77,0.428,108.8,3333.0,91.97,0
2024-01-09 21:00:00,53.26,0.589,95.5,3305.0,52.11,0
2024-01-09 22:00:00,48.42,0.471,95.3,3147.0,80.68,0
2024-01-09 23:00:00,53.79,0.625,102.7,3356.0,88.38,0
2024-01-10 00:00:00,46.14,0.433,95.6,2669.0,107.85,0
2024-01-10 01:00:00,48.82,0.528,99.3,2895.0,72.77,0
2024-01-10 02:00:00,47.57,0.416,121.0,2853.0,84.87,0
2024-01-10 03:00:00,50.41,0.715,97.5,3144.0,52.94,0
2024-01-10 04:00:00,61.57,0.381,96.4,2790.0,44.12,0
2024-01-10 05:00:00,40.66,0.531,93.5,3151.0,92.67,0
2024-01-10 06:00:00,53.43,0.563,107.4,3274.0,79.92,0
2024-01-10 07:00:00,41.94,0.541,98.2,3139.0,97.68,0
2024-01-10 08:00:00,47.64,0.481,93.5,3057.0,59.4,0
2024-01-10 09:00:00,55.44,0.487,113.2,2802.0,87.8,0
2024-01-10 10:00:00,50.32,0.504,114.2,2831.0,108.03,0
2024-01-10 11:00:00,44.61,0.485,94.0,3250.0,86.3,0
2024-01-10 12:00:00,46.42,0.596,81.3,3156.0,84.15,0
2024-01-10 13:00:00,53.4,0.721,110.1,2992.0,80.13,0
2024-01-10 14:00:00,46.35,0.444,93.2,2916.0,56.44,0
2024-01-10 15:00:00,51.08,0.363,107.9,2595.0,100.33,0
2024-01-10 16:00:00,50.23,0.491,80.3,2786.0,70.84,0
2024-01-10 17:00:00,46.74,0.758,108.9,3382.0,87.57,0
2024-01-10 18:00:00,60.72,0.42,87.9,2744.0,56.55,0
2024-01-10 19:00:00,53.17,0.664,107.3,3038.0,62.31,0
2024-01-10 20:00:00,57.25954488237852,1.007806683246188,100.1,3201.0,101.53,1
2024-01-10 21:00:00,50.93,0.445,90.5,2749.0,74.79,0
2024-01-10 22:00:00,46.69,0.557,95.9,3037.0,101.8,0
2024-01-10 23:00:00,54.26,0.663,106.9,3188.0,78.83,0
2024-01-11 00:00:00,46.04,0.462,101.1,3002.0,52.37,0
2024-01-11 01:00:00,49.43,0.48,105.8,3574.0,93.38,0
2024-01-11 02:00:00,52.52,0.442,119.8,2666.0,71.15,0
2024-01-11 03:00:00,54.33,0.399,84.4,3212.0,90.48,0
2024-01-11 04:00:00,44.0,0.435,116.2,2965.0,80.38,0
2024-01-11 05:00:00,48.33,0.378,101.0,3154.0,56.85,0
2024-01-11 06:00:00,63.079755960445624,0.809006014135933,91.0,3088.0,82.46,1
2024-01-11 07:00:00,46.73,0.423,86.7,2853.0,112.94,0
2024-01-11 08:00:00,58.83,0.523,98.1,3046.0,87.39,0
2024-01-11 09:00:00,52.02,0.344,109.2,2628.0,79.14,0
2024-01-11 10:00:00,43.7,0.533,98.7,3121.0,96.13,0
2024-01-11 11:00:00,54.59,0.583,115.1,3060.0,83.16,0
2024-01-11 12:00:00,60.61,0.301,85.5,3128.0,83.14,0
2024-01-11 13:00:00,55.16,0.537,99.9,3212.0,63.63,0
2024-01-11 14:00:00,42.4,0.623,87.5,3074.0,83.51,0
2024-01-11 15:00:00,47.58,0.379,103.6,3030.0,95.53,0
2024-01-11 16:00:00,56.33,0.667,108.9,2824.0,67.46,0
2024-01-11 17:00:00,46.46,0.542,95.8,2858.0,101.37,0
2024-01-11 18:00:00,52.22,0.429,74.0,3237.0,78.62,0
2024-01-11 19:00:00,66.30001834719977,0.7571503834671736,102.0,3287.0,66.68,1
2024-01-11 20:00:00,45.37,0.556,104.4,2952.0,94.96,0
2024-01-11 21:00:00,49.7,0.508,104.0,3009.0,75.7,0
2024-01-11 22:00:00,33.79,0.554,112.4,2819.0,91.39,0
2024-01-11 23:00:00,44.88,0.408,89.3,3235.0,75.62,0
2024-01-12 00:00:00,48.74,0.517,106.8,3133.0,79.1,0
2024-01-12 01:00:00,43.76,0.359,111.9,3388.0,87.4,0
2024-01-12 02:00:00,58.16,0.489,82.2,2824.0,84.36,0
2024-01-12 03:00:00,42.85,0.41,103.2,2924.0,50.07,0
2024-01-12 04:00:00,47.8,0.426,95.0,3046.0,63.18,0
2024-01-12 05:00:00,50.65,0.624,99.2,3129.0,93.94,0
2024-01-12 06:00:00,57.21,0.609,103.5,2957.0,78.02,0
2024-01-12 07:00:00,42.82,0.561,95.1,2825.0,72.14,0
2024-01-12 08:00:00,55.82,0.391,93.2,3176.0,59.62,0
2024-01-12 09:00:00,59.927051850624345,0.7554624284110835,100.3,3144.0,63.8,1
2024-01-12 10:00:00,45.09,0.621,89.1,2817.0,49.67,0
2024-01-12 11:00:00,52.31,0.514,89.1,3271.0,78.48,0
2024-01-12 12:00:00,51.0,0.732,106.8,3234.0,71.02,0
2024-01-12 13:00:00,47.0,0.539,88.5,3027.0,65.5,0
2024-01-12 14:00:00,50.35,0.519,106.7,3016.0,78.98,0
2024-01-12 15:00:00,48.07,0.469,104.6,3111.0,85.46,0
2024-01-12 16:00:00,50.57,0.513,82.7,2828.0,111.4,0
2024-01-12 17:00:00,53.31,0.485,93.2,3006.0,57.32,0
2024-01-12 18:00:00,57.93,0.571,111.9,2570.0,97.39,0
2024-01-12 19:00:00,43.81,0.596,90.2,3175.0,94.6,0
2024-01-12 20:00:00,60.67,0.421,95.4,2688.0,68.31,0
2024-01-12 21:00:00,40.24,0.367,104.6,3301.0,83.05,0
2024-01-12 22:00:00,49.24,0.316,107.8,2934.0,73.14,0
2024-01-12 23:00:00,52.94,0.551,97.5,2958.0,82.79,0
2024-01-13 00:00:00,51.4,0.39,94.0,2874.0,102.64,0
2024-01-13 01:00:00,46.89,0.285,114.2,2942.0,89.08,0
2024-01-13 02:00:00,48.96,0.539,117.4,3284.0,87.63,0
2024-01-13 03:00:00,64.88722386913359,1.116716494838728,109.8,2502.0,73.55,1
2024-01-13 04:00:00,47.05,0.499,100.9,3255.0,57.74,0
2024-01-13 05:00:00,54.25,0.584,91.9,3068.0,76.87,0
2024-01-13 06:00:00,51.79,0.508,91.7,2759.0,98.1,0
2024-01-13 07:00:00,46.54,0.49,105.2,2785.0,57.09,0
2024-01-13 08:00:00,54.5,0.592,104.2,3335.0,64.17,0
2024-01-13 09:00:00,51.54,0.471,114.0,2811.0,81.89,0
2024-01-13 10:00:00,54.06,0.527,106.5,2769.0,65.23,0
2024-01-13 11:00:00,53.15,0.532,85.0,3227.0,68.11,0
2024-01-13 12:00:00,45.86,0.433,110.5,3068.0,73.65,0
2024-01-13 13:00:00,47.2,0.599,90.0,2812.0,59.52,0
2024-01-13 14:00:00,53.74,0.483,96.2,3043.0,65.39,0
2024-01-13 15:00:00,53.05,0.424,102.5,2795.0,90.55,0
2024-01-13 16:00:00,49.9,0.554,120.0,3220.0,60.39,0
2024-01-13 17:00:00,50.59,0.41,131.1,3212.0,56.03,0
2024-01-13 18:00:00,56.39,0.503,106.1,3106.0,70.55,0
2024-01-13 19:00:00,47.04,0.499,98.2,3072.0,90.98,0
2024-01-13 20:00:00,52.74,0.609,105.3,3352.0,77.05,0
2024-01-13 21:00:00,48.99,0.547,108.9,3000.0,73.03,0
2024-01-13 22:00:00,63.175660426283606,0.8215834416004846,96.8,2764.0,80.67,1
2024-01-13 23:00:00,55.49,0.582,118.0,3090.0,53.81,0
2024-01-14 00:00:00,54.13,0.639,102.3,3417.0,87.42,0
2024-01-14 01:00:00,54.07,0.556,105.0,2797.0,85.75,0
2024-01-14 02:00:00,56.53,0.501,106.7,2928.0,73.86,0
2024-01-14 03:00:00,50.11,0.369,104.2,3083.0,95.09,0
2024-01-14 04:00:00,59.84203227141641,0.6713535839800788,108.4,2989.0,63.09,1
2024-01-14 05:00:00,48.45,0.469,93.8,2804.0,96.92,0
2024-01-14 06:00:00,51.62,0.439,94.4,3224.0,82.32,0
2024-01-14 07:00:00,49.35,0.481,89.0,3464.0,74.95,0
2024-01-14 08:00:00,50.48,0.506,104.4,3039.0,79.7,0
2024-01-14 09:00:00,52.98,0.553,107.8,2819.0,78.39,0
2024-01-14 10:00:00,45.91,0.493,104.6,2690.0,98.3,0
2024-01-14 11:00:00,60.46,0.549,116.7,3052.0,63.85,0
2024-01-14 12:00:00,44.97,0.506,99.9,3221.0,68.56,0
2024-01-14 13:00:00,43.93,0.302,106.7,3095.0,95.54,0
2024-01-14 14:00:00,55.79,0.406,89.1,3000.0,71.07,0
2024-01-14 15:00:00,53.96,0.486,96.1,2882.0,93.51,0
2024-01-14 16:00:00,53.12,0.379,107.0,2782.0,105.49,0
2024-01-14 17:00:00,53.14,0.56,108.5,3167.0,73.97,0
2024-01-14 18:00:00,49.94,0.653,97.1,3183.0,90.22,0
2024-01-14 19:00:00,45.51,0.622,99.3,2691.0,62.69,0
2024-01-14 20:00:00,50.38,0.479,84.8,3318.0,91.32,0
2024-01-14 21:00:00,60.24091285960021,1.0235584157112692,96.4,3115.0,82.99,1
2024-01-14 22:00:00,71.05880038276426,0.8397127711440304,108.9,3280.0,87.1,1
2024-01-14 23:00:00,49.26,0.466,105.8,2732.0,70.32,0
2024-01-15 00:00:00,45.87,0.439,105.0,2727.0,55.08,0
2024-01-15 01:00:00,48.39,0.47,100.5,2970.0,87.55,0
2024-01-15 02:00:00,52.06,0.461,100.1,3101.0,49.05,0
2024-01-15 03:00:00,47.18,0.517,93.4,3359.0,75.24,0
2024-01-15 04:00:00,62.21698493299698,0.818272136616611,107.0,3141.0,94.12,1
2024-01-15 05:00:00,51.22,0.5,104.2,2951.0,82.88,0
2024-01-15 06:00:00,51.22,0.544,104.9,2795.0,109.23,0
2024-01-15 07:00:00,47.47,0.619,94.7,3246.0,95.38,0
2024-01-15 08:00:00,47.64,0.595,78.5,2807.0,70.19,0
2024-01-15 09:00:00,51.16,0.352,111.0,3326.0,80.41,0
2024-01-15 10:00:00,42.76,0.245,95.2,2943.0,79.29,0
2024-01-15 11:00:00,42.96,0.593,91.4,3318.0,56.27,0
2024-01-15 12:00:00,46.41,0.363,106.9,3136.0,65.89,0
2024-01-15 13:00:00,48.93,0.478,96.1,2973.0,71.59,0
2024-01-15 14:00:00,51.55,0.383,110.6,2896.0,49.46,0
2024-01-15 15:00:00,76.97709599254739,0.5047360226017463,106.2,2932.0,80.71,1
2024-01-15 16:00:00,54.29,0.554,106.8,3086.0,76.26,0
2024-01-15 17:00:00,49.2,0.576,86.3,3015.0,54.91,0
2024-01-15 18:00:00,49.9,0.442,112.1,2881.0,86.06,0
2024-01-15 19:00:00,44.99,0.241,102.6,2967.0,90.74,0
2024-01-15 20:00:00,49.91,0.445,96.3,3016.0,83.41,0
2024-01-15 21:00:00,48.56,0.539,101.4,2574.0,75.14,0
2024-01-15 22:00:00,51.61,0.352,82.2,3092.0,88.87,0
2024-01-15 23:00:00,61.298631226146256,0.8744901425819782,104.1,2804.0,90.2,1
2024-01-16 00:00:00,52.6,0.498,89.7,2769.0,84.61,0
2024-01-16 01:00:00,57.66,0.558,86.5,2663.0,67.63,0
2024-01-16 02:00:00,58.785819640422055,0.8538958926886151,84.8,2641.0,84.15,1
2024-01-16 03:00:00,52.01,0.403,111.1,2729.0,97.93,0
2024-01-16 04:00:00,66.16651027620405,0.925490796442102,93.7,2858.0,71.05,1
2024-01-16 05:00:00,47.99,0.484,115.3,3391.0,111.47,0
2024-01-16 06:00:00,51.12,0.497,94.6,2895.0,72.12,0
2024-01-16 07:00:00,50.06,0.407,82.9,3036.0,80.49,0
2024-01-16 08:00:00,50.49,0.456,88.8,3080.0,69.91,0
2024-01-16 09:00:00,46.13,0.412,112.4,3026.0,83.35,0
2024-01-16 10:00:00,50.12,0.483,98.4,2985.0,53.87,0
2024-01-16 11:00:00,52.49,0.671,94.5,2761.0,71.81,0
2024-01-16 12:00:00,57.26,0.363,101.6,3290.0,63.62,0
2024-01-16 13:00:00,67.45892185716372,0.6869575838274511,105.0,3361.0,82.03,1
2024-01-16 14:00:00,60.77,0.647,111.2,2663.0,94.92,0
2024-01-16 15:00:00,46.16,0.479,114.5,2795.0,89.69,0
2024-01-16 16:00:00,54.36,0.433,96.4,2944.0,44.43,0
2024-01-16 17:00:00,50.92,0.604,86.7,2807.0,110.63,0
2024-01-16 18:00:00,60.95,0.439,95.9,3101.0,84.43,0
2024-01-16 19:00:00,60.0949143563293,1.0252898428178607,102.6,2854.0,68.35,1
2024-01-16 20:00:00,45.8,0.568,90.4,3433.0,82.36,0
2024-01-16 21:00:00,47.0,0.451,90.4,3238.0,82.64,0
2024-01-16 22:00:00,39.38,0.716,103.4,3043.0,70.0,0
2024-01-16 23:00:00,47.37,0.439,99.5,3205.0,82.97,0
2024-01-17 00:00:00,46.2,0.574,100.3,3221.0,70.89,0
2024-01-17 01:00:00,50.75,0.53,92.4,2887.0,73.93,0
2024-01-17 02:00:00,51.71,0.63,97.7,2837.0,69.71,0
2024-01-17 03:00:00,75.68598950879303,0.9163103757970581,90.8,3016.0,58.51,1
2024-01-17 04:00:00,54.75,0.503,108.9,3172.0,82.19,0
2024-01-17 05:00:00,47.12,0.425,110.4,3028.0,88.78,0
2024-01-17 06:00:00,45.51,0.546,81.5,2685.0,87.72,0
2024-01-17 07:00:00,52.46,0.432,90.7,2839.0,92.3,0
2024-01-17 08:00:00,43.4,0.701,85.0,2985.0,84.87,0
2024-01-17 09:00:00,59.16,0.514,93.5,2985.0,72.01,0
2024-01-17 10:00:00,55.9,0.463,99.2,3395.0,92.59,0
2024-01-17 11:00:00,47.65,0.518,85.5,2723.0,59.64,0
2024-01-17 12:00:00,41.43,0.365,90.8,3101.0,66.49,0
2024-01-17 13:00:00,56.77,0.403,90.0,3298.0,65.54,0
2024-01-17 14:00:00,49.43,0.62,102.1,3454.0,96.2,0
2024-01-17 15:00:00,56.19,0.434,100.7,2919.0,94.14,0
2024-01-17 16:00:00,42.03,0.395,92.8,3098.0,87.31,0
2024-01-17 17:00:00,47.0,0.554,101.8,3114.0,96.08,0
2024-01-17 18:00:00,66.53557757118658,0.8858215470993633,94.5,3039.0,66.81,1
2024-01-17 19:00:00,50.23,0.572,97.3,2980.0,85.23,0
2024-01-17 20:00:00,47.75,0.6,116.7,3087.0,78.12,0
2024-01-17 21:00:00,68.30238428151992,0.70867028192551,113.4,2494.0,92.7,1
2024-01-17 22:00:00,44.66,0.358,87.0,3136.0,78.27,0
2024-01-17 23:00:00,49.29,0.65,108.3,3025.0,74.23,0
2024-01-18 00:00:00,50.6,0.468,108.1,2956.0,88.11,0
2024-01-18 01:00:00,52.57,0.475,88.5,3409.0,93.14,0
2024-01-18 02:00:00,53.56,0.633,108.2,2865.0,69.97,0
2024-01-18 03:00:00,44.38,0.556,115.4,2919.0,79.08,0
2024-01-18 04:00:00,42.33,0.546,88.8,3398.0,64.12,0
2024-01-18 05:00:00,56.39,0.717,90.8,2834.0,42.53,0
2024-01-18 06:00:00,51.66,0.436,110.2,2890.0,83.01,0
2024-01-18 07:00:00,46.26,0.593,102.7,2971.0,89.13,0
2024-01-18 08:00:00,57.76,0.506,105.5,3168.0,83.93,0
2024-01-18 09:00:00,50.58,0.527,103.4,3042.0,50.76,0
2024-01-18 10:00:00,55.9,0.653,103.9,2741.0,74.74,0
2024-01-18 11:00:00,50.34,0.551,86.7,2894.0,46.72,0
2024-01-18 12:00:00,60.3,0.554,110.5,2879.0,100.55,0
2024-01-18 13:00:00,58.78,0.607,111.7,2985.0,63.71,0
2024-01-18 14:00:00,48.76,0.464,97.7,3085.0,98.83,0
2024-01-18 15:00:00,54.86,0.416,99.6,3084.0,94.19,0
2024-01-18 16:00:00,53.23,0.396,84.7,2645.0,66.49,0
2024-01-18 17:00:00,56.84,0.303,105.1,3213.0,63.01,0
2024-01-18 18:00:00,45.18,0.706,105.7,3051.0,85.26,0
2024-01-18 19:00:00,53.43,0.39,99.4,3277.0,67.34,0
2024-01-18 20:00:00,55.29,0.478,111.2,3089.0,81.54,0
2024-01-18 21:00:00,41.21,0.472,96.7,3220.0,72.76,0
2024-01-18 22:00:00,44.08,0.531,105.6,3093.0,53.28,0
2024-01-18 23:00:00,39.8,0.582,89.8,3269.0,46.54,0
2024-01-19 00:00:00,66.34973559916632,0.9130161135368708,99.8,3104.0,83.4,1
2024-01-19 01:00:00,53.59,0.442,98.3,2980.0,71.58,0
2024-01-19 02:00:00,57.51,0.483,102.3,3454.0,71.7,0
2024-01-19 03:00:00,50.37,0.528,96.3,3178.0,90.44,0
2024-01-19 04:00:00,58.14,0.475,98.7,3115.0,97.6,0
2024-01-19 05:00:00,43.1,0.661,108.3,2745.0,75.91,0
2024-01-19 06:00:00,41.48,0.549,95.6,2742.0,74.89,0
2024-01-19 07:00:00,49.72,0.573,83.9,3059.0,87.5,0
2024-01-19 08:00:00,51.92,0.566,117.5,3029.0,59.65,0
2024-01-19 09:00:00,64.74783535418578,0.8827144111422169,113.8,2877.0,83.35,1
2024-01-19 10:00:00,39.66,0.518,87.1,3028.0,88.28,0
2024-01-19 11:00:00,49.55,0.37,106.9,3318.0,90.2,0
2024-01-19 12:00:00,54.67302553050784,0.8467828209645349,95.0,3139.0,50.95,1
2024-01-19 13:00:00,53.35,0.435,102.6,2772.0,68.58,0
2024-01-19 14:00:00,51.83,0.447,102.9,2978.0,66.83,0
2024-01-19 15:00:00,58.40312732054472,0.7651001921213088,97.7,2839.0,81.5,1
2024-01-19 16:00:00,58.43991437701125,1.005293765277086,92.2,2922.0,87.21,1
2024-01-19 17:00:00,57.72007084503167,0.8561081388755201,93.1,2917.0,102.45,1
2024-01-19 18:00:00,63.620050818405154,0.8929788817580406,90.8,2904.0,72.58,1
2024-01-19 19:00:00,73.28149205242313,0.9287152286549671,91.7,2749.0,72.54,1
2024-01-19 20:00:00,45.07,0.524,99.3,2974.0,97.25,0
2024-01-19 21:00:00,52.52,0.76,92.8,2888.0,84.45,0
2024-01-19 22:00:00,47.35,0.557,106.8,2414.0,99.01,0
2024-01-19 23:00:00,55.076072999577185,0.5288339761484839,114.9,3411.0,84.33,1
2024-01-20 00:00:00,62.03401548813288,0.969481721277877,94.2,3218.0,62.64,1
2024-01-20 01:00:00,44.82,0.538,102.4,2925.0,60.0,0
2024-01-20 02:00:00,47.23,0.629,105.0,3004.0,56.73,0
2024-01-20 03:00:00,44.01,0.567,104.7,2766.0,89.93,0
2024-01-20 04:00:00,59.82,0.486,100.8,3339.0,97.83,0
2024-01-20 05:00:00,50.18,0.378,107.4,3379.0,107.74,0
2024-01-20 06:00:00,46.5,0.479,104.8,3031.0,92.65,0
2024-01-20 07:00:00,51.07,0.415,87.6,3205.0,97.44,0
2024-01-20 08:00:00,49.44,0.442,108.7,3035.0,71.3,0
2024-01-20 09:00:00,48.9,0.559,108.9,2733.0,62.65,0
2024-01-20 10:00:00,53.07,0.667,92.4,2918.0,92.75,0
2024-01-20 11:00:00,53.79,0.539,100.4,3026.0,86.27,0
2024-01-20 12:00:00,47.35,0.38,106.8,2909.0,81.61,0
2024-01-20 13:00:00,47.12,0.544,97.9,2956.0,85.81,0
2024-01-20 14:00:00,48.62,0.62,110.7,2982.0,84.85,0
2024-01-20 15:00:00,38.49,0.439,123.6,2984.0,99.26,0
2024-01-20 16:00:00,42.42,0.487,92.1,3010.0,99.42,0
2024-01-20 17:00:00,56.83,0.501,86.2,2788.0,88.16,0
2024-01-20 18:00:00,58.22,0.422,103.0,2857.0,92.69,0
2024-01-20 19:00:00,48.75,0.565,107.2,2743.0,87.71,0
2024-01-20 20:00:00,52.88,0.488,97.7,3196.0,73.08,0
2024-01-20 21:00:00,51.56,0.542,114.5,2579.0,91.35,0
2024-01-20 22:00:00,65.39,0.411,86.6,3231.0,59.08,0
2024-01-20 23:00:00,69.36831377523238,0.7632621975036727,106.9,3277.0,95.81,1
2024-01-21 00:00:00,49.36,0.572,93.9,2940.0,62.08,0
2024-01-21 01:00:00,45.22,0.463,117.2,2479.0,84.29,0
2024-01-21 02:00:00,41.97,0.673,119.9,2928.0,67.32,0
2024-01-21 03:00:00,51.02,0.46,92.3,2987.0,88.3,0
2024-01-21 04:00:00,46.22,0.522,94.5,2798.0,79.49,0
2024-01-21 05:00:00,42.89,0.593,108.6,2897.0,56.08,0
2024-01-21 06:00:00,46.77,0.358,96.1,3306.0,86.31,0
2024-01-21 07:00:00,44.59,0.324,99.5,3133.0,71.33,0
2024-01-21 08:00:00,58.44,0.347,100.3,2815.0,93.22,0
2024-01-21 09:00:00,54.41,0.626,80.8,2680.0,80.02,0
2024-01-21 10:00:00,49.96,0.445,99.9,2935.0,85.93,0
2024-01-21 11:00:00,57.4,0.756,93.1,2957.0,65.64,0
2024-01-21 12:00:00,50.39,0.444,95.1,3099.0,71.16,0
2024-01-21 13:00:00,45.69,0.518,114.4,2893.0,73.12,0
2024-01-21 14:00:00,76.53001059861018,0.9595160681555844,87.4,3102.0,92.85,1
2024-01-21 15:00:00,52.69,0.701,108.1,3387.0,105.16,0
2024-01-21 16:00:00,44.81,0.706,97.2,3163.0,67.92,0
2024-01-21 17:00:00,49.05,0.621,97.2,2990.0,96.15,0
2024-01-21 18:00:00,45.62,0.602,107.9,2963.0,47.45,0
2024-01-21 19:00:00,43.09,0.559,103.4,2929.0,62.09,0
2024-01-21 20:00:00,54.63,0.578,105.7,3236.0,65.62,0
2024-01-21 21:00:00,59.55,0.445,109.7,2875.0,59.71,0
2024-01-21 22:00:00,58.23767311556232,0.7491331596972572,96.7,3009.0,56.25,1
2024-01-21 23:00:00,52.81,0.5,93.9,3010.0,86.19,0
2024-01-22 00:00:00,46.75,0.483,89.1,2900.0,76.79,0
2024-01-22 01:00:00,47.56,0.455,91.7,2726.0,85.69,0
2024-01-22 02:00:00,47.04,0.57,129.5,3065.0,90.36,0
2024-01-22 03:00:00,45.68,0.596,112.4,2988.0,83.98,0
2024-01-22 04:00:00,50.24,0.509,86.5,3100.0,89.87,0
2024-01-22 05:00:00,45.85,0.648,86.8,2893.0,78.96,0
2024-01-22 06:00:00,51.35,0.386,104.8,3244.0,62.2,0
2024-01-22 07:00:00,49.75,0.481,105.5,2825.0,95.87,0
2024-01-22 08:00:00,48.81,0.428,105.5,3342.0,71.16,0
2024-01-22 09:00:00,61.32690926652997,0.6080266447498257,97.5,2650.0,65.97,1
2024-01-22 10:00:00,47.12,0.492,98.7,3087.0,77.33,0
2024-01-22 11:00:00,53.78,0.488,103.3,3095.0,66.31,0
2024-01-22 12:00:00,52.5,0.651,100.9,2841.0,73.74,0
2024-01-22 13:00:00,45.11,0.563,77.8,3085.0,85.16,0
2024-01-22 14:00:00,50.5,0.398,97.7,3256.0,85.23,0
2024-01-22 15:00:00,66.59565197040767,0.9889244445432728,91.5,2557.0,66.53,1
2024-01-22 16:00:00,41.65,0.622,101.8,3101.0,72.68,0
2024-01-22 17:00:00,71.00319939124942,0.9471002293499361,129.9,2501.0,96.11,1
2024-01-22 18:00:00,46.69,0.477,103.7,2807.0,87.45,0
2024-01-22 19:00:00,52.85,0.404,96.9,3326.0,111.13,0
2024-01-22 20:00:00,46.18,0.463,109.2,2884.0,97.7,0
2024-01-22 21:00:00,40.98,0.609,104.8,2765.0,97.16,0
2024-01-22 22:00:00,41.86,0.688,104.2,2960.0,59.18,0
2024-01-22 23:00:00,50.24,0.654,106.1,3414.0,91.46,0
2024-01-23 00:00:00,67.17682992470672,0.7887580567547987,120.6,2634.0,79.2,1
2024-01-23 01:00:00,45.48,0.388,88.7,2790.0,71.74,0
2024-01-23 02:00:00,53.19,0.514,104.7,3299.0,82.52,0
2024-01-23 03:00:00,41.69,0.323,90.7,3372.0,94.18,0
2024-01-23 04:00:00,49.67,0.532,105.6,2979.0,87.51,0
2024-01-23 05:00:00,43.94,0.485,90.8,2752.0,66.82,0
2024-01-23 06:00:00,46.74,0.453,95.8,3419.0,91.14,0
2024-01-23 07:00:00,50.24,0.341,97.0,3319.0,70.44,0
2024-01-23 08:00:00,45.7,0.551,109.8,3136.0,83.25,0
2024-01-23 09:00:00,48.08,0.447,109.2,2838.0,75.45,0
2024-01-23 10:00:00,55.03,0.383,87.5,2990.0,76.72,0
2024-01-23 11:00:00,47.12,0.213,100.5,2968.0,91.49,0
2024-01-23 12:00:00,54.18,0.497,92.9,3066.0,64.4,0
2024-01-23 13:00:00,44.35,0.677,87.4,3290.0,109.18,0
2024-01-23 14:00:00,52.65,0.666,97.8,3176.0,52.68,0
2024-01-23 15:00:00,57.21,0.454,96.9,2785.0,71.03,0
2024-01-23 16:00:00,37.64,0.44,124.3,3275.0,85.55,0
2024-01-23 17:00:00,46.02,0.547,104.3,3063.0,88.76,0
2024-01-23 18:00:00,52.89,0.4,86.2,3137.0,78.49,0
2024-01-23 19:00:00,48.98,0.53,94.4,3293.0,79.14,0
2024-01-23 20:00:00,67.66919212148844,0.8726335317798198,110.2,2778.0,86.16,1
2024-01-23 21:00:00,46.98,0.623,120.9,2993.0,76.53,0
2024-01-23 22:00:00,50.43,0.49,84.1,2894.0,100.9,0
2024-01-23 23:00:00,49.22,0.48,81.2,2686.0,92.59,0
2024-01-24 00:00:00,55.84,0.412,118.7,3069.0,93.09,0
2024-01-24 01:00:00,67.81277123583806,0.7764666417156242,103.9,3502.0,65.51,1
2024-01-24 02:00:00,51.69,0.477,91.3,2632.0,78.81,0
2024-01-24 03:00:00,47.94,0.537,105.3,2994.0,75.49,0
2024-01-24 04:00:00,47.56,0.591,73.6,3128.0,64.92,0
2024-01-24 05:00:00,47.84,0.42,100.0,3025.0,85.4,0
2024-01-24 06:00:00,51.97,0.649,103.3,2977.0,71.94,0
2024-01-24 07:00:00,47.9,0.473,109.2,2740.0,89.83,0
2024-01-24 08:00:00,51.45,0.498,89.9,3047.0,63.95,0
2024-01-24 09:00:00,72.72091449194257,0.6524301648843545,100.9,2849.0,105.79,1
2024-01-24 10:00:00,54.36,0.258,90.7,2562.0,66.56,0
2024-01-24 11:00:00,48.37,0.588,102.6,3239.0,83.29,0
2024-01-24 12:00:00,69.4109752510906,0.8845830971649851,91.0,3192.0,91.88,1
2024-01-24 13:00:00,65.5696148528637,0.7225246087572256,95.9,3010.0,71.44,1
2024-01-24 14:00:00,39.81,0.507,90.0,3046.0,92.79,0
2024-01-24 15:00:00,44.96,0.552,106.5,3215.0,61.56,0
2024-01-24 16:00:00,40.65,0.344,108.6,3045.0,101.78,0
2024-01-24 17:00:00,48.24,0.447,97.7,3181.0,80.21,0
2024-01-24 18:00:00,50.09,0.579,100.4,2941.0,71.05,0
2024-01-24 19:00:00,58.38,0.375,85.5,3262.0,75.51,0
2024-01-24 20:00:00,51.63,0.529,97.0,3064.0,92.13,0
2024-01-24 21:00:00,48.9,0.364,99.5,3039.0,71.23,0
2024-01-24 22:00:00,61.684270432125565,0.8215275671664493,126.2,2746.0,68.76,1
2024-01-24 23:00:00,38.94,0.496,88.9,3057.0,76.68,0
2024-01-25 00:00:00,51.18,0.338,114.6,2834.0,62.35,0
2024-01-25 01:00:00,53.85,0.616,110.0,2872.0,107.31,0
2024-01-25 02:00:00,42.61,0.427,102.8,2837.0,71.5,0
2024-01-25 03:00:00,55.72,0.419,117.6,2787.0,92.47,0
2024-01-25 04:00:00,51.69,0.52,103.7,3425.0,83.14,0
2024-01-25 05:00:00,62.338257323025296,0.8568863258294281,103.9,3266.0,65.23,1
2024-01-25 06:00:00,53.16,0.398,99.5,3384.0,79.91,0
2024-01-25 07:00:00,61.35,0.506,112.2,2755.0,91.76,0
2024-01-25 08:00:00,50.91,0.543,111.0,3014.0,77.18,0
2024-01-25 09:00:00,51.24,0.569,93.7,2741.0,97.9,0
2024-01-25 10:00:00,47.7,0.518,86.8,2861.0,95.32,0
2024-01-25 11:00:00,45.75,0.463,98.0,2816.0,93.78,0
2024-01-25 12:00:00,54.15,0.417,92.0,3248.0,73.11,0
2024-01-25 13:00:00,45.72,0.509,99.4,2921.0,63.8,0
2024-01-25 14:00:00,50.36,0.393,112.4,3214.0,70.8,0
2024-01-25 15:00:00,47.61,0.208,95.4,3121.0,82.94,0
2024-01-25 16:00:00,65.12172721354807,0.8873641705043499,99.6,3461.0,88.19,1
2024-01-25 17:00:00,51.67,0.59,100.6,2704.0,47.43,0
2024-01-25 18:00:00,55.19,0.264,108.5,3252.0,79.88,0
2024-01-25 19:00:00,47.45,0.399,77.5,3229.0,82.37,0
2024-01-25 20:00:00,63.884360208788294,0.8792811059304659,93.9,2805.0,75.84,1
2024-01-25 21:00:00,45.11,0.706,102.1,3201.0,99.37,0
2024-01-25 22:00:00,47.78,0.502,112.0,3067.0,86.33,0
2024-01-25 23:00:00,51.89,0.427,95.1,2955.0,99.65,0
2024-01-26 00:00:00,53.78,0.482,81.2,2835.0,76.76,0
2024-01-26 01:00:00,45.39,0.637,106.2,2856.0,94.06,0
2024-01-26 02:00:00,54.35,0.435,93.6,3410.0,104.53,0
2024-01-26 03:00:00,56.78,0.42,88.1,3000.0,99.68,0
2024-01-26 04:00:00,52.07,0.452,93.8,3156.0,63.62,0
2024-01-26 05:00:00,59.38,0.405,98.2,2842.0,76.19,0
2024-01-26 06:00:00,46.13,0.512,94.0,2844.0,74.82,0
2024-01-26 07:00:00,43.78,0.662,77.9,3216.0,87.34,0
2024-01-26 08:00:00,41.11,0.532,109.0,2730.0,90.3,0
2024-01-26 09:00:00,57.48,0.475,112.7,2917.0,67.42,0
2024-01-26 10:00:00,53.27,0.471,106.5,3007.0,81.02,0
2024-01-26 11:00:00,63.65295330516835,0.6062944794520837,88.6,3022.0,49.7,1
2024-01-26 12:00:00,51.4,0.588,98.0,2964.0,101.63,0
2024-01-26 13:00:00,44.37,0.492,99.9,3079.0,72.31,0
2024-01-26 14:00:00,62.23,0.482,106.0,3139.0,80.84,0
2024-01-26 15:00:00,50.65,0.819,106.7,3147.0,75.36,0
2024-01-26 16:00:00,50.55,0.53,92.7,2803.0,97.19,0
2024-01-26 17:00:00,67.54130531172757,0.7499440097089846,100.8,2943.0,37.44,1
2024-01-26 18:00:00,52.41,0.457,104.6,3239.0,79.75,0
2024-01-26 19:00:00,61.64603936597635,0.9975085129916006,114.6,3179.0,78.41,1
2024-01-26 20:00:00,46.05,0.511,107.0,2725.0,73.2,0
2024-01-26 21:00:00,52.36,0.356,107.9,3070.0,105.89,0
2024-01-26 22:00:00,59.41,0.592,100.8,2604.0,66.69,0
2024-01-26 23:00:00,56.73,0.433,114.1,3009.0,91.58,0
2024-01-27 00:00:00,57.97,0.687,104.1,3380.0,85.34,0
2024-01-27 01:00:00,64.1645754870472,0.8812059947854642,91.4,2810.0,98.92,1
2024-01-27 02:00:00,45.05,0.455,114.0,2833.0,69.99,0
2024-01-27 03:00:00,49.37,0.628,107.0,3153.0,69.01,0
2024-01-27 04:00:00,50.28,0.507,95.6,2691.0,96.44,0
2024-01-27 05:00:00,55.47,0.585,95.2,2873.0,86.38,0
2024-01-27 06:00:00,41.54,0.548,103.0,3119.0,56.83,0
2024-01-27 07:00:00,57.65,0.415,104.6,2873.0,71.91,0
2024-01-27 08:00:00,66.6502213536595,0.7971174533536554,102.0,2953.0,85.8,1
2024-01-27 09:00:00,47.87,0.603,103.1,3149.0,92.57,0
2024-01-27 10:00:00,44.94,0.467,117.0,3084.0,69.81,0
2024-01-27 11:00:00,41.73,0.46,110.7,3053.0,36.29,0
2024-01-27 12:00:00,54.12,0.404,101.9,2932.0,87.85,0
2024-01-27 13:00:00,50.37,0.542,109.4,3074.0,61.7,0
2024-01-27 14:00:00,43.55,0.706,89.7,2975.0,49.74,0
2024-01-27 15:00:00,43.52,0.393,104.0,3092.0,37.52,0
2024-01-27 16:00:00,48.32,0.502,118.1,2901.0,92.21,0
2024-01-27 17:00:00,58.35,0.641,97.8,2963.0,81.93,0
2024-01-27 18:00:00,48.7,0.492,91.5,2802.0,76.62,0
2024-01-27 19:00:00,42.48,0.545,93.5,2993.0,100.84,0
2024-01-27 20:00:00,62.77898585119269,0.683170760511747,89.1,2838.0,89.56,1
2024-01-27 21:00:00,48.64,0.543,92.2,2777.0,104.24,0
2024-01-27 22:00:00,56.00042264041902,0.886948757345905,96.3,3052.0,59.11,1
2024-01-27 23:00:00,49.73,0.599,85.9,3043.0,79.48,0
2024-01-28 00:00:00,48.85,0.619,100.2,3157.0,55.75,0
2024-01-28 01:00:00,68.56830697270432,1.0010892826455513,109.0,2914.0,76.56,1
2024-01-28 02:00:00,59.24,0.558,90.9,3082.0,76.27,0
2024-01-28 03:00:00,55.63,0.533,115.2,3110.0,89.4,0
2024-01-28 04:00:00,48.66,0.519,105.1,3089.0,80.68,0
2024-01-28 05:00:00,44.47,0.465,110.3,2835.0,89.35,0
2024-01-28 06:00:00,76.45819353522631,0.88565078722346,93.4,3030.0,90.55,1
2024-01-28 07:00:00,50.3,0.47,108.5,3073.0,112.32,0
2024-01-28 08:00:00,50.07,0.517,89.1,3001.0,75.27,0
2024-01-28 09:00:00,49.88,0.632,108.9,2583.0,65.88,0
2024-01-28 10:00:00,50.99,0.399,101.7,3032.0,83.69,0
2024-01-28 11:00:00,49.28,0.614,105.5,3443.0,67.97,0
2024-01-28 12:00:00,47.13,0.632,88.2,2928.0,102.23,0
2024-01-28 13:00:00,47.27,0.488,91.0,2854.0,75.75,0
2024-01-28 14:00:00,49.84,0.288,106.0,3075.0,71.52,0
2024-01-28 15:00:00,47.28,0.439,90.5,3062.0,72.93,0
2024-01-28 16:00:00,58.34935411195862,0.9195858400120491,104.6,3239.0,90.78,1
2024-01-28 17:00:00,50.53,0.498,86.3,2748.0,77.63,0
2024-01-28 18:00:00,48.73,0.4,108.5,3146.0,70.37,0
2024-01-28 19:00:00,57.52,0.45,87.7,3118.0,104.98,0
2024-01-28 20:00:00,36.75,0.584,105.5,2972.0,67.16,0
2024-01-28 21:00:00,71.33775464429489,0.8088642656796167,106.3,3068.0,80.53,1
2024-01-28 22:00:00,74.51930368562823,0.8106983757602186,93.0,3206.0,89.78,1
2024-01-28 23:00:00,39.63,0.463,105.8,3174.0,55.53,0
2024-01-29 00:00:00,48.29,0.461,102.6,2771.0,87.2,0
2024-01-29 01:00:00,48.14,0.408,94.6,3164.0,64.17,0
2024-01-29 02:00:00,42.96,0.662,89.9,2987.0,92.34,0
2024-01-29 03:00:00,46.11,0.468,80.4,3015.0,65.56,0
2024-01-29 04:00:00,44.45,0.622,103.5,3015.0,90.39,0
2024-01-29 05:00:00,58.76,0.652,84.4,2970.0,96.59,0
2024-01-29 06:00:00,54.68,0.6,101.0,3238.0,92.92,0
2024-01-29 07:00:00,56.36,0.457,97.4,2983.0,83.77,0
2024-01-29 08:00:00,53.61,0.54,106.8,2776.0,76.53,0
2024-01-29 09:00:00,44.35,0.498,97.0,2921.0,71.35,0
2024-01-29 10:00:00,47.38,0.41,96.7,3036.0,102.07,0
2024-01-29 11:00:00,52.45,0.532,107.3,3246.0,69.51,0
2024-01-29 12:00:00,43.89,0.382,103.4,3121.0,64.44,0
2024-01-29 13:00:00,53.56,0.619,103.2,2830.0,89.98,0
2024-01-29 14:00:00,48.8,0.454,104.7,3497.0,68.06,0
2024-01-29 15:00:00,48.13,0.52,84.6,3053.0,65.75,0
2024-01-29 16:00:00,53.55,0.528,107.6,3255.0,58.35,0
2024-01-29 17:00:00,73.24863772857587,0.8130730447928886,106.1,2970.0,72.76,1
2024-01-29 18:00:00,48.2,0.559,89.8,3107.0,78.76,0
2024-01-29 19:00:00,55.8,0.453,97.6,3168.0,83.65,0
2024-01-29 20:00:00,44.59,0.587,99.6,3244.0,94.27,0
2024-01-29 21:00:00,53.08,0.365,98.7,3211.0,87.9,0
2024-01-29 22:00:00,65.08733109330188,0.8395184530454596,103.3,3174.0,77.14,1
2024-01-29 23:00:00,48.45,0.694,114.3,2937.0,77.03,0
2024-01-30 00:00:00,51.63,0.4,110.8,2886.0,87.65,0
2024-01-30 01:00:00,43.74,0.432,86.9,3067.0,99.09,0
2024-01-30 02:00:00,72.58406502054757,0.9029739407062674,106.2,3187.0,81.89,1
2024-01-30 03:00:00,49.08,0.518,113.3,2955.0,72.96,0
2024-01-30 04:00:00,47.39,0.535,103.9,3213.0,65.11,0
2024-01-30 05:00:00,55.25,0.549,110.9,3291.0,58.32,0
2024-01-30 06:00:00,46.48,0.563,120.1,2817.0,89.99,0
2024-01-30 07:00:00,42.96,0.611,110.2,2833.0,88.67,0
2024-01-30 08:00:00,42.22,0.541,102.5,2972.0,88.66,0
2024-01-30 09:00:00,53.03,0.476,110.5,3062.0,78.07,0
2024-01-30 10:00:00,43.6,0.567,101.4,2895.0,101.1,0
2024-01-30 11:00:00,58.77,0.69,100.2,3270.0,72.74,0
2024-01-30 12:00:00,39.59,0.487,96.5,3085.0,94.33,0
2024-01-30 13:00:00,58.48,0.403,115.6,3008.0,79.42,0
2024-01-30 14:00:00,63.72947355632779,0.8661831148822262,91.8,2713.0,70.87,1
2024-01-30 15:00:00,49.52,0.488,115.3,2737.0,88.89,0
2024-01-30 16:00:00,58.86108864267297,0.6632365997069434,105.0,3056.0,86.14,1
2024-01-30 17:00:00,68.86863647152612,0.8439390687895645,86.0,2573.0,85.35,1
2024-01-30 18:00:00,49.81,0.446,103.7,3203.0,81.22,0
2024-01-30 19:00:00,55.52,0.491,79.0,2968.0,79.43,0
2024-01-30 20:00:00,50.57,0.533,106.3,3649.0,115.83,0
2024-01-30 21:00:00,50.75,0.519,108.9,3462.0,97.76,0
2024-01-30 22:00:00,48.18,0.571,94.1,2964.0,90.84,0
2024-01-30 23:00:00,49.72,0.456,101.2,2979.0,81.68,0
2024-01-31 00:00:00,51.54,0.551,119.5,3199.0,95.11,0
2024-01-31 01:00:00,41.45,0.474,94.9,3341.0,87.77,0
2024-01-31 02:00:00,43.26,0.574,89.4,2672.0,80.39,0
2024-01-31 03:00:00,53.72,0.562,114.8,2643.0,75.45,0
2024-01-31 04:00:00,50.85,0.406,119.6,2876.0,78.79,0
2024-01-31 05:00:00,49.08,0.609,100.0,3117.0,32.44,0
2024-01-31 06:00:00,50.09,0.446,110.1,3099.0,83.16,0
2024-01-31 07:00:00,51.74,0.581,113.4,3214.0,72.67,0
2024-01-31 08:00:00,47.3,0.537,92.6,2760.0,103.89,0
2024-01-31 09:00:00,46.11,0.684,95.1,2537.0,80.29,0
2024-01-31 10:00:00,50.98,0.478,112.3,3172.0,62.17,0
2024-01-31 11:00:00,45.11,0.465,116.9,2834.0,79.25,0
2024-01-31 12:00:00,52.04,0.498,105.6,2596.0,64.31,0
2024-01-31 13:00:00,41.49,0.47,91.2,3029.0,87.1,0
2024-01-31 14:00:00,55.15,0.58,119.9,3159.0,84.36,0
2024-01-31 15:00:00,52.36,0.338,94.7,2976.0,94.37,0
2024-01-31 16:00:00,51.28,0.395,96.6,2908.0,68.14,0
2024-01-31 17:00:00,54.91,0.393,103.4,2968.0,80.51,0
2024-01-31 18:00:00,58.33,0.595,115.5,2926.0,59.52,0
2024-01-31 19:00:00,55.07,0.671,108.5,2730.0,90.52,0
2024-01-31 20:00:00,40.8,0.49,104.1,2857.0,87.78,0
2024-01-31 21:00:00,43.6,0.483,104.6,3104.0,87.44,0
2024-01-31 22:00:00,46.88,0.507,100.4,3064.0,80.02,0
2024-01-31 23:00:00,50.13,0.616,105.6,3034.0,86.22,0
2024-02-01 00:00:00,67.97156681627136,0.7008156343299488,74.7,2801.0,104.07,1
2024-02-01 01:00:00,46.37,0.524,97.0,2964.0,75.72,0
2024-02-01 02:00:00,63.01225559310295,0.8998091971978301,102.4,2565.0,82.08,1
2024-02-01 03:00:00,46.22,0.55,88.5,3036.0,63.71,0
2024-02-01 04:00:00,62.51208586316132,0.915562654732595,103.9,3286.0,66.98,1
2024-02-01 05:00:00,42.97,0.6,98.0,2705.0,81.47,0
2024-02-01 06:00:00,45.38,0.23,117.6,2883.0,96.56,0
2024-02-01 07:00:00,43.24,0.568,115.7,3066.0,76.16,0
2024-02-01 08:00:00,45.12,0.435,95.3,3251.0,76.46,0
2024-02-01 09:00:00,68.30293742270118,0.5315300337902331,98.5,2910.0,73.9,1
2024-02-01 10:00:00,45.25,0.551,99.3,2862.0,71.98,0
2024-02-01 11:00:00,63.16,0.637,95.5,2606.0,84.42,0
2024-02-01 12:00:00,64.32313879393206,0.7413676288283888,102.0,3021.0,57.54,1
2024-02-01 13:00:00,50.92,0.595,92.4,3408.0,99.21,0
2024-02-01 14:00:00,59.429218471901315,0.9086748135436429,88.7,3055.0,70.02,1
2024-02-01 15:00:00,53.5,0.631,106.2,2996.0,90.83,0
2024-02-01 16:00:00,47.12,0.664,106.3,3064.0,60.95,0
2024-02-01 17:00:00,50.61,0.574,92.0,2998.0,90.03,0
2024-02-01 18:00:00,62.8,0.508,109.0,2837.0,90.08,0
2024-02-01 19:00:00,49.52,0.34,93.7,3165.0,85.76,0
2024-02-01 20:00:00,55.75,0.475,102.5,3045.0,65.08,0
2024-02-01 21:00:00,46.48,0.416,108.2,3004.0,83.74,0
2024-02-01 22:00:00,49.83,0.717,99.7,2805.0,62.25,0
2024-02-01 23:00:00,58.85,0.482,104.5,3261.0,76.21,0
2024-02-02 00:00:00,46.87,0.512,94.8,3133.0,95.44,0
2024-02-02 01:00:00,59.06,0.555,98.0,2889.0,91.95,0
2024-02-02 02:00:00,53.54,0.504,97.9,3200.0,80.23,0
2024-02-02 03:00:00,47.19,0.67,92.5,2900.0,65.38,0
2024-02-02 04:00:00,53.16,0.438,98.2,2844.0,89.68,0
2024-02-02 05:00:00,54.86,0.519,84.5,2848.0,80.29,0
2024-02-02 06:00:00,53.11,0.426,95.1,2646.0,45.2,0
2024-02-02 07:00:00,42.15,0.368,97.2,3094.0,91.74,0
2024-02-02 08:00:00,46.36,0.439,97.4,2634.0,79.64,0
2024-02-02 09:00:00,48.76,0.496,97.6,2754.0,98.04,0
2024-02-02 10:00:00,49.63,0.457,99.4,2585.0,63.57,0
2024-02-02 11:00:00,53.1,0.431,104.8,2983.0,32.35,0
2024-02-02 12:00:00,50.89,0.359,108.7,2970.0,84.19,0
2024-02-02 13:00:00,43.32,0.492,93.5,2935.0,84.37,0
2024-02-02 14:00:00,69.36636601745681,0.594198361849526,88.0,2791.0,54.64,1
2024-02-02 15:00:00,53.05,0.576,89.6,2766.0,65.32,0
2024-02-02 16:00:00,52.8,0.508,95.1,3093.0,121.33,0
2024-02-02 17:00:00,55.4,0.354,96.5,2890.0,75.42,0
2024-02-02 18:00:00,54.17,0.469,92.3,3063.0,90.96,0
2024-02-02 19:00:00,52.3,0.425,87.0,2823.0,70.24,0
2024-02-02 20:00:00,49.65,0.532,95.4,3036.0,48.65,0
2024-02-02 21:00:00,41.7,0.634,101.8,3261.0,77.45,0
2024-02-02 22:00:00,52.15,0.312,106.0,3117.0,76.02,0
2024-02-02 23:00:00,51.04,0.512,94.4,2918.0,74.0,0
2024-02-03 00:00:00,51.36,0.484,95.9,3051.0,78.28,0
2024-02-03 01:00:00,43.62,0.567,90.7,2952.0,83.96,0
2024-02-03 02:00:00,44.59,0.521,99.7,3002.0,77.75,0
2024-02-03 03:00:00,55.27,0.425,91.5,2935.0,61.04,0
2024-02-03 04:00:00,49.8,0.468,105.7,2967.0,87.29,0
2024-02-03 05:00:00,53.41,0.42,82.1,3042.0,50.76,0
2024-02-03 06:00:00,50.14,0.608,96.4,2801.0,49.24,0
2024-02-03 07:00:00,50.15,0.502,103.0,2797.0,91.09,0
2024-02-03 08:00:00,54.69,0.69,101.8,2722.0,87.61,0
2024-02-03 09:00:00,47.42,0.494,126.9,2680.0,79.14,0
2024-02-03 10:00:00,50.48,0.429,103.5,2757.0,59.07,0
2024-02-03 11:00:00,47.69,0.349,90.0,3032.0,69.38,0
2024-02-03 12:00:00,47.83,0.32,99.0,2821.0,76.06,0
2024-02-03 13:00:00,48.45,0.342,82.2,3103.0,56.06,0
2024-02-03 14:00:00,51.11,0.527,99.2,3007.0,68.91,0
2024-02-03 15:00:00,47.61,0.551,91.7,2606.0,89.78,0
2024-02-03 16:00:00,56.28,0.342,109.2,3131.0,101.41,0
2024-02-03 17:00:00,45.53,0.59,94.5,3162.0,73.71,0
2024-02-03 18:00:00,49.07,0.452,98.8,2801.0,91.35,0
2024-02-03 19:00:00,47.8,0.515,93.6,3084.0,51.29,0
2024-02-03 20:00:00,57.23,0.661,117.4,2829.0,89.89,0
2024-02-03 21:00:00,50.98,0.59,96.8,3020.0,67.94,0
2024-02-03 22:00:00,55.16,0.473,118.3,2747.0,84.61,0
2024-02-03 23:00:00,42.57,0.411,108.1,2641.0,76.28,0
2024-02-04 00:00:00,51.34,0.285,104.8,2923.0,99.81,0
2024-02-04 01:00:00,54.45,0.428,103.7,2975.0,66.88,0
2024-02-04 02:00:00,50.41,0.479,103.9,2920.0,89.41,0
2024-02-04 03:00:00,70.39005390489768,0.8010096091761088,80.7,2763.0,75.81,1
2024-02-04 04:00:00,47.41,0.487,97.2,2920.0,77.63,0
2024-02-04 05:00:00,57.05,0.508,108.5,3054.0,77.24,0
2024-02-04 06:00:00,61.49,0.478,99.5,2991.0,67.31,0
2024-02-04 07:00:00,48.19,0.435,85.9,3037.0,79.79,0
2024-02-04 08:00:00,47.77,0.517,99.5,2866.0,79.06,0
2024-02-04 09:00:00,57.27,0.544,117.0,3234.0,83.62,0
2024-02-04 10:00:00,57.9,0.391,112.5,2765.0,81.27,0
2024-02-04 11:00:00,47.39,0.641,99.4,3098.0,91.97,0
2024-02-04 12:00:00,47.9,0.49,109.5,3236.0,93.85,0
2024-02-04 13:00:00,48.59,0.502,96.3,3096.0,64.24,0
2024-02-04 14:00:00,43.28,0.571,83.0,2959.0,93.03,0
2024-02-04 15:00:00,45.41,0.523,90.8,2894.0,62.2,0
2024-02-04 16:00:00,44.98,0.595,115.6,3207.0,88.82,0
2024-02-04 17:00:00,46.16,0.529,97.3,2715.0,89.3,0
2024-02-04 18:00:00,49.83,0.439,97.6,2806.0,51.33,0
2024-02-04 19:00:00,51.17,0.536,97.0,2920.0,81.39,0
2024-02-04 20:00:00,57.75,0.386,119.0,3248.0,72.97,0
2024-02-04 21:00:00,61.67070481529087,0.8335378505856179,116.3,3076.0,68.62,1
2024-02-04 22:00:00,54.92,0.497,122.2,2806.0,100.26,0
2024-02-04 23:00:00,48.93,0.479,98.4,2938.0,70.19,0
2024-02-05 00:00:00,70.32194860223548,0.8492824782118487,103.0,2877.0,67.9,1
2024-02-05 01:00:00,53.37,0.312,84.8,2858.0,81.14,0
2024-02-05 02:00:00,44.39,0.445,114.8,3196.0,90.28,0
2024-02-05 03:00:00,51.91,0.509,88.3,2726.0,77.88,0
2024-02-05 04:00:00,50.83,0.516,102.2,3322.0,97.5,0
2024-02-05 05:00:00,52.46,0.397,89.0,3166.0,87.96,0
2024-02-05 06:00:00,51.45,0.627,94.1,3218.0,47.33,0
2024-02-05 07:00:00,62.28,0.413,91.6,2907.0,72.06,0
2024-02-05 08:00:00,46.81,0.597,93.9,2970.0,71.57,0
2024-02-05 09:00:00,47.35,0.543,94.6,2713.0,87.19,0
2024-02-05 10:00:00,46.88,0.435,94.5,2895.0,40.63,0
2024-02-05 11:00:00,47.22,0.678,108.3,3099.0,118.24,0
2024-02-05 12:00:00,46.81,0.381,89.0,3259.0,87.97,0
2024-02-05 13:00:00,55.95,0.592,102.2,2779.0,82.23,0
2024-02-05 14:00:00,57.1,0.6,112.2,2927.0,97.72,0
2024-02-05 15:00:00,47.15,0.433,94.9,2970.0,115.15,0
2024-02-05 16:00:00,45.84,0.639,92.8,2721.0,93.06,0
2024-02-05 17:00:00,52.36,0.475,97.7,3118.0,94.23,0
2024-02-05 18:00:00,47.24,0.529,111.8,2855.0,81.96,0
2024-02-05 19:00:00,53.16,0.526,101.9,2961.0,77.88,0
2024-02-05 20:00:00,51.01,0.487,94.7,2910.0,72.86,0
2024-02-05 21:00:00,42.42,0.581,104.8,2842.0,67.61,0
2024-02-05 22:00:00,57.74,0.579,89.0,2999.0,69.69,0
2024-02-05 23:00:00,75.6753731020578,0.6094636575027765,106.8,2957.0,59.74,1
2024-02-06 00:00:00,46.94,0.63,104.1,2926.0,78.86,0
2024-02-06 01:00:00,48.06,0.334,96.9,2854.0,54.73,0
2024-02-06 02:00:00,51.43,0.603,91.6,3064.0,82.86,0
2024-02-06 03:00:00,51.67,0.613,91.1,3331.0,79.46,0
2024-02-06 04:00:00,53.29,0.391,105.3,3028.0,82.2,0
2024-02-06 05:00:00,60.05,0.459,112.3,3199.0,72.17,0
2024-02-06 06:00:00,49.12,0.389,93.6,2722.0,126.15,0
2024-02-06 07:00:00,46.01,0.479,104.6,3032.0,100.4,0
2024-02-06 08:00:00,43.1,0.469,79.1,2781.0,61.33,0
2024-02-06 09:00:00,46.35,0.578,94.2,2705.0,83.49,0
2024-02-06 10:00:00,49.83,0.631,99.7,2852.0,70.88,0
2024-02-06 11:00:00,58.97,0.64,90.9,3238.0,64.78,0
2024-02-06 12:00:00,47.41,0.444,90.6,3190.0,59.9,0
2024-02-06 13:00:00,51.12,0.479,93.3,3049.0,86.48,0
2024-02-06 14:00:00,49.92,0.332,102.9,2693.0,69.78,0
2024-02-06 15:00:00,55.94,0.419,98.1,2961.0,94.52,0
2024-02-06 16:00:00,62.63,0.596,77.6,3060.0,94.91,0
2024-02-06 17:00:00,47.35,0.662,78.8,3035.0,100.61,0
2024-02-06 18:00:00,47.55,0.377,93.9,2631.0,67.21,0
2024-02-06 19:00:00,55.22,0.441,104.6,2822.0,87.13,0
2024-02-06 20:00:00,53.41,0.497,72.5,2987.0,89.49,0
2024-02-06 21:00:00,59.23,0.528,95.0,3107.0,72.89,0
2024-02-06 22:00:00,52.92,0.419,94.7,2561.0,68.42,0
2024-02-06 23:00:00,48.2,0.542,113.9,2968.0,104.14,0
2024-02-07 00:00:00,52.95,0.453,96.1,3029.0,83.41,0
2024-02-07 01:00:00,55.54,0.499,103.8,3170.0,89.54,0
2024-02-07 02:00:00,54.1,0.555,101.4,3139.0,67.67,0
2024-02-07 03:00:00,52.54,0.501,78.7,3117.0,61.71,0
2024-02-07 04:00:00,55.33,0.456,107.7,2840.0,71.46,0
2024-02-07 05:00:00,55.85,0.489,102.2,2618.0,78.14,0
2024-02-07 06:00:00,56.91,0.491,105.1,2921.0,64.04,0
2024-02-07 07:00:00,68.17193337563062,0.7594348066166897,139.3,3200.0,79.85,1
2024-02-07 08:00:00,62.955723357283674,0.7846018255941463,79.2,3279.0,54.67,1
2024-02-07 09:00:00,50.73,0.66,117.2,3142.0,63.2,0
2024-02-07 10:00:00,72.08224309114297,0.7937685766420888,97.1,3086.0,90.06,1
2024-02-07 11:00:00,45.92,0.47,102.9,3076.0,89.06,0
2024-02-07 12:00:00,51.84,0.57,99.5,2889.0,74.12,0
2024-02-07 13:00:00,48.03,0.467,95.8,2974.0,64.73,0
2024-02-07 14:00:00,50.14,0.617,94.3,3334.0,64.59,0
2024-02-07 15:00:00,56.39,0.537,103.3,2811.0,74.4,0
2024-02-07 16:00:00,50.96,0.489,84.8,3323.0,89.67,0
2024-02-07 17:00:00,70.12612749988689,0.8654898756536641,107.5,2936.0,93.92,1
2024-02-07 18:00:00,43.2,0.343,95.8,3265.0,72.55,0
2024-02-07 19:00:00,53.73,0.387,88.7,2719.0,62.7,0
2024-02-07 20:00:00,53.23,0.381,95.5,3117.0,84.02,0
2024-02-07 21:00:00,60.82,0.514,112.6,2853.0,67.65,0
2024-02-07 22:00:00,48.46,0.673,94.6,2717.0,72.23,0
2024-02-07 23:00:00,51.1,0.723,103.6,3044.0,99.88,0
2024-02-08 00:00:00,51.25,0.564,92.7,3202.0,92.41,0
2024-02-08 01:00:00,72.10165111414815,0.8610587989364729,107.6,2831.0,82.37,1
2024-02-08 02:00:00,49.52,0.32,106.9,2700.0,60.92,0
2024-02-08 03:00:00,51.4,0.446,118.5,2982.0,83.17,0
2024-02-08 04:00:00,53.04,0.421,98.2,2983.0,95.94,0
2024-02-08 05:00:00,50.93,0.438,106.7,3110.0,74.37,0
2024-02-08 06:00:00,65.5611066734758,0.7096656793707053,101.0,3190.0,100.27,1
2024-02-08 07:00:00,50.97,0.453,113.0,2988.0,99.39,0
2024-02-08 08:00:00,55.37,0.302,92.8,3371.0,104.96,0
2024-02-08 09:00:00,44.87,0.575,107.5,3045.0,84.58,0
2024-02-08 10:00:00,50.66,0.393,98.1,2931.0,88.81,0
2024-02-08 11:00:00,46.5,0.524,99.4,2678.0,101.21,0
2024-02-08 12:00:00,55.98,0.707,100.9,2947.0,86.71,0
2024-02-08 13:00:00,42.38,0.408,102.5,2933.0,72.48,0
2024-02-08 14:00:00,47.21,0.247,98.8,3192.0,73.27,0
2024-02-08 15:00:00,51.89,0.471,102.1,3092.0,83.58,0
2024-02-08 16:00:00,72.51481782055926,0.8507072112568833,115.8,2764.0,60.64,1
2024-02-08 17:00:00,49.67,0.696,109.9,3034.0,77.85,0
2024-02-08 18:00:00,47.22,0.377,108.7,3134.0,96.45,0
2024-02-08 19:00:00,59.41,0.55,95.4,3306.0,47.13,0
2024-02-08 20:00:00,42.76,0.453,91.1,3178.0,103.02,0
2024-02-08 21:00:00,39.01,0.489,109.6,3152.0,96.84,0
2024-02-08 22:00:00,75.17101146292686,1.0709093023884306,108.8,3012.0,73.1,1
2024-02-08 23:00:00,47.49,0.35,114.7,3078.0,88.15,0
2024-02-09 00:00:00,44.89,0.525,94.0,3250.0,80.05,0
2024-02-09 01:00:00,53.54,0.547,97.7,2733.0,98.45,0
2024-02-09 02:00:00,51.22,0.609,83.6,2930.0,94.74,0
2024-02-09 03:00:00,47.18,0.51,96.1,2845.0,59.0,0
2024-02-09 04:00:00,43.6,0.531,110.0,3076.0,88.81,0
2024-02-09 05:00:00,54.36,0.461,95.3,3246.0,76.92,0
2024-02-09 06:00:00,53.25,0.527,106.4,2881.0,81.24,0
2024-02-09 07:00:00,49.5,0.466,98.1,2522.0,69.08,0
2024-02-09 08:00:00,70.69676305720148,1.0419733390348696,103.2,2918.0,106.22,1
2024-02-09 09:00:00,44.65,0.463,88.5,3183.0,95.6,0
2024-02-09 10:00:00,42.37,0.538,100.9,3108.0,68.9,0
2024-02-09 11:00:00,46.54,0.497,70.1,3086.0,59.98,0
2024-02-09 12:00:00,63.16194426365884,0.9025460040961897,98.1,2944.0,74.21,1
2024-02-09 13:00:00,51.22,0.495,83.7,2744.0,86.52,0
2024-02-09 14:00:00,63.37960528004391,0.5806023471715482,112.1,3103.0,83.6,1
2024-02-09 15:00:00,67.50205605248843,0.8154629916819987,107.8,2833.0,98.8,1
2024-02-09 16:00:00,43.74,0.409,104.7,3437.0,91.85,0
2024-02-09 17:00:00,57.22,0.435,115.2,3114.0,94.54,0
2024-02-09 18:00:00,49.59,0.44,90.5,2884.0,84.9,0
2024-02-09 19:00:00,55.59,0.637,117.5,2878.0,59.16,0
2024-02-09 20:00:00,51.71,0.286,109.3,2981.0,77.06,0
2024-02-09 21:00:00,52.28,0.814,97.6,2952.0,95.9,0
2024-02-09 22:00:00,52.85,0.606,111.4,3223.0,79.23,0
2024-02-09 23:00:00,52.24,0.522,88.9,3037.0,87.55,0
2024-02-10 00:00:00,53.21,0.495,91.8,2854.0,75.22,0
2024-02-10 01:00:00,56.65,0.529,93.9,3378.0,64.55,0
2024-02-10 02:00:00,50.98,0.552,94.7,3010.0,78.15,0
2024-02-10 03:00:00,53.55,0.565,89.4,3154.0,84.64,0
2024-02-10 04:00:00,67.80769514863186,0.799609756463139,112.2,2878.0,70.16,1
2024-02-10 05:00:00,57.2,0.509,97.4,3073.0,76.46,0
2024-02-10 06:00:00,46.62,0.48,103.5,3062.0,65.91,0
2024-02-10 07:00:00,59.0,0.485,94.3,2622.0,96.79,0
2024-02-10 08:00:00,49.8,0.481,81.8,3403.0,75.58,0
2024-02-10 09:00:00,42.85,0.613,102.7,3258.0,101.79,0
2024-02-10 10:00:00,64.39403543306906,0.8965759836843081,80.9,2921.0,102.93,1
2024-02-10 11:00:00,60.97661694508166,0.4978226126451186,99.3,2780.0,78.78,1
2024-02-10 12:00:00,54.2,0.566,86.3,3070.0,64.87,0
2024-02-10 13:00:00,46.74,0.519,119.9,3017.0,48.71,0
2024-02-10 14:00:00,47.77,0.498,109.1,3071.0,57.92,0
2024-02-10 15:00:00,40.55,0.461,101.1,3038.0,59.39,0
2024-02-10 16:00:00,47.74,0.612,112.6,3101.0,100.68,0
2024-02-10 17:00:00,37.88,0.595,91.5,3289.0,81.74,0
2024-02-10 18:00:00,42.08,0.423,105.4,3114.0,85.84,0
2024-02-10 19:00:00,53.8,0.541,102.0,2790.0,46.69,0
2024-02-10 20:00:00,65.89376767181068,0.8077824108735225,102.6,3273.0,62.03,1
2024-02-10 21:00:00,52.13,0.362,112.7,3328.0,93.31,0
2024-02-10 22:00:00,45.17,0.437,107.3,3630.0,84.3,0
2024-02-10 23:00:00,49.76,0.586,102.9,2775.0,77.79,0
2024-02-11 00:00:00,49.98,0.595,83.5,3049.0,88.47,0
2024-02-11 01:00:00,44.21,0.551,90.4,2584.0,104.54,0
2024-02-11 02:00:00,74.11444714661977,0.8188607525865417,98.8,3111.0,76.68,1
2024-02-11 03:00:00,54.39,0.552,100.9,2890.0,81.04,0
2024-02-11 04:00:00,48.9,0.436,88.7,3385.0,82.89,0
2024-02-11 05:00:00,50.13,0.543,124.1,2845.0,115.88,0
2024-02-11 06:00:00,51.04,0.58,115.2,2662.0,48.51,0
2024-02-11 07:00:00,55.32454733817355,0.8173266002674344,106.0,2906.0,90.25,1
2024-02-11 08:00:00,48.76,0.619,100.7,2605.0,78.28,0
2024-02-11 09:00:00,46.59,0.571,97.9,3150.0,88.5,0
2024-02-11 10:00:00,44.99,0.535,90.5,2587.0,70.14,0
2024-02-11 11:00:00,48.59,0.607,100.8,3006.0,79.27,0
2024-02-11 12:00:00,58.99,0.497,102.6,2584.0,90.67,0
2024-02-11 13:00:00,53.2,0.412,87.6,2936.0,126.69,0
2024-02-11 14:00:00,47.14,0.484,103.3,3329.0,92.12,0
2024-02-11 15:00:00,52.86,0.426,98.4,3072.0,67.28,0
