Date_Time,p_mbar,T_degC,rh_pct,wv_ms,wd_deg
2020-01-01 00:00:00,1027.7,9.9,68.0,0.15,234.6
2020-01-01 01:00:00,995.0,10.0,48.7,0.75,188.9
2020-01-01 02:00:00,1014.9,10.1,43.0,0.08,304.0
2020-01-01 03:00:00,1048.3,10.2,49.8,5.01,170.7
2020-01-01 04:00:00,1040.4,10.3,74.0,0.13,196.9
2020-01-01 05:00:00,993.4,10.5,66.1,0.76,13.2
2020-01-01 06:00:00,992.6,10.4,41.5,0.78,64.8
2020-01-01 07:00:00,1038.0,10.1,93.6,2.29,325.4
2020-01-01 08:00:00,993.9,10.2,64.9,0.99,43.8
2020-01-01 09:00:00,1011.7,10.1,85.6,1.33,325.5
2020-01-01 10:00:00,992.7,10.1,53.1,3.29,228.9
2020-01-01 11:00:00,981.0,10.0,97.0,0.09,331.2
2020-01-01 12:00:00,1041.3,10.5,82.6,2.56,293.2
2020-01-01 13:00:00,1034.5,10.8,61.8,1.76,311.5
2020-01-01 14:00:00,1012.9,11.1,93.2,1.99,188.8
2020-01-01 15:00:00,991.2,11.2,80.2,2.12,297.1
2020-01-01 16:00:00,1036.4,11.3,60.1,1.74,165.8
2020-01-01 17:00:00,1005.2,11.5,98.2,0.15,15.9
2020-01-01 18:00:00,1026.3,11.3,50.9,0.89,234.5
2020-01-01 19:00:00,1002.2,11.0,48.0,1.63,262.2
2020-01-01 20:00:00,1010.3,11.2,92.6,1.99,36.6
2020-01-01 21:00:00,1017.5,11.3,79.5,0.82,293.7
2020-01-01 22:00:00,1033.3,11.7,54.2,1.21,27.1
2020-01-01 23:00:00,1038.2,12.0,46.2,0.67,159.0
2020-01-02 00:00:00,1011.0,11.9,42.5,1.1,175.7
2020-01-02 01:00:00,996.3,11.5,51.9,0.86,13.2
2020-01-02 02:00:00,990.8,11.6,38.8,1.58,23.7
2020-01-02 03:00:00,1003.9,11.6,40.2,1.04,162.2
2020-01-02 04:00:00,1036.1,11.5,84.4,0.28,112.1
2020-01-02 05:00:00,999.2,11.6,34.5,2.29,293.7
2020-01-02 06:00:00,983.3,11.3,60.8,0.62,149.0
2020-01-02 07:00:00,1019.5,11.1,58.3,0.75,38.0
2020-01-02 08:00:00,982.4,11.9,97.2,4.31,56.8
2020-01-02 09:00:00,1041.9,11.6,62.6,1.94,242.5
2020-01-02 10:00:00,1027.5,11.8,41.3,0.23,342.0
2020-01-02 11:00:00,998.0,12.1,36.2,0.32,313.1
2020-01-02 12:00:00,1012.8,12.3,81.3,4.48,46.6
2020-01-02 13:00:00,1031.7,12.5,40.3,1.18,5.9
2020-01-02 14:00:00,1044.1,12.7,95.7,2.39,9.5
2020-01-02 15:00:00,1041.2,12.7,69.1,0.8,199.7
2020-01-02 16:00:00,984.9,13.1,58.1,3.01,174.9
2020-01-02 17:00:00,985.7,13.5,77.9,1.31,4.8
2020-01-02 18:00:00,1021.8,13.8,43.9,0.35,20.6
2020-01-02 19:00:00,1014.8,14.3,56.8,3.9,359.9
2020-01-02 20:00:00,1000.5,14.6,32.3,2.82,347.4
2020-01-02 21:00:00,1048.3,14.5,91.4,1.61,45.6
2020-01-02 22:00:00,1032.2,14.3,59.8,3.65,59.1
2020-01-02 23:00:00,1028.1,14.4,83.1,4.64,324.1
2020-01-03 00:00:00,992.7,14.5,94.2,1.76,182.7
2020-01-03 01:00:00,999.9,14.6,75.7,1.13,344.9
2020-01-03 02:00:00,1022.4,15.1,56.3,3.09,187.3
2020-01-03 03:00:00,1035.7,15.0,73.4,2.4,207.8
2020-01-03 04:00:00,1045.2,14.9,55.2,1.84,79.2
2020-01-03 05:00:00,1028.8,15.0,69.7,1.01,315.4
2020-01-03 06:00:00,1009.3,15.0,60.3,0.38,297.0
2020-01-03 07:00:00,1028.4,14.4,40.5,0.82,121.5
2020-01-03 08:00:00,984.8,14.3,84.6,4.41,220.5
2020-01-03 09:00:00,1022.0,14.0,64.7,1.25,122.9
2020-01-03 10:00:00,1042.6,14.4,43.3,1.59,167.0
2020-01-03 11:00:00,1024.6,14.1,92.4,1.13,307.3
2020-01-03 12:00:00,980.5,14.1,89.7,1.93,149.6
2020-01-03 13:00:00,1028.6,14.1,69.1,1.12,302.6
2020-01-03 14:00:00,1030.9,14.3,97.9,0.58,345.6
2020-01-03 15:00:00,1017.9,14.4,94.9,1.48,149.9
2020-01-03 16:00:00,1037.1,14.5,92.8,0.69,315.9
2020-01-03 17:00:00,994.2,14.2,39.3,1.69,109.4
2020-01-03 18:00:00,1008.6,14.1,50.6,2.03,1.0
2020-01-03 19:00:00,1036.5,13.7,58.7,0.3,30.4
2020-01-03 20:00:00,1022.3,13.8,88.2,0.43,265.4
2020-01-03 21:00:00,1049.6,13.6,91.0,1.62,36.1
2020-01-03 22:00:00,984.8,14.0,82.6,1.35,338.1
2020-01-03 23:00:00,997.1,13.4,63.1,0.47,312.0
2020-01-04 00:00:00,993.9,14.0,41.3,2.09,185.3
2020-01-04 01:00:00,1048.3,14.0,32.5,0.31,209.3
2020-01-04 02:00:00,1040.8,14.0,79.0,1.78,250.0
2020-01-04 03:00:00,989.3,14.1,99.6,0.3,263.3
2020-01-04 04:00:00,1004.8,14.6,54.2,0.07,176.8
2020-01-04 05:00:00,983.7,15.1,69.8,2.87,112.8
2020-01-04 06:00:00,1024.3,15.1,86.7,0.53,327.7
2020-01-04 07:00:00,1003.2,14.5,43.1,3.18,16.8
2020-01-04 08:00:00,998.0,14.5,88.1,2.43,128.2
2020-01-04 09:00:00,1016.6,14.3,73.8,0.47,239.9
2020-01-04 10:00:00,1035.7,14.5,69.9,0.63,320.8
2020-01-04 11:00:00,1008.3,14.4,83.4,0.64,26.7
2020-01-04 12:00:00,1033.0,14.1,46.9,2.27,237.2
2020-01-04 13:00:00,1011.2,13.9,73.0,0.93,175.3
2020-01-04 14:00:00,995.0,14.3,46.8,1.98,247.1
2020-01-04 15:00:00,1011.2,14.4,42.6,0.17,114.2
2020-01-04 16:00:00,1017.7,14.7,73.6,0.2,255.9
2020-01-04 17:00:00,1012.3,14.5,48.8,2.68,64.9
2020-01-04 18:00:00,999.2,14.9,80.0,2.51,279.1
2020-01-04 19:00:00,993.0,14.6,66.0,3.07,269.8
2020-01-04 20:00:00,1046.3,14.4,78.6,2.5,340.8
2020-01-04 21:00:00,1000.8,14.8,92.4,3.23,62.4
2020-01-04 22:00:00,1029.4,15.2,39.7,2.89,259.9
2020-01-04 23:00:00,1003.8,14.6,34.7,0.34,116.2
2020-01-05 00:00:00,1047.9,14.9,58.0,0.2,101.5
2020-01-05 01:00:00,1049.2,14.5,80.2,0.6,144.6
2020-01-05 02:00:00,1037.8,14.8,92.0,2.18,102.7
2020-01-05 03:00:00,1020.7,15.2,32.4,1.49,89.3
2020-01-05 04:00:00,1017.9,15.6,85.5,3.4,276.6
2020-01-05 05:00:00,1003.0,16.1,35.3,2.94,251.8
2020-01-05 06:00:00,988.5,16.2,70.6,3.35,39.4
2020-01-05 07:00:00,985.5,16.1,54.1,1.36,201.7
2020-01-05 08:00:00,1012.6,16.1,31.2,0.7,119.2
2020-01-05 09:00:00,1048.5,16.1,36.8,0.44,349.6
2020-01-05 10:00:00,997.3,16.0,54.8,0.57,153.0
2020-01-05 11:00:00,1008.8,16.0,96.8,1.96,14.6
2020-01-05 12:00:00,1024.9,16.3,40.8,3.58,119.4
2020-01-05 13:00:00,1004.6,15.9,49.0,0.8,112.6
2020-01-05 14:00:00,980.3,16.2,99.6,2.31,2.0
2020-01-05 15:00:00,1007.7,16.2,63.6,0.49,175.6
2020-01-05 16:00:00,1036.3,15.8,48.4,1.1,326.1
2020-01-05 17:00:00,1046.1,16.0,73.1,3.51,288.8
2020-01-05 18:00:00,999.3,15.5,60.5,1.91,246.5
2020-01-05 19:00:00,1044.5,15.5,90.1,0.79,123.7
2020-01-05 20:00:00,1040.7,16.2,30.6,0.9,83.5
2020-01-05 21:00:00,1008.5,16.0,99.8,1.16,123.3
2020-01-05 22:00:00,980.3,15.9,34.6,0.61,44.3
2020-01-05 23:00:00,1039.1,16.2,67.6,0.11,35.8
2020-01-06 00:00:00,1000.1,16.3,78.8,3.67,206.8
2020-01-06 01:00:00,1032.9,16.5,68.5,0.46,293.0
2020-01-06 02:00:00,1020.0,16.4,51.1,1.45,35.8
2020-01-06 03:00:00,995.5,16.5,89.9,2.65,120.7
2020-01-06 04:00:00,1025.4,16.4,60.1,0.48,44.2
2020-01-06 05:00:00,1033.5,16.5,51.0,0.77,111.8
2020-01-06 06:00:00,1013.2,16.5,83.8,0.34,298.9
2020-01-06 07:00:00,1032.4,16.7,40.2,1.07,12.5
2020-01-06 08:00:00,1008.3,17.0,44.4,1.3,233.0
2020-01-06 09:00:00,1048.6,17.1,47.7,0.14,21.5
2020-01-06 10:00:00,996.8,16.9,60.4,1.09,153.6
2020-01-06 11:00:00,1034.4,16.4,31.4,0.81,170.7
2020-01-06 12:00:00,1032.5,16.1,99.4,1.21,144.5
2020-01-06 13:00:00,1017.1,15.8,72.0,1.59,229.5
2020-01-06 14:00:00,1004.5,16.7,98.0,0.32,350.5
2020-01-06 15:00:00,1011.2,16.9,86.5,0.59,96.2
2020-01-06 16:00:00,1024.1,17.0,39.4,1.13,219.5
2020-01-06 17:00:00,1017.1,16.8,44.6,1.72,127.8
2020-01-06 18:00:00,1033.3,17.1,32.4,2.16,359.8
2020-01-06 19:00:00,1005.2,17.0,88.4,1.24,342.4
2020-01-06 20:00:00,987.5,17.1,71.5,0.26,33.6
2020-01-06 21:00:00,1015.4,17.3,45.1,1.43,350.5
2020-01-06 22:00:00,998.1,17.4,97.9,1.35,265.8
2020-01-06 23:00:00,1023.2,17.4,81.6,0.43,357.2
2020-01-07 00:00:00,1016.4,17.1,79.4,0.5,277.5
2020-01-07 01:00:00,1034.5,17.2,48.7,0.86,46.4
2020-01-07 02:00:00,1020.3,17.5,51.9,0.84,270.2
2020-01-07 03:00:00,1010.2,17.7,76.8,3.35,261.6
2020-01-07 04:00:00,988.4,17.8,71.5,0.18,60.0
2020-01-07 05:00:00,988.4,18.0,75.3,0.75,271.1
2020-01-07 06:00:00,1024.8,17.7,91.5,2.46,242.9
2020-01-07 07:00:00,1041.7,17.6,41.2,0.68,358.0
2020-01-07 08:00:00,1009.0,17.6,38.1,2.63,222.7
2020-01-07 09:00:00,1017.2,17.3,69.5,2.36,149.3
2020-01-07 10:00:00,1021.4,17.5,65.0,1.44,343.4
2020-01-07 11:00:00,1013.4,17.7,58.2,1.66,226.0
2020-01-07 12:00:00,984.2,17.7,93.3,1.02,125.5
2020-01-07 13:00:00,1021.2,17.8,69.1,4.28,7.6
2020-01-07 14:00:00,989.6,17.6,69.7,2.36,272.4
2020-01-07 15:00:00,1018.9,17.4,55.7,1.79,43.0
2020-01-07 16:00:00,1034.3,17.0,54.1,3.94,332.5
2020-01-07 17:00:00,980.4,17.0,99.1,0.75,346.1
2020-01-07 18:00:00,1010.1,16.8,73.6,2.78,85.1
2020-01-07 19:00:00,1032.2,16.5,87.8,1.63,40.6
2020-01-07 20:00:00,1017.0,16.6,61.3,1.25,214.3
2020-01-07 21:00:00,996.5,16.4,43.4,1.34,76.9
2020-01-07 22:00:00,1028.8,16.0,52.7,1.6,195.1
2020-01-07 23:00:00,1034.8,15.9,54.2,3.23,149.1
2020-01-08 00:00:00,1005.4,15.8,69.5,1.5,285.1
2020-01-08 01:00:00,1000.8,15.5,40.8,1.44,360.0
2020-01-08 02:00:00,1018.2,15.6,57.1,3.87,164.4
2020-01-08 03:00:00,1005.6,15.6,37.0,2.32,246.6
2020-01-08 04:00:00,1038.5,15.3,64.8,1.01,123.0
2020-01-08 05:00:00,1034.5,15.6,96.3,1.4,310.5
2020-01-08 06:00:00,1001.8,16.0,53.7,1.52,13.3
2020-01-08 07:00:00,1012.0,16.0,33.5,1.94,177.7
2020-01-08 08:00:00,1042.3,15.9,72.6,1.01,63.6
2020-01-08 09:00:00,990.3,15.8,74.4,2.98,63.7
2020-01-08 10:00:00,1032.8,15.7,63.6,2.17,191.9
2020-01-08 11:00:00,1002.2,15.4,57.8,2.01,110.8
2020-01-08 12:00:00,988.4,15.4,92.5,1.15,165.2
2020-01-08 13:00:00,988.2,15.2,95.7,0.26,110.0
2020-01-08 14:00:00,999.3,14.4,77.1,3.37,163.8
2020-01-08 15:00:00,1018.4,15.0,65.1,1.68,102.9
2020-01-08 16:00:00,1043.6,15.5,34.7,0.61,289.3
2020-01-08 17:00:00,1001.2,15.6,51.1,1.51,200.8
2020-01-08 18:00:00,993.9,15.2,50.0,2.09,58.1
2020-01-08 19:00:00,1013.5,15.9,34.1,0.67,3.0
2020-01-08 20:00:00,991.0,16.0,89.0,2.94,6.3
2020-01-08 21:00:00,999.0,15.9,90.7,1.28,151.8
2020-01-08 22:00:00,1049.1,16.4,93.9,0.95,113.1
2020-01-08 23:00:00,1019.1,16.1,81.9,0.13,94.4
2020-01-09 00:00:00,1034.9,15.4,79.7,1.23,224.3
2020-01-09 01:00:00,994.8,15.2,63.4,1.19,292.8
2020-01-09 02:00:00,1016.4,15.5,90.0,0.43,22.8
2020-01-09 03:00:00,1015.7,16.1,65.7,0.71,39.6
2020-01-09 04:00:00,1036.9,15.9,32.1,0.76,132.7
2020-01-09 05:00:00,981.5,15.6,70.9,3.17,158.9
2020-01-09 06:00:00,1040.2,15.6,57.3,0.09,142.3
2020-01-09 07:00:00,985.6,15.6,66.5,0.82,229.9
2020-01-09 08:00:00,1044.2,16.1,60.8,1.69,31.4
2020-01-09 09:00:00,990.0,16.2,64.8,3.49,178.1
2020-01-09 10:00:00,1017.3,16.9,37.6,1.91,292.2
2020-01-09 11:00:00,987.0,17.3,31.0,1.45,334.2
2020-01-09 12:00:00,1011.3,17.5,53.8,2.94,201.7
2020-01-09 13:00:00,1000.9,17.1,47.8,0.73,49.8
2020-01-09 14:00:00,1009.4,17.0,47.5,0.14,261.9
2020-01-09 15:00:00,1018.2,17.1,95.6,2.05,286.7
2020-01-09 16:00:00,1012.2,16.3,87.3,0.12,70.7
2020-01-09 17:00:00,981.6,16.1,30.9,0.63,243.9
2020-01-09 18:00:00,1040.4,16.0,30.6,0.3,335.0
2020-01-09 19:00:00,986.6,15.7,84.4,0.09,258.8
2020-01-09 20:00:00,1048.6,16.4,98.9,1.62,149.6
2020-01-09 21:00:00,1039.6,16.5,62.6,0.41,159.4
2020-01-09 22:00:00,1019.3,16.5,60.3,2.55,28.6
2020-01-09 23:00:00,997.2,15.9,49.3,4.93,189.4
2020-01-10 00:00:00,986.0,15.8,76.7,2.59,289.0
2020-01-10 01:00:00,1027.0,16.2,63.0,2.76,352.3
2020-01-10 02:00:00,994.1,16.1,41.7,1.64,143.7
2020-01-10 03:00:00,1031.3,15.9,63.7,1.35,156.7
2020-01-10 04:00:00,1038.3,15.5,56.3,2.15,19.7
2020-01-10 05:00:00,1049.2,15.6,92.3,2.45,279.0
2020-01-10 06:00:00,1015.3,15.7,84.0,2.37,258.0
2020-01-10 07:00:00,1048.2,15.7,79.1,2.64,145.1
2020-01-10 08:00:00,990.5,15.4,52.9,0.9,255.3
2020-01-10 09:00:00,1038.5,15.5,39.8,0.8,224.3
2020-01-10 10:00:00,1005.2,15.4,90.5,1.21,276.8
2020-01-10 11:00:00,1005.5,15.5,54.0,0.14,113.1
2020-01-10 12:00:00,998.8,15.7,71.5,0.74,234.3
2020-01-10 13:00:00,992.1,15.9,71.4,0.16,225.2
2020-01-10 14:00:00,1011.0,16.1,95.0,2.33,32.6
2020-01-10 15:00:00,1049.1,16.3,42.0,1.71,101.1
2020-01-10 16:00:00,1003.1,16.5,84.0,4.22,309.7
2020-01-10 17:00:00,1012.3,16.8,62.4,2.1,56.2
2020-01-10 18:00:00,996.0,17.2,42.2,2.03,136.6
2020-01-10 19:00:00,1003.6,17.3,88.5,3.1,81.1
2020-01-10 20:00:00,983.9,17.6,87.4,1.94,50.5
2020-01-10 21:00:00,1046.9,17.6,32.8,1.92,49.1
2020-01-10 22:00:00,1015.7,17.8,79.7,0.79,125.3
2020-01-10 23:00:00,1031.3,17.7,40.7,2.57,289.3
2020-01-11 00:00:00,1015.9,17.2,72.7,1.45,347.9
2020-01-11 01:00:00,1033.9,17.6,75.1,2.31,205.9
2020-01-11 02:00:00,1017.4,17.6,76.6,0.55,228.7
2020-01-11 03:00:00,1029.1,17.7,38.4,0.95,280.3
2020-01-11 04:00:00,1027.9,18.0,71.9,0.38,238.2
2020-01-11 05:00:00,1017.3,17.8,37.0,0.62,305.4
2020-01-11 06:00:00,996.1,17.7,82.2,2.06,318.3
2020-01-11 07:00:00,994.8,17.6,34.5,0.09,226.0
2020-01-11 08:00:00,1041.2,17.5,83.0,0.51,191.9
2020-01-11 09:00:00,988.4,17.4,91.8,0.06,140.8
2020-01-11 10:00:00,1019.1,17.2,50.9,0.98,166.2
2020-01-11 11:00:00,1015.2,17.3,84.5,2.13,124.4
2020-01-11 12:00:00,1035.9,16.8,59.2,0.84,153.7
2020-01-11 13:00:00,989.5,17.2,85.8,4.33,323.9
2020-01-11 14:00:00,1028.1,17.0,78.0,1.27,350.1
2020-01-11 15:00:00,1022.4,17.1,50.2,1.0,130.2
2020-01-11 16:00:00,1029.1,17.3,43.6,2.43,79.4
2020-01-11 17:00:00,1023.5,17.2,94.0,0.58,28.1
2020-01-11 18:00:00,1019.4,17.3,88.7,0.89,301.3
2020-01-11 19:00:00,1044.8,17.0,76.2,0.26,313.4
2020-01-11 20:00:00,1004.4,16.8,54.5,1.15,162.2
2020-01-11 21:00:00,992.9,16.7,65.7,1.24,195.3
2020-01-11 22:00:00,1035.7,16.9,69.1,0.53,266.3
2020-01-11 23:00:00,989.1,16.8,36.0,2.29,135.3
2020-01-12 00:00:00,1027.6,16.7,98.1,1.55,72.5
2020-01-12 01:00:00,1018.5,17.0,36.4,2.82,41.3
2020-01-12 02:00:00,980.1,17.1,80.5,0.7,84.7
2020-01-12 03:00:00,996.8,17.8,64.5,1.34,232.3
2020-01-12 04:00:00,1014.7,17.5,83.2,0.46,125.2
2020-01-12 05:00:00,1003.1,17.1,48.3,3.87,312.4
2020-01-12 06:00:00,1009.9,17.7,57.7,3.27,31.5
2020-01-12 07:00:00,1022.1,17.8,66.8,3.79,149.9
2020-01-12 08:00:00,1031.2,18.2,38.5,2.99,92.5
2020-01-12 09:00:00,990.6,17.9,89.6,1.05,319.6
2020-01-12 10:00:00,999.8,17.7,99.4,1.95,290.2
2020-01-12 11:00:00,1024.6,17.8,59.2,0.69,354.4
2020-01-12 12:00:00,1021.2,17.8,56.4,1.38,42.9
2020-01-12 13:00:00,1031.6,17.8,71.6,0.25,281.6
2020-01-12 14:00:00,1024.8,17.3,78.2,1.73,45.3
2020-01-12 15:00:00,1003.1,17.3,90.8,2.03,55.8
2020-01-12 16:00:00,1014.9,17.4,56.1,1.85,14.1
2020-01-12 17:00:00,1041.9,17.3,83.5,1.31,167.3
2020-01-12 18:00:00,993.0,17.6,46.8,0.18,45.3
2020-01-12 19:00:00,1006.4,17.8,77.6,1.92,125.4
2020-01-12 20:00:00,1038.9,17.9,62.7,1.11,99.4
2020-01-12 21:00:00,1005.5,17.7,76.3,0.68,351.5
2020-01-12 22:00:00,1008.9,17.8,56.6,3.19,237.0
2020-01-12 23:00:00,1002.3,17.9,50.6,0.92,147.8
2020-01-13 00:00:00,1043.0,18.0,64.0,0.87,316.2
2020-01-13 01:00:00,1026.4,17.8,92.7,1.14,23.0
2020-01-13 02:00:00,994.6,18.0,77.2,0.09,120.3
2020-01-13 03:00:00,1032.5,18.1,72.8,1.13,185.3
2020-01-13 04:00:00,982.7,18.0,80.4,0.63,19.4
2020-01-13 05:00:00,1007.7,18.1,81.0,1.78,52.5
2020-01-13 06:00:00,1043.7,17.8,50.6,1.26,322.2
2020-01-13 07:00:00,1028.3,17.2,46.3,1.91,64.7
2020-01-13 08:00:00,1035.5,16.8,65.6,2.14,331.8
2020-01-13 09:00:00,1045.2,16.8,40.3,0.42,34.6
2020-01-13 10:00:00,1034.2,16.8,63.2,5.33,319.8
2020-01-13 11:00:00,986.2,16.9,78.5,1.34,163.3
2020-01-13 12:00:00,996.1,17.1,30.5,0.63,206.4
2020-01-13 13:00:00,1015.0,17.2,37.8,2.65,101.4
2020-01-13 14:00:00,981.0,17.0,97.4,0.43,98.4
2020-01-13 15:00:00,1023.7,17.2,95.0,3.85,177.2
2020-01-13 16:00:00,1026.0,17.0,59.3,2.98,128.1
2020-01-13 17:00:00,1028.8,16.9,71.3,0.94,28.0
2020-01-13 18:00:00,1018.9,17.3,40.9,1.3,127.3
2020-01-13 19:00:00,1011.7,17.4,53.2,1.84,91.7
2020-01-13 20:00:00,1039.9,17.3,85.5,0.18,305.9
2020-01-13 21:00:00,1033.7,17.1,89.9,0.21,301.9
2020-01-13 22:00:00,1022.9,17.5,58.4,2.17,50.9
2020-01-13 23:00:00,983.2,17.5,51.8,2.88,262.8
2020-01-14 00:00:00,1028.6,17.1,77.7,3.76,162.3
2020-01-14 01:00:00,1019.1,17.0,80.3,3.8,312.7
2020-01-14 02:00:00,1028.5,16.5,98.9,0.85,98.6
2020-01-14 03:00:00,1001.8,15.7,78.8,1.75,31.7
2020-01-14 04:00:00,1034.4,16.0,46.8,0.95,288.2
2020-01-14 05:00:00,1009.3,15.7,34.2,1.32,312.6
2020-01-14 06:00:00,1042.6,15.3,48.0,2.69,302.6
2020-01-14 07:00:00,987.3,15.2,45.9,0.2,118.5
2020-01-14 08:00:00,1013.9,15.1,36.5,0.84,11.1
2020-01-14 09:00:00,994.4,14.9,61.1,2.24,50.3
2020-01-14 10:00:00,1011.7,14.6,50.2,0.78,331.0
2020-01-14 11:00:00,1004.8,14.6,94.8,0.9,131.1
2020-01-14 12:00:00,1036.2,14.5,58.3,0.73,316.9
2020-01-14 13:00:00,991.7,15.0,91.4,0.06,353.1
2020-01-14 14:00:00,1021.9,14.9,51.5,0.57,142.5
2020-01-14 15:00:00,1008.5,14.9,88.2,1.28,279.5
2020-01-14 16:00:00,1016.3,14.6,61.8,2.0,60.9
2020-01-14 17:00:00,1030.0,14.8,32.3,0.92,138.1
2020-01-14 18:00:00,1005.0,15.3,64.1,1.22,253.9
2020-01-14 19:00:00,1005.7,15.3,45.9,0.21,74.6
2020-01-14 20:00:00,985.4,15.1,51.5,3.75,115.1
2020-01-14 21:00:00,1018.6,15.2,77.9,3.18,203.0
2020-01-14 22:00:00,1009.2,15.3,67.1,1.69,248.8
2020-01-14 23:00:00,1036.9,16.2,92.2,3.5,128.5
2020-01-15 00:00:00,1010.7,16.1,95.5,1.31,135.6
2020-01-15 01:00:00,1048.0,16.0,78.4,3.15,39.6
2020-01-15 02:00:00,992.0,15.7,90.4,0.91,354.3
2020-01-15 03:00:00,998.7,15.6,43.7,2.88,220.4
2020-01-15 04:00:00,1007.4,15.5,35.5,3.92,190.9
2020-01-15 05:00:00,991.9,15.6,53.3,3.53,76.1
2020-01-15 06:00:00,1048.1,15.6,52.8,0.98,175.7
2020-01-15 07:00:00,1024.9,15.3,76.6,1.34,161.0
2020-01-15 08:00:00,980.8,14.9,88.8,3.07,93.1
2020-01-15 09:00:00,1020.5,14.8,50.8,1.14,160.7
2020-01-15 10:00:00,1034.7,15.0,59.7,1.76,73.3
2020-01-15 11:00:00,983.6,15.1,37.3,3.72,255.7
2020-01-15 12:00:00,1020.5,15.2,58.9,0.7,327.2
2020-01-15 13:00:00,1006.2,15.2,45.0,3.95,0.9
2020-01-15 14:00:00,1020.7,15.4,56.8,2.69,200.3
2020-01-15 15:00:00,997.7,15.2,48.6,1.0,263.6
2020-01-15 16:00:00,1026.6,15.0,86.6,0.41,326.6
2020-01-15 17:00:00,1027.0,14.7,30.3,1.16,129.0
2020-01-15 18:00:00,1017.8,14.5,53.7,3.94,326.6
2020-01-15 19:00:00,1044.7,14.9,97.8,1.22,297.2
2020-01-15 20:00:00,1043.7,15.1,77.5,1.28,189.1
2020-01-15 21:00:00,983.3,15.0,84.1,2.35,92.5
2020-01-15 22:00:00,1000.3,15.1,90.2,2.14,235.0
2020-01-15 23:00:00,1005.5,15.3,55.3,2.23,93.8
2020-01-16 00:00:00,983.9,15.1,34.6,0.9,125.6
2020-01-16 01:00:00,1016.7,15.1,58.7,0.22,168.1
2020-01-16 02:00:00,981.7,14.8,75.7,2.6,179.3
2020-01-16 03:00:00,1027.5,14.5,56.0,0.73,68.1
2020-01-16 04:00:00,980.2,14.7,61.4,2.92,249.8
2020-01-16 05:00:00,982.2,14.7,87.8,3.51,357.1
2020-01-16 06:00:00,1038.4,14.7,32.5,1.16,87.8
2020-01-16 07:00:00,997.7,15.1,53.4,0.66,199.6
2020-01-16 08:00:00,985.7,15.0,64.2,2.49,163.7
2020-01-16 09:00:00,1008.0,15.2,50.9,0.0,110.8
2020-01-16 10:00:00,983.6,14.9,61.2,1.48,151.1
2020-01-16 11:00:00,1032.5,14.8,58.1,0.22,263.8
2020-01-16 12:00:00,1014.6,14.6,94.7,1.04,149.3
2020-01-16 13:00:00,1018.6,14.3,64.5,0.63,182.4
2020-01-16 14:00:00,1032.7,14.9,63.3,1.68,171.8
2020-01-16 15:00:00,1034.9,14.5,47.8,0.23,199.9
2020-01-16 16:00:00,989.5,14.3,33.2,0.6,104.8
2020-01-16 17:00:00,999.6,13.7,51.0,2.36,183.5
2020-01-16 18:00:00,992.3,13.5,31.9,2.88,48.5
2020-01-16 19:00:00,983.8,13.5,87.9,2.34,266.9
2020-01-16 20:00:00,1017.6,13.7,44.3,1.61,39.9
2020-01-16 21:00:00,997.5,13.6,93.8,2.38,282.6
2020-01-16 22:00:00,990.8,13.2,92.0,2.0,297.2
2020-01-16 23:00:00,1015.7,13.1,76.5,2.29,6.9
2020-01-17 00:00:00,1024.4,13.1,90.4,0.67,299.1
2020-01-17 01:00:00,1034.0,13.4,91.5,2.49,233.3
2020-01-17 02:00:00,981.2,13.2,84.3,1.91,34.9
2020-01-17 03:00:00,1016.8,12.9,65.6,1.05,359.3
2020-01-17 04:00:00,998.7,12.8,96.5,2.18,221.6
2020-01-17 05:00:00,1049.4,12.9,87.2,2.6,144.3
2020-01-17 06:00:00,991.0,13.1,38.9,1.13,318.7
2020-01-17 07:00:00,1010.6,12.8,59.4,0.07,15.0
2020-01-17 08:00:00,1047.9,12.6,67.8,1.6,258.2
2020-01-17 09:00:00,994.9,12.0,67.1,1.44,51.7
2020-01-17 10:00:00,1036.5,11.4,56.6,2.07,198.9
2020-01-17 11:00:00,997.0,11.0,67.2,1.81,34.5
2020-01-17 12:00:00,985.3,10.7,36.5,0.8,244.5
2020-01-17 13:00:00,983.0,10.6,75.9,1.98,167.4
2020-01-17 14:00:00,1046.4,10.7,64.8,0.29,2.4
2020-01-17 15:00:00,994.9,10.6,85.1,0.72,25.7
2020-01-17 16:00:00,1000.4,10.7,78.5,1.77,253.1
2020-01-17 17:00:00,1047.7,11.0,37.9,2.31,143.8
2020-01-17 18:00:00,1026.0,11.1,54.5,1.9,242.0
2020-01-17 19:00:00,1014.2,11.0,81.5,2.17,140.3
2020-01-17 20:00:00,1010.5,11.1,53.6,2.36,130.2
2020-01-17 21:00:00,983.4,10.6,69.7,3.57,307.8
2020-01-17 22:00:00,1038.7,10.5,97.3,1.97,307.7
2020-01-17 23:00:00,1033.3,10.7,35.6,2.18,331.1
2020-01-18 00:00:00,986.3,10.7,43.3,1.79,296.3
2020-01-18 01:00:00,1004.7,10.7,63.6,2.93,45.9
2020-01-18 02:00:00,1042.0,10.7,81.7,1.64,23.9
2020-01-18 03:00:00,996.6,10.8,53.1,2.98,21.0
2020-01-18 04:00:00,1022.8,11.1,38.2,1.27,352.9
2020-01-18 05:00:00,1014.2,10.5,52.1,2.45,180.4
2020-01-18 06:00:00,1037.3,10.3,75.1,0.9,41.5
2020-01-18 07:00:00,982.5,9.7,85.5,0.41,195.9
2020-01-18 08:00:00,1037.1,8.5,98.4,0.19,255.7
2020-01-18 09:00:00,989.5,8.7,83.3,3.36,34.0
2020-01-18 10:00:00,981.1,8.9,64.5,1.78,124.7
2020-01-18 11:00:00,1021.7,8.7,50.5,3.09,67.6
2020-01-18 12:00:00,998.1,8.5,94.9,2.96,351.2
2020-01-18 13:00:00,1029.6,8.5,67.4,0.13,114.6
2020-01-18 14:00:00,1012.9,9.3,78.2,4.1,248.6
2020-01-18 15:00:00,1022.4,9.0,63.1,0.72,330.6
2020-01-18 16:00:00,1028.3,8.6,46.9,0.54,310.7
2020-01-18 17:00:00,1044.9,8.8,68.3,0.27,141.8
2020-01-18 18:00:00,1037.6,9.0,88.8,3.09,111.9
2020-01-18 19:00:00,1014.7,9.1,56.8,1.42,291.3
2020-01-18 20:00:00,1010.7,9.1,76.8,1.54,73.9
2020-01-18 21:00:00,1025.8,9.0,33.0,1.55,258.2
2020-01-18 22:00:00,1031.3,8.6,95.6,1.43,300.7
2020-01-18 23:00:00,992.1,9.1,97.9,2.9,305.7
2020-01-19 00:00:00,982.3,9.7,57.0,0.98,3.2
2020-01-19 01:00:00,1011.8,9.6,64.9,2.36,180.0
2020-01-19 02:00:00,987.0,10.0,41.2,1.94,128.7
2020-01-19 03:00:00,999.1,10.1,43.7,1.74,352.4
2020-01-19 04:00:00,1020.9,9.6,72.1,2.12,195.9
2020-01-19 05:00:00,990.6,9.1,73.9,0.84,153.9
2020-01-19 06:00:00,982.0,9.3,53.9,0.83,88.0
2020-01-19 07:00:00,1018.8,9.7,56.2,1.35,304.4
2020-01-19 08:00:00,1012.6,9.8,65.4,2.52,115.0
2020-01-19 09:00:00,1001.4,9.9,95.8,2.02,297.6
2020-01-19 10:00:00,1012.8,9.6,40.5,2.31,321.0
2020-01-19 11:00:00,1027.8,9.3,68.6,0.57,20.9
2020-01-19 12:00:00,987.6,9.5,34.1,2.77,183.6
2020-01-19 13:00:00,997.9,9.5,62.1,2.51,151.3
2020-01-19 14:00:00,1035.6,9.5,57.8,0.75,141.5
2020-01-19 15:00:00,1026.9,9.8,41.5,3.81,133.7
2020-01-19 16:00:00,998.6,10.3,41.5,2.88,191.5
2020-01-19 17:00:00,1007.9,10.5,61.5,0.58,46.9
2020-01-19 18:00:00,988.4,10.2,38.9,2.94,313.7
2020-01-19 19:00:00,997.7,10.3,50.6,0.93,200.9
2020-01-19 20:00:00,1038.9,10.1,35.0,4.37,125.0
2020-01-19 21:00:00,1010.8,10.1,50.8,4.18,87.5
2020-01-19 22:00:00,1024.8,9.7,67.4,3.6,222.0
2020-01-19 23:00:00,991.2,10.1,82.1,1.23,283.2
2020-01-20 00:00:00,992.8,10.0,88.1,0.95,158.7
2020-01-20 01:00:00,1045.9,10.4,53.6,2.6,354.4
2020-01-20 02:00:00,1038.9,10.4,95.7,1.14,192.8
2020-01-20 03:00:00,1035.3,10.3,46.8,1.91,352.4
2020-01-20 04:00:00,1003.1,10.1,35.6,0.57,346.5
2020-01-20 05:00:00,1019.4,9.9,94.8,0.9,215.9
2020-01-20 06:00:00,1014.5,9.9,67.8,1.6,209.3
2020-01-20 07:00:00,1046.9,9.9,54.6,0.11,38.0
2020-01-20 08:00:00,996.8,10.2,92.9,2.0,334.5
2020-01-20 09:00:00,1046.3,9.9,84.3,0.86,289.2
2020-01-20 10:00:00,1029.5,10.0,88.3,0.59,180.2
2020-01-20 11:00:00,1009.0,10.4,50.5,4.0,110.3
2020-01-20 12:00:00,998.6,10.8,91.1,0.32,301.9
2020-01-20 13:00:00,1033.0,10.5,75.5,1.39,104.9
2020-01-20 14:00:00,1037.6,10.4,81.7,3.49,195.1
2020-01-20 15:00:00,1005.0,10.3,51.9,0.29,71.6
2020-01-20 16:00:00,992.0,10.0,47.2,0.41,289.6
2020-01-20 17:00:00,1014.5,10.2,58.6,2.42,271.0
2020-01-20 18:00:00,1012.8,9.9,70.3,0.54,105.0
2020-01-20 19:00:00,1030.8,10.5,76.6,0.58,42.2
2020-01-20 20:00:00,1048.1,10.6,64.9,2.22,63.7
2020-01-20 21:00:00,1017.2,10.5,78.9,1.02,221.9
2020-01-20 22:00:00,1031.2,11.1,79.6,4.23,54.0
2020-01-20 23:00:00,1004.5,10.7,76.6,0.04,115.2
2020-01-21 00:00:00,1022.0,10.5,47.6,0.62,302.1
2020-01-21 01:00:00,988.1,10.1,61.2,3.77,29.4
2020-01-21 02:00:00,1037.0,10.1,83.6,4.98,209.2
2020-01-21 03:00:00,1004.1,9.9,92.1,4.31,143.9
2020-01-21 04:00:00,985.6,9.5,65.1,1.49,43.3
2020-01-21 05:00:00,1049.3,9.2,99.1,2.46,183.4
2020-01-21 06:00:00,1043.1,9.3,42.2,2.48,186.0
2020-01-21 07:00:00,993.8,9.5,45.7,1.6,136.1
2020-01-21 08:00:00,1005.4,9.1,62.3,1.55,19.9
2020-01-21 09:00:00,1045.6,9.0,65.6,0.87,74.5
2020-01-21 10:00:00,1035.7,8.9,59.7,1.9,145.7
2020-01-21 11:00:00,1043.4,8.7,60.1,0.47,99.8
2020-01-21 12:00:00,1019.4,9.2,64.1,1.29,57.8
2020-01-21 13:00:00,997.0,9.2,52.4,0.55,175.3
2020-01-21 14:00:00,995.9,9.2,39.2,1.97,143.1
2020-01-21 15:00:00,1016.8,9.4,96.9,1.36,239.4
2020-01-21 16:00:00,1044.7,9.4,85.6,4.21,201.8
2020-01-21 17:00:00,1024.2,9.4,87.0,3.01,61.1
2020-01-21 18:00:00,982.4,9.7,55.5,1.69,247.6
2020-01-21 19:00:00,1019.2,9.5,58.3,2.74,167.5
2020-01-21 20:00:00,1022.6,9.4,95.5,0.91,40.8
2020-01-21 21:00:00,1020.7,9.1,98.1,1.19,6.6
2020-01-21 22:00:00,1028.4,9.5,96.0,4.17,225.5
2020-01-21 23:00:00,1000.5,9.7,75.0,3.81,222.7
2020-01-22 00:00:00,990.1,9.7,47.0,2.1,295.4
2020-01-22 01:00:00,1032.5,10.2,72.3,1.89,274.5
2020-01-22 02:00:00,993.7,9.8,71.2,1.84,315.9
2020-01-22 03:00:00,988.0,9.8,93.6,2.14,105.3
2020-01-22 04:00:00,1005.2,9.4,51.8,0.41,148.7
2020-01-22 05:00:00,1038.3,8.9,44.0,0.35,22.3
2020-01-22 06:00:00,985.7,9.3,48.6,0.03,148.1
2020-01-22 07:00:00,993.7,9.8,47.0,1.57,79.1
2020-01-22 08:00:00,1013.3,9.7,75.4,0.8,289.9
2020-01-22 09:00:00,1000.1,9.5,86.9,1.93,236.3
2020-01-22 10:00:00,1030.5,9.4,55.8,2.07,281.4
2020-01-22 11:00:00,1027.2,9.9,42.3,3.32,213.3
2020-01-22 12:00:00,1039.0,9.7,54.0,0.73,215.3
2020-01-22 13:00:00,994.3,10.2,68.3,1.05,84.7
2020-01-22 14:00:00,1025.4,10.2,76.5,0.89,241.1
2020-01-22 15:00:00,1034.2,10.1,68.5,0.71,51.8
2020-01-22 16:00:00,984.4,10.2,48.0,1.12,99.3
2020-01-22 17:00:00,982.6,10.7,94.3,0.29,64.8
2020-01-22 18:00:00,1019.1,10.8,60.6,1.44,341.8
2020-01-22 19:00:00,1021.1,10.7,62.1,2.34,323.3
2020-01-22 20:00:00,1007.5,10.9,97.7,0.25,314.9
2020-01-22 21:00:00,982.5,10.8,90.8,0.92,345.7
2020-01-22 22:00:00,1008.1,10.5,86.4,4.21,220.5
2020-01-22 23:00:00,1024.9,10.5,42.8,0.44,322.1
2020-01-23 00:00:00,1029.1,10.7,88.7,1.42,105.1
2020-01-23 01:00:00,1014.5,10.9,61.9,2.47,138.5
2020-01-23 02:00:00,1016.8,10.5,44.7,3.49,168.1
2020-01-23 03:00:00,1027.1,10.7,99.4,2.26,32.2
2020-01-23 04:00:00,1011.5,10.9,42.0,0.25,296.9
2020-01-23 05:00:00,998.4,10.9,94.5,0.4,42.9
2020-01-23 06:00:00,995.6,11.2,30.0,0.8,287.9
2020-01-23 07:00:00,1032.7,11.5,60.7,0.52,332.0
2020-01-23 08:00:00,1014.1,11.8,32.1,5.95,204.4
2020-01-23 09:00:00,1023.7,11.2,93.9,0.81,59.7
2020-01-23 10:00:00,1013.0,11.4,38.8,0.29,157.2
2020-01-23 11:00:00,1037.3,11.3,77.1,0.32,50.0
2020-01-23 12:00:00,1014.8,11.4,74.2,0.05,42.9
2020-01-23 13:00:00,1049.2,11.2,84.5,0.86,272.2
2020-01-23 14:00:00,997.0,11.4,82.3,1.76,141.5
2020-01-23 15:00:00,989.7,11.8,32.3,0.57,0.0
2020-01-23 16:00:00,1006.2,11.7,57.2,0.37,17.4
2020-01-23 17:00:00,1044.3,11.2,52.6,3.19,294.4
2020-01-23 18:00:00,1039.7,11.4,98.1,2.88,223.1
2020-01-23 19:00:00,997.3,11.4,84.2,4.53,304.0
2020-01-23 20:00:00,1022.0,10.9,79.6,0.69,98.5
2020-01-23 21:00:00,1021.2,10.9,61.0,1.17,113.2
2020-01-23 22:00:00,1000.5,11.1,92.4,4.35,222.1
2020-01-23 23:00:00,996.5,10.4,31.2,0.06,239.5
2020-01-24 00:00:00,1007.3,10.5,46.0,0.35,9.5
2020-01-24 01:00:00,1035.2,10.5,78.7,1.05,326.6
2020-01-24 02:00:00,993.4,10.6,65.6,2.17,287.7
2020-01-24 03:00:00,1011.2,10.5,67.4,1.02,47.5
2020-01-24 04:00:00,1013.7,10.6,59.1,1.64,3.7
2020-01-24 05:00:00,1045.7,10.5,41.7,0.55,276.9
2020-01-24 06:00:00,1001.2,10.4,41.6,1.71,325.0
2020-01-24 07:00:00,981.4,10.6,50.6,2.81,116.0
2020-01-24 08:00:00,1028.6,11.3,62.8,1.19,115.5
2020-01-24 09:00:00,1032.9,11.3,87.7,1.08,185.3
2020-01-24 10:00:00,1029.2,11.1,61.3,1.93,242.8
2020-01-24 11:00:00,1029.1,11.1,92.8,0.31,233.2
2020-01-24 12:00:00,1013.8,11.0,38.4,3.03,270.9
2020-01-24 13:00:00,981.3,10.8,49.0,0.41,41.0
2020-01-24 14:00:00,1031.1,10.7,34.9,3.32,187.1
2020-01-24 15:00:00,1045.6,10.4,65.7,3.55,182.3
2020-01-24 16:00:00,991.0,10.2,36.3,0.92,341.9
2020-01-24 17:00:00,984.8,10.2,85.7,0.18,330.6
2020-01-24 18:00:00,998.6,10.2,32.8,0.34,270.1
2020-01-24 19:00:00,1039.5,10.6,63.3,4.61,315.7
2020-01-24 20:00:00,987.4,9.9,59.4,1.66,268.4
2020-01-24 21:00:00,1030.1,9.9,44.2,1.69,259.4
2020-01-24 22:00:00,984.4,9.7,71.1,1.25,77.7
2020-01-24 23:00:00,982.3,9.4,57.0,0.42,222.2
2020-01-25 00:00:00,1042.4,9.1,43.9,2.18,329.8
2020-01-25 01:00:00,1033.9,8.6,87.9,4.32,270.1
2020-01-25 02:00:00,1021.9,8.5,76.2,4.52,217.7
2020-01-25 03:00:00,992.0,8.5,30.9,2.49,92.9
2020-01-25 04:00:00,999.5,8.1,65.1,0.86,244.3
2020-01-25 05:00:00,983.4,8.1,49.0,0.69,124.9
2020-01-25 06:00:00,1025.2,8.1,94.1,1.58,23.5
2020-01-25 07:00:00,1028.0,7.8,80.8,0.18,86.2
2020-01-25 08:00:00,1002.9,7.8,72.8,0.4,140.1
2020-01-25 09:00:00,1003.7,7.9,36.2,1.49,358.8
2020-01-25 10:00:00,1024.0,7.8,95.1,1.74,273.6
2020-01-25 11:00:00,1046.2,8.0,40.1,0.71,100.6
2020-01-25 12:00:00,1007.6,8.4,61.6,0.96,274.5
2020-01-25 13:00:00,1014.6,8.7,77.7,0.24,128.8
2020-01-25 14:00:00,1028.9,8.4,64.6,2.69,218.8
2020-01-25 15:00:00,1004.0,8.4,91.8,2.8,275.3
2020-01-25 16:00:00,1040.8,7.8,88.5,1.2,266.7
2020-01-25 17:00:00,1039.2,8.0,39.5,1.94,50.4
2020-01-25 18:00:00,1027.2,8.2,73.2,0.24,297.2
2020-01-25 19:00:00,1017.6,8.6,33.7,1.91,332.3
2020-01-25 20:00:00,1048.8,9.1,80.4,2.58,84.0
2020-01-25 21:00:00,1029.2,9.4,81.5,0.72,118.6
2020-01-25 22:00:00,1025.0,9.6,54.1,2.07,337.8
2020-01-25 23:00:00,1041.4,9.6,85.1,1.63,354.1
2020-01-26 00:00:00,1018.8,10.4,75.7,2.27,163.3
2020-01-26 01:00:00,997.0,10.5,65.3,1.07,12.4
2020-01-26 02:00:00,989.6,11.2,61.9,2.71,335.8
2020-01-26 03:00:00,1013.0,11.0,37.6,0.01,9.1
2020-01-26 04:00:00,1016.1,10.9,67.2,0.92,118.9
2020-01-26 05:00:00,1037.9,11.1,40.9,4.08,32.3
2020-01-26 06:00:00,989.8,10.2,75.9,0.63,184.2
2020-01-26 07:00:00,1027.7,10.2,71.6,0.56,13.5
2020-01-26 08:00:00,1001.3,10.5,50.3,0.19,81.1
2020-01-26 09:00:00,1045.7,10.4,47.3,1.58,165.2
2020-01-26 10:00:00,1012.9,10.4,63.3,1.27,26.7
2020-01-26 11:00:00,1023.6,9.9,65.9,2.29,173.0
2020-01-26 12:00:00,1025.5,9.8,85.9,0.92,95.4
2020-01-26 13:00:00,986.4,9.6,51.3,0.05,96.1
2020-01-26 14:00:00,1039.7,9.8,58.2,1.98,337.3
2020-01-26 15:00:00,991.5,10.0,54.0,1.11,248.5
2020-01-26 16:00:00,1007.8,9.8,57.6,1.52,334.6
2020-01-26 17:00:00,1027.1,9.5,69.7,0.53,207.2
2020-01-26 18:00:00,983.9,10.0,69.0,1.63,326.6
2020-01-26 19:00:00,1020.6,9.6,55.3,1.85,301.5
2020-01-26 20:00:00,1008.7,9.8,72.2,5.24,359.2
2020-01-26 21:00:00,984.5,9.8,73.1,0.01,181.1
2020-01-26 22:00:00,1030.8,10.2,66.9,0.62,250.6
2020-01-26 23:00:00,1015.1,10.2,61.7,1.26,57.8
2020-01-27 00:00:00,1001.2,10.1,35.5,1.23,338.2
2020-01-27 01:00:00,985.9,9.7,67.9,0.26,143.5
2020-01-27 02:00:00,1018.3,9.4,79.9,1.69,330.0
2020-01-27 03:00:00,1001.4,9.0,45.1,1.75,36.3
2020-01-27 04:00:00,1046.3,9.0,84.4,2.51,185.5
2020-01-27 05:00:00,1021.4,9.2,71.1,1.76,0.5
2020-01-27 06:00:00,1000.0,8.9,46.6,2.65,149.8
2020-01-27 07:00:00,1017.0,8.6,41.4,2.85,29.9
2020-01-27 08:00:00,1017.8,8.7,47.2,0.72,161.7
2020-01-27 09:00:00,1030.9,9.1,83.1,1.83,200.1
2020-01-27 10:00:00,1043.2,9.3,47.5,0.27,306.8
2020-01-27 11:00:00,1047.4,9.3,77.8,1.58,106.4
2020-01-27 12:00:00,1030.3,9.0,68.2,2.79,204.1
2020-01-27 13:00:00,1018.2,9.0,68.3,0.71,23.9
2020-01-27 14:00:00,995.7,9.3,89.7,3.71,328.9
2020-01-27 15:00:00,1008.2,9.5,91.2,1.72,162.6
2020-01-27 16:00:00,1014.2,9.5,67.6,1.81,90.9
2020-01-27 17:00:00,989.0,9.9,34.6,3.46,166.8
2020-01-27 18:00:00,997.9,10.3,41.3,0.14,173.3
2020-01-27 19:00:00,1048.9,10.6,96.4,1.69,267.6
2020-01-27 20:00:00,1033.0,10.0,39.4,0.63,350.8
2020-01-27 21:00:00,1013.7,10.3,88.5,1.58,67.0
2020-01-27 22:00:00,995.8,10.2,67.8,1.26,19.6
2020-01-27 23:00:00,1020.1,10.3,38.0,0.4,236.1
2020-01-28 00:00:00,996.2,10.2,94.4,0.9,318.4
2020-01-28 01:00:00,993.5,10.0,95.0,1.5,203.4
2020-01-28 02:00:00,986.6,9.3,73.1,1.12,28.8
2020-01-28 03:00:00,1004.2,9.3,57.2,1.16,151.8
2020-01-28 04:00:00,1017.9,9.0,72.5,0.55,235.7
2020-01-28 05:00:00,991.2,9.1,73.9,4.44,118.1
2020-01-28 06:00:00,994.0,9.0,73.5,1.53,304.2
2020-01-28 07:00:00,1007.4,9.3,81.3,1.6,80.9
2020-01-28 08:00:00,1014.3,9.9,34.7,4.31,131.2
2020-01-28 09:00:00,1033.4,9.8,37.2,0.69,329.9
2020-01-28 10:00:00,1019.7,9.7,49.8,2.76,206.5
2020-01-28 11:00:00,1023.2,9.4,54.5,2.21,2.2
2020-01-28 12:00:00,1028.7,9.6,74.7,2.26,87.8
2020-01-28 13:00:00,1011.6,9.4,42.0,1.43,271.2
2020-01-28 14:00:00,1004.0,9.4,67.9,0.75,18.7
2020-01-28 15:00:00,1036.0,9.1,43.0,2.1,357.5
2020-01-28 16:00:00,1038.0,9.1,54.9,1.41,323.2
2020-01-28 17:00:00,990.8,9.6,95.5,1.31,80.6
2020-01-28 18:00:00,1046.7,9.4,92.7,1.41,322.4
2020-01-28 19:00:00,1045.1,9.4,96.7,1.66,251.8
2020-01-28 20:00:00,1041.0,9.6,71.4,1.01,153.1
2020-01-28 21:00:00,1009.6,10.0,65.1,1.0,70.6
2020-01-28 22:00:00,1039.0,10.3,89.4,2.84,72.1
2020-01-28 23:00:00,1024.0,10.5,35.6,0.83,213.9
2020-01-29 00:00:00,994.4,10.6,98.5,2.44,149.8
2020-01-29 01:00:00,1034.2,11.5,62.4,0.28,214.3
2020-01-29 02:00:00,1008.4,11.7,77.3,4.08,118.9
2020-01-29 03:00:00,1000.5,11.8,81.0,2.66,82.8
2020-01-29 04:00:00,1041.5,12.2,74.0,1.79,301.2
2020-01-29 05:00:00,1040.4,12.3,92.4,0.91,331.2
2020-01-29 06:00:00,1040.5,13.1,50.2,0.79,253.9
2020-01-29 07:00:00,1040.2,12.9,67.3,2.98,58.2
2020-01-29 08:00:00,1018.8,12.9,60.1,3.08,33.2
2020-01-29 09:00:00,1023.2,12.5,79.3,1.31,194.1
2020-01-29 10:00:00,1046.4,12.5,57.7,0.15,198.1
2020-01-29 11:00:00,989.1,12.1,92.5,1.12,230.1
2020-01-29 12:00:00,1036.4,12.2,64.3,2.26,326.2
2020-01-29 13:00:00,1016.8,12.0,67.5,3.05,232.8
2020-01-29 14:00:00,1048.5,12.2,64.5,0.4,329.8
2020-01-29 15:00:00,1024.7,12.1,73.6,0.76,42.4
2020-01-29 16:00:00,991.4,12.3,65.7,1.01,255.3
2020-01-29 17:00:00,1037.1,12.2,95.6,0.65,333.9
2020-01-29 18:00:00,1027.1,12.6,39.2,4.77,166.6
2020-01-29 19:00:00,990.4,12.5,30.9,2.32,348.3
2020-01-29 20:00:00,980.6,12.4,66.5,1.14,198.9
2020-01-29 21:00:00,1018.1,11.9,83.5,2.01,339.5
2020-01-29 22:00:00,996.9,11.5,75.4,0.71,269.5
2020-01-29 23:00:00,1040.7,11.7,97.4,0.66,164.8
2020-01-30 00:00:00,997.6,11.3,42.8,1.35,12.3
2020-01-30 01:00:00,1026.4,11.6,78.6,3.98,236.7
2020-01-30 02:00:00,1004.2,11.4,87.1,3.96,91.5
2020-01-30 03:00:00,1004.5,11.4,93.8,1.42,103.9
2020-01-30 04:00:00,992.7,11.6,67.0,3.89,7.1
2020-01-30 05:00:00,1015.2,11.9,55.4,2.32,200.8
2020-01-30 06:00:00,1020.5,11.5,96.9,0.83,104.1
2020-01-30 07:00:00,1020.7,11.1,85.4,0.66,353.7
2020-01-30 08:00:00,1040.0,11.0,63.0,3.22,269.6
2020-01-30 09:00:00,1025.7,11.4,75.6,0.06,128.7
2020-01-30 10:00:00,1031.8,11.4,49.5,4.1,106.0
2020-01-30 11:00:00,1002.6,11.7,73.0,1.7,257.4
2020-01-30 12:00:00,1009.4,11.2,67.8,0.7,91.5
2020-01-30 13:00:00,981.3,11.1,32.7,2.26,161.3
2020-01-30 14:00:00,985.5,11.1,90.6,2.02,57.7
2020-01-30 15:00:00,1007.0,10.8,64.3,1.33,91.5
2020-01-30 16:00:00,994.7,10.4,63.6,5.14,35.4
2020-01-30 17:00:00,1036.9,10.2,49.8,0.95,153.8
2020-01-30 18:00:00,1027.4,10.1,43.7,1.28,333.6
2020-01-30 19:00:00,1047.9,9.7,50.4,1.31,36.3
2020-01-30 20:00:00,1042.1,10.1,75.5,0.39,157.4
2020-01-30 21:00:00,1048.4,10.1,36.8,0.93,107.4
2020-01-30 22:00:00,1005.6,10.2,53.3,3.11,130.7
2020-01-30 23:00:00,1013.9,10.3,98.5,3.06,277.7
2020-01-31 00:00:00,1006.1,10.8,49.0,0.57,156.6
2020-01-31 01:00:00,1047.5,11.4,97.7,1.3,234.1
2020-01-31 02:00:00,1008.2,11.3,37.3,0.78,350.0
2020-01-31 03:00:00,988.2,11.5,85.6,2.05,221.9
2020-01-31 04:00:00,997.5,11.4,60.8,2.69,121.5
2020-01-31 05:00:00,1009.7,11.6,43.6,2.25,143.2
2020-01-31 06:00:00,1022.2,12.1,85.1,5.18,250.5
2020-01-31 07:00:00,1023.3,12.1,30.5,0.98,250.0
2020-01-31 08:00:00,1033.1,12.4,54.3,1.54,132.5
2020-01-31 09:00:00,1025.4,12.3,72.3,1.85,260.8
2020-01-31 10:00:00,1014.4,12.6,46.2,0.72,198.2
2020-01-31 11:00:00,982.1,12.3,53.3,0.09,353.0
2020-01-31 12:00:00,1028.7,12.0,36.4,0.59,326.9
2020-01-31 13:00:00,986.0,12.2,89.7,1.59,296.6
2020-01-31 14:00:00,1012.8,12.5,59.6,1.27,12.4
2020-01-31 15:00:00,1042.7,12.7,40.2,2.76,137.0
2020-01-31 16:00:00,1021.8,13.1,43.9,1.43,206.4
2020-01-31 17:00:00,993.9,12.8,49.3,1.65,187.8
2020-01-31 18:00:00,1036.6,12.8,46.1,1.14,274.9
2020-01-31 19:00:00,1001.0,12.3,65.2,1.07,327.3
2020-01-31 20:00:00,1020.4,11.9,93.4,3.68,283.4
2020-01-31 21:00:00,1024.5,12.4,42.9,0.28,79.3
2020-01-31 22:00:00,1031.2,12.3,61.7,1.58,174.8
2020-01-31 23:00:00,984.5,12.8,76.5,1.01,141.7
2020-02-01 00:00:00,1039.8,12.9,42.9,0.78,275.8
2020-02-01 01:00:00,988.0,12.8,40.8,0.57,322.2
2020-02-01 02:00:00,986.6,12.7,40.9,1.39,103.3
2020-02-01 03:00:00,1012.0,13.0,91.7,1.49,176.0
2020-02-01 04:00:00,1006.1,13.0,79.8,0.34,263.5
2020-02-01 05:00:00,983.8,13.0,53.5,0.41,18.0
2020-02-01 06:00:00,991.6,13.1,93.2,1.22,346.7
2020-02-01 07:00:00,1010.7,12.7,96.7,0.34,288.0
2020-02-01 08:00:00,1038.0,12.7,57.9,2.24,195.4
2020-02-01 09:00:00,988.5,12.7,65.7,0.33,280.3
2020-02-01 10:00:00,987.3,12.9,55.1,3.79,301.1
2020-02-01 11:00:00,1036.3,13.2,45.9,2.16,177.8
2020-02-01 12:00:00,1014.5,13.1,84.6,3.11,158.4
2020-02-01 13:00:00,1005.2,13.2,75.4,3.11,301.6
2020-02-01 14:00:00,1012.3,12.8,55.7,0.86,309.5
2020-02-01 15:00:00,1008.8,13.4,31.0,1.18,44.5
2020-02-01 16:00:00,1034.7,13.9,83.5,0.88,326.8
2020-02-01 17:00:00,980.7,13.8,63.4,1.09,99.6
2020-02-01 18:00:00,1010.3,13.8,35.1,0.38,240.2
2020-02-01 19:00:00,991.1,13.2,38.7,2.3,255.4
2020-02-01 20:00:00,1001.6,13.4,74.0,1.54,100.7
2020-02-01 21:00:00,987.9,13.2,68.2,1.67,109.5
2020-02-01 22:00:00,1009.9,12.7,46.8,4.68,254.3
2020-02-01 23:00:00,1025.0,12.8,39.8,1.57,63.0
2020-02-02 00:00:00,1026.3,12.5,91.9,3.24,309.0
2020-02-02 01:00:00,1035.8,12.2,39.4,3.39,80.2
2020-02-02 02:00:00,1037.1,12.4,36.0,1.56,126.4
2020-02-02 03:00:00,1021.8,12.9,73.4,0.91,96.0
2020-02-02 04:00:00,1004.7,13.0,47.7,1.11,88.3
2020-02-02 05:00:00,983.6,13.4,76.0,0.13,352.4
2020-02-02 06:00:00,982.5,13.3,64.2,0.32,91.2
2020-02-02 07:00:00,987.9,13.4,44.8,1.79,208.2
2020-02-02 08:00:00,1048.9,13.5,34.9,1.19,268.3
2020-02-02 09:00:00,1035.0,13.7,34.9,1.0,15.1
2020-02-02 10:00:00,1008.3,13.4,71.0,1.44,317.4
2020-02-02 11:00:00,1012.6,12.6,83.1,2.66,55.0
2020-02-02 12:00:00,1031.6,13.1,78.3,0.77,211.7
2020-02-02 13:00:00,1016.0,13.0,71.5,1.29,230.8
2020-02-02 14:00:00,1005.2,12.4,44.8,2.08,226.6
2020-02-02 15:00:00,1004.5,12.4,90.3,1.84,264.0
2020-02-02 16:00:00,994.7,12.5,74.0,0.56,335.2
2020-02-02 17:00:00,1042.0,12.6,78.6,3.43,333.7
2020-02-02 18:00:00,1009.0,12.6,45.7,4.12,208.1
2020-02-02 19:00:00,1032.7,12.7,48.3,0.49,133.2
2020-02-02 20:00:00,1020.2,12.6,93.5,1.82,115.7
2020-02-02 21:00:00,1032.8,12.6,63.3,0.79,319.2
2020-02-02 22:00:00,1002.5,12.6,68.8,0.99,307.1
2020-02-02 23:00:00,1032.6,12.6,37.8,0.21,106.5
2020-02-03 00:00:00,1035.3,12.7,57.6,0.35,54.8
2020-02-03 01:00:00,987.3,12.9,92.1,4.73,310.0
2020-02-03 02:00:00,986.4,12.8,93.0,0.79,219.0
2020-02-03 03:00:00,1049.0,13.0,81.1,1.35,112.7
2020-02-03 04:00:00,988.3,13.1,68.2,0.04,219.8
2020-02-03 05:00:00,1027.9,13.5,95.2,0.16,23.8
2020-02-03 06:00:00,1032.3,13.5,91.0,1.36,68.4
2020-02-03 07:00:00,984.4,13.8,89.2,0.07,196.5
2020-02-03 08:00:00,1032.3,13.2,91.7,2.8,194.1
2020-02-03 09:00:00,1009.4,12.9,61.7,1.65,88.8
2020-02-03 10:00:00,999.2,13.2,66.8,2.43,353.6
2020-02-03 11:00:00,1026.6,13.3,59.7,2.34,148.5
2020-02-03 12:00:00,1038.3,13.0,81.8,4.17,255.1
2020-02-03 13:00:00,1020.1,13.0,71.4,3.49,93.0
2020-02-03 14:00:00,1040.9,13.4,34.9,2.16,152.8
2020-02-03 15:00:00,981.6,13.0,39.6,1.33,299.2
2020-02-03 16:00:00,1031.7,13.1,43.5,1.79,305.5
2020-02-03 17:00:00,991.9,13.7,76.9,1.78,48.7
2020-02-03 18:00:00,1000.0,13.5,37.7,1.71,127.7
2020-02-03 19:00:00,1020.1,13.2,67.9,1.43,73.1
2020-02-03 20:00:00,999.2,12.5,88.9,0.68,320.5
2020-02-03 21:00:00,991.8,12.4,96.3,1.38,271.4
2020-02-03 22:00:00,1042.0,12.6,60.0,3.76,202.8
2020-02-03 23:00:00,1043.5,12.5,67.3,2.82,234.0
2020-02-04 00:00:00,982.5,13.3,88.2,0.18,329.1
2020-02-04 01:00:00,1015.0,14.3,95.5,2.1,109.2
2020-02-04 02:00:00,994.3,14.8,57.3,0.63,4.9
2020-02-04 03:00:00,1040.4,14.6,54.7,0.21,9.5
2020-02-04 04:00:00,1012.4,14.7,61.6,1.84,16.8
2020-02-04 05:00:00,1013.5,14.5,47.8,1.8,46.3
2020-02-04 06:00:00,1023.9,14.3,90.2,2.22,205.5
2020-02-04 07:00:00,983.9,14.4,52.3,0.42,353.2
2020-02-04 08:00:00,988.9,14.1,61.5,1.29,151.2
2020-02-04 09:00:00,1014.9,13.6,52.4,0.76,256.5
2020-02-04 10:00:00,1047.7,13.1,38.3,0.73,285.2
2020-02-04 11:00:00,1039.1,13.2,72.5,3.35,288.5
2020-02-04 12:00:00,1042.3,13.8,71.1,1.88,159.6
2020-02-04 13:00:00,989.6,14.1,50.6,0.73,198.0
2020-02-04 14:00:00,1047.1,14.0,32.2,0.31,118.4
2020-02-04 15:00:00,1031.1,14.3,95.6,1.12,247.6
2020-02-04 16:00:00,1002.8,14.2,54.9,2.49,137.8
2020-02-04 17:00:00,1040.5,14.6,67.7,0.4,112.0
2020-02-04 18:00:00,1032.3,14.8,40.1,2.18,225.8
2020-02-04 19:00:00,1031.6,14.1,47.6,0.5,122.9
2020-02-04 20:00:00,1031.4,13.9,60.5,0.14,146.9
2020-02-04 21:00:00,1036.1,14.1,69.4,3.66,255.9
2020-02-04 22:00:00,1046.4,14.3,89.8,0.95,307.2
2020-02-04 23:00:00,989.6,14.2,50.3,1.32,156.5
2020-02-05 00:00:00,1050.0,13.5,91.0,0.19,188.0
2020-02-05 01:00:00,1041.1,13.6,62.1,1.67,268.7
2020-02-05 02:00:00,1010.9,13.2,60.3,0.42,81.0
2020-02-05 03:00:00,991.0,12.9,57.7,2.05,149.4
2020-02-05 04:00:00,1011.8,13.3,92.0,0.43,292.1
2020-02-05 05:00:00,1034.5,13.2,47.6,1.59,322.0
2020-02-05 06:00:00,1022.2,13.0,90.0,0.86,232.2
2020-02-05 07:00:00,999.6,12.9,36.2,3.79,141.6
2020-02-05 08:00:00,1008.5,13.2,96.9,1.03,218.1
2020-02-05 09:00:00,1046.8,13.1,65.2,1.05,64.4
2020-02-05 10:00:00,1036.3,13.6,99.9,0.27,10.5
2020-02-05 11:00:00,988.7,13.3,72.6,1.88,26.9
2020-02-05 12:00:00,1018.2,13.0,38.2,0.47,38.9
2020-02-05 13:00:00,1045.2,13.1,34.3,1.3,81.2
2020-02-05 14:00:00,982.4,12.9,43.5,0.67,166.2
2020-02-05 15:00:00,983.0,13.1,59.5,0.67,83.6
2020-02-05 16:00:00,1030.2,13.7,82.3,2.04,210.6
2020-02-05 17:00:00,1020.3,13.4,30.1,1.74,359.4
2020-02-05 18:00:00,983.2,13.5,48.0,0.54,179.3
2020-02-05 19:00:00,1049.7,13.7,71.1,2.43,272.5
2020-02-05 20:00:00,1020.6,13.5,50.9,0.46,105.3
2020-02-05 21:00:00,1014.4,13.6,55.0,5.0,346.6
2020-02-05 22:00:00,1011.3,12.9,51.1,0.38,89.7
2020-02-05 23:00:00,1029.0,12.9,96.7,0.62,214.8
2020-02-06 00:00:00,1012.1,12.6,34.6,1.52,354.0
2020-02-06 01:00:00,1026.1,12.3,93.5,2.16,291.0
2020-02-06 02:00:00,1014.2,12.2,52.6,1.95,357.1
2020-02-06 03:00:00,1022.8,12.1,47.3,4.04,136.7
2020-02-06 04:00:00,1036.4,11.7,91.8,0.73,27.9
2020-02-06 05:00:00,1037.2,12.2,50.1,2.83,87.7
2020-02-06 06:00:00,1039.4,12.2,99.1,0.04,344.7
2020-02-06 07:00:00,994.2,12.3,68.4,2.06,133.4
2020-02-06 08:00:00,984.3,12.2,63.3,0.85,44.9
2020-02-06 09:00:00,1038.5,12.1,98.4,2.75,213.5
2020-02-06 10:00:00,983.0,11.5,45.9,1.3,180.2
2020-02-06 11:00:00,994.9,11.2,93.6,0.06,22.5
2020-02-06 12:00:00,1016.8,11.6,71.4,0.43,163.1
2020-02-06 13:00:00,1039.9,11.8,82.8,3.7,227.8
2020-02-06 14:00:00,1042.8,11.7,70.7,0.04,83.8
2020-02-06 15:00:00,1024.0,11.8,73.3,1.4,44.8
2020-02-06 16:00:00,1047.7,11.3,40.8,3.46,311.3
2020-02-06 17:00:00,1031.1,11.1,40.6,1.39,225.2
2020-02-06 18:00:00,1016.9,11.1,57.8,1.51,55.9
2020-02-06 19:00:00,989.4,11.4,54.2,3.81,226.5
2020-02-06 20:00:00,1010.0,11.1,79.8,1.34,264.7
2020-02-06 21:00:00,1037.6,11.2,80.6,1.01,215.1
2020-02-06 22:00:00,999.9,11.1,69.5,0.05,41.8
2020-02-06 23:00:00,1020.5,11.2,58.1,1.99,44.9
2020-02-07 00:00:00,1048.8,11.3,77.4,0.5,16.3
2020-02-07 01:00:00,992.2,11.3,78.1,1.26,84.2
2020-02-07 02:00:00,987.1,11.4,86.6,3.53,21.5
2020-02-07 03:00:00,1035.7,11.2,86.8,0.7,289.9
2020-02-07 04:00:00,981.7,11.0,34.9,0.92,5.5
2020-02-07 05:00:00,1025.0,10.5,56.2,0.34,209.2
2020-02-07 06:00:00,1003.5,10.8,59.4,0.39,291.5
2020-02-07 07:00:00,1030.7,10.7,89.3,1.56,322.2
2020-02-07 08:00:00,988.4,10.4,65.1,0.1,147.4
2020-02-07 09:00:00,1003.1,10.2,64.2,0.29,223.5
2020-02-07 10:00:00,981.2,10.7,68.8,0.73,342.4
2020-02-07 11:00:00,996.5,10.6,38.9,0.59,241.8
2020-02-07 12:00:00,1013.8,10.7,69.6,0.67,324.4
2020-02-07 13:00:00,992.4,10.5,68.6,1.25,246.3
2020-02-07 14:00:00,1022.0,10.2,82.8,1.44,24.5
2020-02-07 15:00:00,988.3,10.2,74.4,0.42,70.9
2020-02-07 16:00:00,1032.2,10.5,96.9,1.79,338.6
2020-02-07 17:00:00,1044.5,11.0,35.6,1.26,303.9
2020-02-07 18:00:00,1007.0,11.4,84.0,2.94,152.2
2020-02-07 19:00:00,1017.0,11.6,82.6,1.1,58.0
2020-02-07 20:00:00,1014.2,11.8,48.9,0.63,56.6
2020-02-07 21:00:00,1035.0,11.5,78.9,2.05,325.8
2020-02-07 22:00:00,1049.6,11.5,76.2,2.47,59.8
2020-02-07 23:00:00,1031.5,11.8,50.9,0.6,139.1
2020-02-08 00:00:00,995.0,12.2,80.7,5.66,324.3
2020-02-08 01:00:00,1028.7,12.2,95.1,1.76,12.0
2020-02-08 02:00:00,1023.1,12.1,51.4,0.65,227.1
2020-02-08 03:00:00,994.7,11.8,98.6,0.44,126.2
2020-02-08 04:00:00,996.9,11.8,45.7,2.24,38.8
2020-02-08 05:00:00,1025.7,12.2,39.4,1.5,204.3
2020-02-08 06:00:00,1036.5,12.0,35.4,0.06,174.6
2020-02-08 07:00:00,1033.4,12.2,45.0,3.22,35.7
2020-02-08 08:00:00,1022.4,12.6,54.0,0.96,96.2
2020-02-08 09:00:00,1045.6,12.5,81.3,2.24,266.5
2020-02-08 10:00:00,1031.2,12.4,35.0,1.67,272.1
2020-02-08 11:00:00,1017.9,12.8,65.5,0.69,215.5
2020-02-08 12:00:00,1037.1,12.9,66.3,3.58,39.8
2020-02-08 13:00:00,1000.3,13.4,46.0,3.23,307.1
2020-02-08 14:00:00,998.4,13.4,33.2,2.06,62.2
2020-02-08 15:00:00,1048.0,13.8,45.8,0.57,259.5
2020-02-08 16:00:00,1046.5,13.4,46.1,2.56,15.3
2020-02-08 17:00:00,1041.6,13.7,78.2,2.92,119.5
2020-02-08 18:00:00,995.0,13.5,46.4,2.4,172.2
2020-02-08 19:00:00,1021.1,13.2,53.8,1.38,10.1
2020-02-08 20:00:00,1017.5,13.0,33.3,0.73,61.8
2020-02-08 21:00:00,994.2,13.0,73.7,0.5,114.8
2020-02-08 22:00:00,1011.3,13.2,63.2,0.19,353.7
2020-02-08 23:00:00,1012.6,13.1,54.1,1.11,280.6
2020-02-09 00:00:00,996.8,12.6,79.2,2.62,302.7
2020-02-09 01:00:00,1046.8,12.5,77.7,1.26,240.3
2020-02-09 02:00:00,1014.5,12.5,53.0,3.34,105.3
2020-02-09 03:00:00,1016.7,12.7,79.7,1.6,255.4
2020-02-09 04:00:00,1021.9,13.0,54.4,1.21,242.5
2020-02-09 05:00:00,1042.1,12.7,45.5,1.67,219.6
2020-02-09 06:00:00,1017.3,12.5,80.4,1.72,107.4
2020-02-09 07:00:00,1017.9,12.3,81.0,1.39,94.8
2020-02-09 08:00:00,996.8,12.0,90.6,0.65,121.1
2020-02-09 09:00:00,1022.2,11.5,65.1,3.04,112.5
2020-02-09 10:00:00,1006.7,11.7,46.3,1.5,28.0
2020-02-09 11:00:00,1025.3,12.4,88.6,3.51,288.8
2020-02-09 12:00:00,1001.1,12.7,42.2,0.1,132.9
2020-02-09 13:00:00,1030.1,13.0,95.7,0.67,254.4
2020-02-09 14:00:00,1023.3,13.1,51.5,2.99,100.8
2020-02-09 15:00:00,1013.2,12.7,31.3,2.94,216.7
2020-02-09 16:00:00,986.8,12.6,43.1,2.77,12.5
2020-02-09 17:00:00,1023.9,12.8,59.0,0.21,38.2
2020-02-09 18:00:00,1040.1,12.5,33.9,2.62,131.2
2020-02-09 19:00:00,992.0,12.3,58.7,1.75,96.7
2020-02-09 20:00:00,985.9,11.9,44.2,0.07,127.2
2020-02-09 21:00:00,982.8,11.8,31.3,0.98,335.0
2020-02-09 22:00:00,982.2,12.4,50.9,1.6,26.6
2020-02-09 23:00:00,1038.9,12.9,45.8,1.15,166.6
2020-02-10 00:00:00,1030.9,12.9,59.4,0.6,71.4
2020-02-10 01:00:00,994.2,13.4,83.1,1.27,128.1
2020-02-10 02:00:00,1044.2,13.6,65.7,1.57,243.7
2020-02-10 03:00:00,989.5,13.5,83.8,1.93,350.3
2020-02-10 04:00:00,1006.2,13.1,53.6,3.25,250.1
2020-02-10 05:00:00,1011.6,13.0,30.9,1.71,318.5
2020-02-10 06:00:00,985.3,12.9,94.6,2.49,53.0
2020-02-10 07:00:00,1004.3,12.8,52.0,5.19,65.3
2020-02-10 08:00:00,987.1,12.8,66.9,6.26,315.6
2020-02-10 09:00:00,1035.3,12.5,62.8,3.52,218.7
2020-02-10 10:00:00,983.3,12.1,70.8,2.07,285.2
2020-02-10 11:00:00,981.2,11.7,91.9,0.38,80.2
2020-02-10 12:00:00,1031.3,11.8,90.7,1.29,125.5
2020-02-10 13:00:00,1034.7,11.5,98.7,0.93,29.2
2020-02-10 14:00:00,1014.7,11.6,67.0,0.34,322.4
2020-02-10 15:00:00,1002.3,11.6,94.6,2.65,344.3
2020-02-10 16:00:00,996.6,11.7,63.8,1.0,308.7
2020-02-10 17:00:00,988.2,11.6,33.1,0.45,157.4
2020-02-10 18:00:00,1013.9,11.3,40.2,0.15,122.8
2020-02-10 19:00:00,1014.4,11.8,53.4,0.96,166.5
2020-02-10 20:00:00,1011.9,11.6,80.8,1.1,229.5
2020-02-10 21:00:00,1034.5,12.2,35.7,1.72,155.3
2020-02-10 22:00:00,987.0,11.8,55.3,5.6,151.8
2020-02-10 23:00:00,1026.9,11.5,98.8,0.93,155.2
2020-02-11 00:00:00,1008.1,10.9,85.0,0.5,268.0
2020-02-11 01:00:00,996.9,11.0,70.0,0.99,283.2
2020-02-11 02:00:00,1027.7,11.1,34.3,1.23,313.4
2020-02-11 03:00:00,993.8,10.7,31.0,0.58,87.5
2020-02-11 04:00:00,996.2,10.7,37.4,0.54,56.7
2020-02-11 05:00:00,1049.9,10.6,52.9,1.33,124.2
2020-02-11 06:00:00,1042.2,10.0,72.4,0.33,151.4
2020-02-11 07:00:00,1028.8,9.9,43.8,2.4,252.7
2020-02-11 08:00:00,1002.1,10.2,33.6,3.92,272.9
2020-02-11 09:00:00,1017.6,10.7,36.4,2.44,354.3
2020-02-11 10:00:00,988.9,10.1,59.9,0.4,136.2
2020-02-11 11:00:00,1003.4,10.5,84.1,0.68,144.9
2020-02-11 12:00:00,984.8,10.7,87.5,0.76,195.1
2020-02-11 13:00:00,1022.7,10.6,50.4,0.93,295.3
2020-02-11 14:00:00,1040.0,10.1,76.4,4.03,237.9
2020-02-11 15:00:00,1036.7,10.2,57.5,2.68,206.2
