ch_0,ch_1,ch_2,ch_3,ch_4,ch_5,ch_6,ch_7,ch_8,activity
-0.23414166706855907,1.5625332158305147,0.3025935653509062,0.3381500633271779,0.30976764546163255,-0.3198064919497573,0.3951129120231814,0.8736323395158633,-1.1086339661341016,sit
-1.7681664048984878,1.130525069447847,0.24189839605365127,0.3625819636899356,-1.248046933704042,-0.41534330439041645,-0.05093661064964843,-1.3260445386653068,0.1299010603620695,walk
0.554512108705983,0.12296971011006311,0.572102369104588,1.5992408193137682,1.4631948767950507,-1.002166399594564,-1.3753580981501115,-0.8318572343760032,0.0281900046571611,run
-0.7399365116321275,1.5808923659935399,-0.5918509918773768,-0.5225633395056823,0.9936166741398796,-0.01726152517541653,-0.6958623341565863,-0.5837494121381451,-1.629720151477274,walk
-0.47497389698626463,-1.4241052588067278,-1.2872189576631479,0.5776657856296639,0.7377904625463693,2.540712843543602,1.3804889310668629,1.050158176023037,-0.47023441655372894,sit
0.15067675361569915,1.4475921743762465,-0.1441005731014557,0.9576444013390581,0.6451211721014046,1.3514561675309071,0.9919146936212164,-1.0088465968978486,0.9734181788802753,climb
-0.43792169138486975,0.09935959626561679,-0.5172096336366468,1.5561263053976473,0.010551547330703934,0.6471255793597621,-0.7139379756026166,-0.217904076520516,-1.472060721387251,walk
-0.10284494494982413,0.31051302159419586,-0.12995120441067898,-0.9394712132534094,-1.06361793174057,1.7357974668458176,-0.12960881546382325,-1.03272542898717,-0.5793184249262922,stand
-0.41970343370218477,0.1453546024244732,1.2230854359721846,0.5721852636447612,-0.7745893913500185,2.03947235498838,1.1489373687465319,2.506824975294451,-0.5691793021095368,walk
-2.234270028864234,0.9239594334900997,0.8639415633334264,1.0349597662271919,-1.3829765140547952,-1.4869093586518562,0.3897505732436942,-0.8136630195398357,1.492933527295227,run
1.6116694573304398,-1.3056043258225056,0.8187242799932031,-0.7991004282726831,0.38763025489677044,0.285735592223124,0.9131869465668728,0.2958800315886794,0.3682811990042108,walk
-0.905428622982782,0.9076664838770822,0.4608869414483008,-0.23852371613423431,-0.15702796842557212,0.535087985454058,-1.3791897512657851,-0.1264855027223534,0.39830434163067163,run
1.1772596870881895,-2.012196714477627,-1.161867583658526,-0.0028945734379651274,0.7408743832463472,-0.1412599877467387,0.7248389623656276,-0.5164875924972089,1.1400645590287066,sit
-0.5794532666829246,1.1255584874195448,1.2772619505303666,0.43530939681869935,0.13808498720022466,2.4038226627799184,1.08836268941092,0.7808318396287885,-0.9679366592348936,run
1.1472079493912364,-0.13377617308066853,2.1058307497582067,-0.32502674891276917,0.2462689071784131,-0.20302449700939362,0.06859277985121551,-0.01757626862076873,-1.786821343466252,climb
-0.6429956546481771,-0.7200141536603449,0.3989974915401135,0.4120484363649216,-0.8920382588296266,0.7771936455136346,0.10913447655562647,0.5370636189254057,0.43244008261478806,stand
-1.2031676140049807,-0.03620336711070982,0.7425576430899143,0.25302205403617484,0.2681246248157644,0.10433009383478185,-0.7469065852535397,0.5868068772577706,-1.0925320130717942,climb
-0.4071028496467523,-1.3314070126246798,0.42553111051138975,0.18575446939829104,0.796835555494827,-0.03492057989564078,-0.4276966424678554,0.20085444856083215,1.4597762143955915,stand
1.748033661608439,0.3162887951337421,2.028762350173312,0.8112491043126211,0.16562604263280692,-0.5465268395661613,0.6965190603228268,-0.6619610354008236,-1.4365734418936744,run
-0.3135320920741015,-0.07781884834468335,-0.14473222969151936,0.384785901721797,0.8658388751397514,-1.9748277911050884,-0.554889309737663,-0.8932311331978127,-1.707458076804959,climb
0.032552651985692,-0.10692854800026708,0.6705742744101871,-2.00875616596954,-2.4353411674741503,0.12595767513563466,0.7274532901601108,0.26160913033674976,-0.9768515660130739,climb
-0.8755012631043569,-0.5233991829642067,-0.5162905940358786,0.9013316771745625,-1.0206481472449518,0.8690993133375756,-0.2042745313902286,-0.563630569783479,0.7023688100386029,climb
-1.3691524582572354,0.10817604950974835,-0.4569657297243175,0.01606477258481907,0.003188995762742634,-0.3134248030503552,-0.18014534997135784,-2.2939324027600123,1.3270133225119143,walk
0.13029926575212625,0.7057219944187418,0.4615663743189606,0.5133474969522698,-0.10940560550474104,1.9502119053223426,0.28901331590329943,-1.4852933972919187,-0.007442252958699921,run
0.28431561839810343,-0.10888498060206231,0.636390381305687,0.03693137479573663,1.100972376347194,0.5313514087078517,-1.3725695192956133,-0.9827659141479204,0.5398497231609446,walk
-0.612492815614084,0.9259781816902233,-0.20790717123206495,-0.05158180976413603,-0.1527328915107878,-0.2508080600897838,-1.299283565878828,-1.1805078903139816,0.5771709332813829,climb
-1.2249368694814637,0.6317601891968018,0.1770558865026802,-0.3993119557303378,-0.7037177636510077,0.8858029806534103,0.44928366421341376,-0.4756619593910434,0.03820334596761493,climb
-0.24374521622819278,-0.18316719399662815,2.6598983828698866,0.6185427429246116,1.394800951147967,-0.22364150004570144,-2.53283359508106,-0.24984460364978442,0.11078499329922133,climb
-0.319814880477002,0.25208643916265155,-0.004170394961461921,-0.05557189214031955,0.9573206881653612,0.5104768424935402,-0.5536741623011915,2.5688828310968357,1.049434918805816,walk
1.1568189556724517,-0.17720420986849097,1.016174294245575,0.36124137084364333,-0.5039604496544221,-0.20807811393300452,-0.559040784520437,1.5523093148499614,0.06482387863578419,stand
-0.3427288722241648,-0.2174686156424832,0.6809948086652013,-1.2766059411784099,-0.6722254093384373,0.9981302587352898,0.2487730414284394,-0.20277398701024937,1.5540868536414503,stand
0.9677952022485805,0.8748185569110368,-1.0497194195139807,-0.45557852986489095,-0.6712949902412159,0.1803006464635926,1.216014954221522,1.201838838482961,0.019937378363702022,sit
-0.07656487577250293,0.8501037540947999,-0.305372727075656,-0.19752866375198275,-0.3016489278252759,1.3073710887382988,-0.26005960946032236,-0.39722229024074907,0.46868497625027383,climb
2.278674576545753,-0.009946024423879724,0.5646113125329296,-0.15026857097166563,-0.9286346442237341,-0.39543096445902426,-0.6273814413902702,1.1825574256936353,0.6536029122350044,sit
0.752998268501685,-0.08273999888476256,-1.2708166547265392,0.08583708996275494,-1.5816314184051552,-2.052325031041261,-0.0879104667188631,-1.8163782886104154,1.2992728645717613,sit
1.273090043493131,0.03829495562914464,-0.7903697533231084,0.8695448221570576,2.8221294691972356,-0.4069772653265923,1.2362998387996145,-0.9226724194209351,0.9121994929554731,sit
0.5316423777255778,-0.7231615531575319,0.6966245059303134,-0.2622665818506827,0.7920716406718881,0.20426920825367054,0.6629726490631596,-0.2563017919578135,-0.9751386737657384,sit
1.021850505863724,-0.6166626241149309,2.0292844295334196,-1.0786742020003652,1.0232949953317727,1.4412286627704458,-0.3068093151579633,0.08122015206469942,1.423255693863813,sit
-0.4050502615939376,-1.0224645456096946,1.0351179578690435,0.6269782054468752,-1.8162275018010974,0.452760705669846,1.2452030684574429,1.8497126550479177,0.241523798247895,sit
0.31438387066705215,1.9322111879858421,-0.23183276211169138,0.2202384720549713,-1.2057326767609668,-0.13712361250789618,-0.3916621534837846,-0.4372818665704845,-0.4869966839246438,climb
-0.7631746215899213,1.3978398459686567,-0.15900406834292827,-0.5966594739246559,-0.17427861828844518,2.456897267524033,1.199972183533777,-2.546876100243707,-0.036838121310798624,run
-1.8970845479042011,0.41996728021741525,1.0166400122365158,-0.1049226564187412,1.7994877008326782,0.9813616142092629,-2.443727763211123,0.7500378271794826,-0.7010248601288038,run
0.7436532764523519,0.6586343351051666,-1.296730277717536,-1.3603184547177125,0.23175252763458304,-0.9754477822009997,-1.1437261551154565,-0.019109368034483615,-0.35717275091740336,walk
-0.2853786532041957,-1.1404395910636635,0.472261436253416,-0.17867116185836374,2.18619499376814,-0.28661619973698355,-0.6969274383102995,-0.7934894879998238,0.18549243047231473,sit
1.741076403719361,0.11933259998281541,0.0381870590895389,0.29098068027843593,-1.5794240719367953,0.6109590644276569,-0.9030352593546519,-0.7643552637461362,1.173602639049116,stand
-0.049279903330040405,1.7183233071197122,-2.4510782900476116,-0.1999325438796845,0.47476805415121215,-0.11731315403703983,1.490221996116729,-1.0015470168480942,0.5030230562670729,climb
1.2714228878202016,-0.7295698679141828,-2.005402132485215,-0.17320694403215575,0.025566581302265082,1.9005688341074487,1.4269609075085046,0.6024049143515042,-0.2881734639138553,sit
-1.520820012578599,0.18131831272644172,0.3364866881660699,0.7457731914509655,1.2903692902878687,0.16222739952503518,2.0203498355272504,0.497252508971416,0.23702232163312775,climb
-1.5909312660491148,0.04701213894431716,0.7885088832906574,1.1880459033012591,1.5435287110104658,-0.26801469967822433,-0.14097617896102163,1.0533106402030077,-0.5450659552107886,run
0.022965895978855518,0.6747563617152602,-0.9656680417269432,-1.7300855630323446,-1.0630107760395986,0.17850631914457668,-0.3343525357138896,-0.35412533959102965,-1.0769821703552258,run
0.5705378445180644,-1.3102675810193223,-1.4577961054157302,0.10205426740131583,-0.019946973070318615,-1.075658688334036,-1.1416378352910166,0.03566441690625184,0.23962357184591013,run
-0.027173683263700378,1.4573884347421309,-0.9875812534158067,-1.271546559146995,-0.7050269178456194,1.577274490473105,1.5266844327935762,-0.701813854558224,-1.5976610329504977,climb
0.703867873448368,-0.3283858722437891,1.062819146462181,0.3124521556051236,-0.3471316708867052,-0.019836519810549222,0.59450227948042,-0.6757121724379813,0.3074884665399669,walk
-0.2724846444149847,-0.9305664578800459,-0.6083630025088413,0.3607095400814952,-0.8927562465680577,0.2059289579776536,1.0378305956983598,-2.4941153741496134,-1.4002153095336038,stand
0.7624879784205526,-0.1331243341287006,0.2759688431806427,0.11494206784120713,0.39946055084856374,0.7428151517461072,0.8336939364156142,-0.2285338511706064,0.7597031313198065,walk
0.2568275127722687,-0.7339431472133613,-0.1550955711178867,0.9929952659282585,-0.7534750442410788,1.578575564997786,0.14271682056320315,1.0620910553394916,0.29926299255036165,stand
-0.5774775825859225,-0.9363268186248209,-0.5002776770175894,1.2349498765554958,1.3090940901456047,-1.3812775498006313,-1.4478591034502308,0.3226412504361392,-0.1433694086006156,run
-1.6561988154407146,2.2884315333187453,0.41440651373433957,0.8657089291300589,0.7585491906521454,-0.25547075413415443,0.5088516444697154,0.9152043416282741,0.12576900489117157,climb
1.550551760022967,0.8743273644709361,-1.5236898483070467,0.770887918458034,-1.0341465086328223,-1.3274656209258284,0.491043220821451,-0.1830581761385996,0.12362862873043313,climb
-2.3303686728746675,0.6355187272492524,1.5077127491263813,0.6713611586563697,-0.3372238497703243,-0.5898449181764793,0.3738713003074085,0.3784337187371216,0.4181512933488701,walk
0.36185718577133263,1.4118924738838208,-0.9642092379026789,-3.280331863173814,-1.5378256131160883,1.2425742754280475,1.2593160080129915,1.1442775205862825,2.50154881443249,stand
0.6079606029811143,1.1693027853529936,0.023796188024035027,0.47478927408171123,2.114972283829954,-1.4580558865728703,0.5237656390846211,-0.05576647803444261,0.271644426884409,run
0.4149038152490169,-1.8190243782951079,0.05683792499108683,-1.0362450282935576,-0.28558570600752753,0.4168287127326753,0.215211959901904,0.29544181331360386,-0.007110776457435668,climb
-2.700859225494379,0.36310475266312797,-0.5274734173844552,-0.0068488930035245504,-1.0153088598249782,-0.06558821518375932,-0.27641637757085263,-0.7508919464219077,-0.23690244829563095,run
-0.8351598083178305,-1.2904368197194136,0.6958211309901174,0.9716646466465163,1.5697799677614708,-1.1941737311735496,0.3650149893334862,0.5405912652572787,0.6508684778408813,walk
0.008321366451018442,1.8919831060798002,-0.472119750458472,-1.5970534458010612,1.4311240464377715,0.841359683010801,1.2324988854531478,-1.3966123688386796,-1.5166284129780112,run
0.08000150248585457,-1.0307464463474416,0.06422180405104491,-1.3511507904056015,-1.7857639105508178,-0.6464990760057033,-0.618407497203162,-0.27077617571650164,-0.20685521811810867,run
0.8523285494560905,0.5766151464187321,-0.19015472669972266,0.5087884125514939,0.6620695125599397,-0.282641570346929,-0.09708292640074165,0.19498420144132877,-0.1280701607359553,run
-0.27957189289775847,0.084823814035294,0.3287031791818959,-1.005870713113073,0.7189297322249774,-0.21520720289392767,-0.6015782572980134,-0.5521276923850063,1.0377881984472523,stand
-0.3355241903066448,-1.051993696531274,-0.7756055071026655,0.29338186248748716,-0.03709812779410236,0.9350730050471114,-1.6731486484919709,0.9931546809448877,-0.07778524722537064,run
-0.313988441165297,-0.05232545038829849,1.5591559995676,1.485587563763408,1.2139789471581852,0.3878060781594276,2.0110182530143437,-0.8744470329795824,-1.0853796685871286,climb
1.8148123101234073,-1.096012567761864,0.6955239051281146,1.7135863836430707,0.2819008729581318,1.2613191037873022,-1.1261654651421094,1.5463617402704657,0.7074371686498029,climb
-0.3604607884900447,-1.922627489461115,0.952421782300913,-0.7001595373569921,0.22856803810037227,-0.1598642204059589,0.43194530438773787,0.637600052531601,0.0403775412788496,sit
0.46962064347209875,1.1517952491762964,-1.067505338886603,0.013721413443790003,0.3013947306220799,-0.7044015190985924,-0.4083909919416467,-0.5635891723589,0.9923169832759683,stand
0.32605120572621943,-0.9801049710120643,-0.09572709206910227,0.4313674917820662,1.6412561112464892,1.4562416069904227,0.9355426356029388,1.9098594301175398,-0.21760218238621698,walk
-0.30593911869691054,1.1958859033071272,-0.6024517533138676,-0.19188884971987055,1.8707793335086025,-0.6303336335200774,0.5722355419879752,-0.6467419646179864,0.11921957724599815,climb
-0.6538784351377785,-0.3767155582979905,-1.024250254074228,0.35926332383139575,-0.4055180543726488,-1.8011022027432362,1.9686496306438679,0.2230188029536749,-0.4852744688802883,stand
0.7013701150202517,0.6966380508403559,0.0250752382779407,1.6643745447268818,1.2177097609935714,-0.8880762347530305,1.155591980722828,-1.4864004703855118,-0.2273289375818316,sit
0.5513905095678022,0.16971277172590465,0.8009787686761958,-0.5251573833888525,-0.00436208712862494,-1.3899488537034643,-0.44976323345659724,-1.6449159097461423,-0.7459006545224957,stand
1.118853844620325,-0.20142324179688154,0.22245841238737446,0.36482211176430296,-1.526334281701572,-0.4677897505434689,-0.3548864711947253,-1.8162065848204674,-0.5963093069451613,sit
-1.022004955658028,-0.2025147981072267,0.32610516729118894,0.2237199979391448,0.9853080355788701,-1.0172075376317757,0.8652004550617389,0.41772582875187336,-0.16897646063934907,walk
0.16372505828311035,0.3601986302119513,-0.8762366523812455,-1.3717784240303308,-0.7694295783368698,0.1642701978219116,-0.07341434666985056,0.8555502525761323,-1.235167471054105,walk
-0.6914936114122796,0.7466471884000226,-0.8185570255712178,-1.6365083019888875,0.8469003496855567,1.2406574414969185,0.054703857200776404,1.086805662122099,0.9388065082991639,climb
-0.4841743828518068,3.568468497272041,-0.172892690501654,-0.20069472983819744,0.7174399654446544,-2.8394645225691195,1.4213608873760186,-0.49263264065647183,-1.2869707346782884,walk
-0.2759931138547249,-1.397459689180152,1.8839503102851778,-0.9991651385911596,0.3231764793074451,0.1123527629667435,-0.572369003906758,-0.2508132378849534,-0.25946076112193117,walk
-0.749149698032289,1.7760113629945808,-0.8397516864861104,1.0160837515102494,-1.1196026458280037,0.7607388105898228,0.896858153565641,-0.6233111239213143,0.7011960923621067,climb
-0.14566327243611152,-1.614517667623069,-1.3308810551625592,0.7844721076300679,-1.126071762625344,0.08343090955780415,0.15286484952184826,0.29601818738951147,0.0515763501299762,walk
0.3014871310342066,1.4358988918259075,1.5352626138722474,-0.8945387050325385,-0.8855016698634531,-0.07491047252420299,-0.95695616133645,-0.5647499419599757,-0.9466544306010709,stand
1.4206424257997574,-0.12370592054880221,0.8415461516504659,0.7835747807444284,-0.7438093850200951,-0.9289569528618692,0.4457474701421629,1.6720613679202052,0.8368609671984482,climb
-0.8620445481063032,0.6122452491181568,0.08879253032537379,0.7356971790709657,-0.26988720231712904,1.106661866321251,-0.9404430344522842,0.6865781654549191,0.6342360096789414,walk
0.03097593082608137,0.6182451923897962,0.5214809026962289,-0.5008306048531294,-0.481599624267965,-1.4970389334993914,0.11218365660754728,-1.815989231524716,1.0783426400427052,walk
0.14439285603092847,-0.586087300801588,1.4230311424089874,0.49498716094992545,-0.30898368955318145,0.6494262329411992,0.5788417619281662,1.4529095881090932,-0.4202405086452437,climb
0.7087418374130254,1.1627648912583528,2.0658292367730993,0.8537886662967017,-0.010973600971665711,-0.87174844592187,-0.7192419295446976,-0.8805971252566119,0.2972362540161711,walk
-0.7810477635112728,0.24035090357240269,0.5937291365194732,0.6282080221934413,0.23718721461108302,0.84155416039333,-0.25558824150676196,-0.48725075661830064,0.23526355177824038,run
-0.5399746916917025,0.27633034780121984,-0.9842587989611076,0.8170175156872138,0.47291997648516143,0.2144971435496255,-0.02057211659511003,-1.7040247468675853,2.02777373007261,stand
0.7801649749955157,1.9353424453101526,1.249373515143777,1.34643389244868,-1.0582376761698158,0.5345762142645272,0.8972746583257751,0.9766652444534246,0.5809709502332044,sit
0.06771027744725278,0.7667558648057237,0.37617272753991576,-0.2942871551038448,1.194431171766972,1.2421132594316024,-0.9257914771050032,-0.6405743042510303,-0.9126842866499466,sit
-1.7187890906904635,1.2798777110978687,3.2235286387191238,0.8361111803881007,-0.29749469682660107,-0.6526747635450704,-1.0079125537360194,1.3110818721572008,-1.10844428256723,climb
0.6287207159272837,-0.004734041396212447,0.5531771257835237,0.7960152066516578,0.020678132622623132,-1.019642514770495,1.5120777879214369,1.0993901823700167,-0.36432667515497263,walk
-0.17880105115308745,0.3176793349097871,1.3342911446503032,1.997675132636407,-0.44136726002888677,-2.5303267477133446,-0.1879814502447021,0.26434342676605166,1.7792136716579983,climb
0.5362256134327732,-0.8489081840007225,1.3180466274648792,-0.5839819246430069,0.00515145335010937,0.4365797415106026,0.27018370226826943,1.6654805340152277,0.06100702017356482,sit
0.44155306983202786,-1.9163384257242,-0.9097134839812714,-0.5533841355523633,-1.1964066543248588,-0.5794024932296848,0.1339997149340351,-1.9096369462258922,-0.352891831971948,walk
0.18334483538167282,0.4594970125900771,1.0484226515669817,1.3033724535022535,-1.0692312335191172,0.9941593329076197,-0.5198722768763994,2.0959836017212394,-0.843434101723392,run
2.198790551624063,-0.5535630960597222,1.230746577802946,-0.41604019847933715,0.5323954643014888,-0.02611129302506789,1.1095377997086868,-1.1471148827479891,-1.98001063194559,run
-1.0429154793933961,0.8283165219977364,0.8009290041744467,1.9201469429133846,0.9665991755202981,-1.1242640933917998,0.602155839579709,-0.38636746075608475,-0.11679127187716916,climb
0.2556101099932701,2.9648589924887534,-0.07790236349491801,-0.5495483773629963,-0.14908640242103077,-0.6429538272891863,1.6677416894179693,0.40904625132211186,0.3158455769817052,climb
1.7847043948246653,0.4194311439758087,-0.747317086760462,0.8173327856259192,0.8922115198930002,-0.09538649113251176,-0.5052407035472832,1.7819130984521672,-0.5686555795621374,stand
-0.3695221847572813,-0.10029531600002772,0.006284701952283963,-0.6184481651073878,-0.8451339963240295,1.7534267676035387,-0.3202774031144132,-1.0473951460401794,-1.2037984539051416,stand
0.22808780639272708,-1.3000069505442748,-0.8479852543750527,-0.32183616221570494,2.044075177631646,-0.445462498913136,1.771118144423138,-0.1781601077978234,-2.0815721113366985,sit
2.173681541769534,-0.36701736614043096,-1.1841951474498125,-1.2590757209062946,-0.2517715521740551,0.13808993843665932,-0.317749007662708,0.319155991556013,-1.4951230635695467,sit
0.41498742035733005,-1.5564739744622422,0.7796601975137056,-0.4936208608065362,0.6347758328278332,0.8835946960681991,1.5376965676151912,0.38301365158805367,-1.3961958374311692,stand
0.4197544553720979,-0.2721628409824755,0.2364766358181887,-0.13426574103098143,-0.8331793221334874,1.0562004982308368,0.9985478015724539,-0.22569585784961213,0.5466540348589334,walk
0.35412634626489353,-0.3922872186462249,-0.966193648133439,1.2083150603268709,1.7878358604232099,1.272486915489159,-0.3069248925661254,-1.0885210699265047,-0.1461496627385562,climb
-0.35809600680670106,0.9208201765018529,-0.29012424667254805,-0.8299618046391108,1.4222248215366229,0.8448212584328311,0.2822761750127236,-0.28018770361395845,0.5841278139193997,walk
1.166813108457089,-1.23335233180941,-1.112460979037633,-1.3865241794934275,-0.3912177588262588,-0.20156869450739884,2.101816910641816,-1.1865874355440844,0.09561571383151254,stand
0.10799392655248911,0.22145431050742717,-0.05250404003280894,-0.10259068152639028,2.279788534329818,-0.8793737994999656,-1.3533972676647346,-0.46096924975330794,0.5903134500021779,walk
1.657979009736236,1.052434700832444,0.12216147828325279,-0.3403109903407904,0.43925961020117626,-1.0029502267555657,-1.1350724982001077,0.5324048442186344,-0.7441479561848692,run
-0.5997367406430952,2.0765780585310565,2.147323257610076,0.10232764859203126,-0.7991494643148918,1.8776969168811157,-0.2104105678652453,1.2563458608728075,0.06825223470338045,sit
1.3054387697973535,-0.5002590895998685,-0.156538522608314,-0.11967071271131996,-0.2516753513922475,-1.7178695146958654,0.05391524902243406,0.19126084129820184,-0.41733001189950203,run
-1.2924228733851835,0.6946786817032097,-1.4467699708970136,1.442931490497505,-1.3606021662182122,-1.1128321295983146,1.0013326700399685,0.047463632639570735,0.19602168453083238,stand
-0.649715656560973,1.4066572740916379,1.4109472320078025,1.3574106449114705,0.030567152859751978,1.2309358747689831,-0.8253425898539796,0.692434922146332,-0.00958720573462416,stand
0.10311121903883524,0.5903232260320445,0.43012318269802857,0.6068957900820775,-1.219830815720448,-0.3474882163045241,0.02228166371487798,-0.6808370009522787,-0.3546183481526125,climb
-1.5869904685715988,-0.658624303048565,-1.436272508635137,1.8425902206069893,0.23337960007929426,0.9507888736553226,0.8545299618304332,-0.6066171612917334,-1.2068715593494748,sit
-0.9614735358871619,-0.34208499548336735,0.43300856395200676,0.17103470278922342,-0.12075359796917202,-0.5595115452037865,0.3616037974942496,0.3874995574071029,-1.4922304784932388,run
1.4690070317547428,0.39498402866216603,-0.5324164940770997,-0.20164867451944346,-1.989550896203038,0.05093353250696832,-0.64426363810701,0.8287991433299515,-1.2008589857634842,stand
-0.35144274036711676,-0.9543619561682393,-2.792434480829375,1.6060592085011975,0.19512867497498856,-0.030491959266472937,-1.8504590613546463,-0.5778556952290071,0.14496069798438532,run
0.37790538590951595,0.3968635397477176,0.19973354450181596,-1.0034459884846598,1.4257981251207923,0.7555674296812065,-0.4242831752654899,-0.5183408678400739,-1.1516111151632618,sit
-0.4628211103065451,0.4825796949882335,1.3790741685943881,-0.07395772098856059,1.4781869890623944,1.4281509463484814,-0.9086513699129138,-0.23751542658935548,0.1916952311404685,climb
0.893023288680764,-0.4777263266081429,0.9164829907275492,-0.7908302853881342,-0.35703221352375086,-0.1056144710010749,-2.3055537256259377,0.004076622101614454,-0.0704985249225615,climb
-0.07986581518415468,0.9707483896509761,-0.5480014278763153,-0.014834815616740889,-1.204200981898591,-0.9198354901215201,0.07988507832184652,0.70091259848517,2.9212349910468336,climb
0.9883993168049965,0.634194075448183,0.06802252438092202,1.2482985441467824,2.0251670208901196,0.8933278228891695,-0.4508971036965299,0.053250281429905386,0.850638977710584,run
0.6689506018082089,-1.6045057259317081,-0.7706596998881452,-1.127766016630026,-1.6490408941584094,-0.15385025308788566,0.3857988063753412,-0.30410452576658253,-0.2185833083619052,run
-1.80747454305488,-1.031035241935842,-0.4385509229036336,-0.19246967571026777,1.0502385215656038,-0.3948377860985234,0.9509513706779309,0.35067368988446623,0.3341032436657538,run
-1.6671335492030555,-0.17673770084976173,0.9624919090712619,-1.7815497970018248,1.0294877592078673,2.380779254176359,-1.6666267312798186,-1.4194630403659942,0.587414516031404,sit
0.1921568434462386,-1.2890473377893008,1.2557092976158593,-0.7242832935084406,-1.5331223009237849,-0.3479645422824476,1.372917451021257,-0.6631311399149742,0.3634430820402346,run
-1.4163814339505394,1.4250900145708927,-1.3235467277871746,-0.32628204518063275,1.6448862910820123,-1.4424956994317506,-0.3280618999316927,-0.6115475821264839,0.8046408400648716,walk
-0.6543090426787964,0.7784113815333681,-0.6671985351257763,-0.16634280699572312,1.7743067798878658,-0.1940457246410401,1.557717270107078,0.5113959939600429,0.9402808283107112,sit
0.143460758429859,-1.3048438545189536,-2.654283831154384,-1.1700723721757136,0.5897220102456209,-0.7081002618562583,-1.7888306727613987,-1.8081808771467898,2.198211210487045,sit
0.3373260942260233,1.1804982791434278,-0.521122829397685,1.130674902340959,0.9712930950169739,1.8851357557813606,0.4101502433927396,0.9616578934341885,0.05518174862548267,stand
-0.4825591862162617,1.3408489271855055,0.8903852287161291,0.44635340944560736,0.18306779937264167,-0.4513809836628839,-0.05025225047841116,-0.052798082756953954,-0.07762065859002781,sit
-0.05560825753954449,-0.7083112701628643,-0.9203323916622125,1.4128976932571753,0.20000279478233657,-0.584762360678518,1.1872431476898884,2.0718391203963944,0.04975046516801607,stand
3.5112356252642223,-1.2423443778873682,1.2118568683918332,-2.2682801245327737,-0.5395441846723771,-1.3485668767019858,-1.5118011020699846,-0.5216981846596472,-0.06538145331633391,run
-1.6944144912189432,-0.22167260871631478,0.6057750458499357,0.9393392387798128,0.8006924302339049,0.13904099594565497,-1.2496409701904856,0.6120900278738117,-0.7543138500424161,walk
-1.3660286918557065,-0.7144625962643312,0.041641433354666364,0.15524788030147596,-0.09336708802387013,1.3212197881006227,0.8956425578874906,0.8294400299132506,-0.892272649847974,sit
-0.5953543947850836,-0.6270382088468394,1.355682948769515,-1.4625340919895808,-0.0160175248288996,0.13710188718601501,0.9334530704115335,1.734598153696755,0.14281778557492011,sit
0.3566946354400322,0.12766984585924293,0.5497709508529711,-0.5952871999370914,1.7152941113577012,0.18219989773949385,-0.3791055908745388,-1.3752394066070295,0.30439985381391466,stand
1.3352135664294988,-0.39626308816477046,0.5052454554619837,0.3101449190036985,0.458627434615714,-1.3933456086749452,-0.007931804882230028,0.07894375956138848,-0.2042128263186971,walk
-0.9360821390042674,-0.21328981229739416,0.9503093913034104,-0.18797926743271146,-0.0439901560070929,0.1532655732710934,0.010639638198558576,0.758399887715795,-0.7850213415018742,run
-0.40122987004635746,-1.003851700156079,-1.4017932860405231,0.4139899030336143,0.8303423693075609,-0.3017407523819273,-0.5177633993650195,-0.27883136560284644,-1.774025857470067,walk
-0.1428641308925389,-1.3730330148085166,-1.420354775327308,-0.06731495245416864,1.0227714960074397,-0.32238181760187495,1.8356544850248582,0.6748251993045473,-0.16907041483073046,stand
1.9108753311428432,-1.8511464237748103,0.7422008892702872,1.1325694090341483,-0.5411124566330839,1.402681697181878,-0.771965436864079,-0.15728189174556906,0.33956284358184624,run
-0.39884137298833544,-0.5597722670512912,-0.6228075047300843,-0.3434925611855243,1.053581859742925,1.6834421066512903,-2.286436402456301,0.7197744368471815,-0.7619216743896082,sit
1.098636294957035,0.8650455686551691,-0.8511023152656979,-0.534972683503063,-0.31130440336125464,0.8096913131924021,0.03709290283998077,-0.8198757743943479,-0.49187602692029897,climb
0.7813744947605984,0.9512177929859464,-1.524674051610827,0.23325284039503646,-1.2784066852521598,0.45167298172180664,-0.03797402258182592,0.4554204976461332,-1.1440700576973049,walk
1.682471345473511,0.8313614317813243,0.03104858216535528,1.3875529951358854,1.858234166141435,-0.44793043608540467,-0.22206298293307028,0.7998144077042054,-1.8143551073771618,climb
-0.548264236892024,-0.7280403662196724,0.2492370363749175,-1.138017541762107,-0.9401564032592995,1.7470947455374586,1.8435693521700742,1.5475568815788396,-1.7483752710341864,stand
-0.18759280227120853,-0.18684551199870353,1.794353135474569,0.555778635408781,-1.5078746933814229,0.5621124129546522,-0.8453178293234049,-0.11871252269256838,-0.5025572548166043,run
0.26771969340576995,0.5739169173785036,0.29967954860964113,-0.5814941834139434,0.055618780115033406,-1.0858039141736266,-0.2400987813776241,-0.6409873636937323,-2.4356298809839982,stand
0.1823867077963013,-0.7960158313732493,-1.1914050086187988,1.272157761142195,-0.9362007537166447,1.3448620850484265,-0.7103759526724085,-1.6626012442285216,-0.09272221610319763,sit
0.3200371661934259,0.6540615891054881,-0.7144481138173686,-0.8100692088505739,0.4842422070401831,0.34869234056643417,1.2368715097018324,-1.0034093483158866,-1.3221673953018707,climb
-0.5934292561403959,1.0323372796117163,-0.9581704144873956,-0.8585446591950162,-0.31780886157413596,0.4521876973607865,0.9608659882613225,-0.609635188159857,1.6128001265627991,stand
-0.9293419393461211,0.23458097554983243,-0.56212395818508,0.5987480022206213,1.921670796130303,-0.8992479746100992,-0.24720616187151107,0.47448209994319557,-0.47683029658048887,sit
0.23753668339166,0.8494999274371797,0.196869617681591,-1.6152086011167224,-0.6075738284603439,-1.1297050730102318,-1.473820682834937,1.2370858865164367,-0.2368518663228818,stand
-1.2650619960371803,1.2132231875872843,0.6533790253892948,-1.6899745039269871,0.3803845293378428,0.6727803748070017,-0.8951164119267716,-0.7052124714655902,0.3308811631463867,stand
0.7578885367627353,0.22550812669257692,-2.4992180710564376,-1.2820647208222065,0.08004011469570681,-1.9515629691855874,0.27486149071439436,-0.9657859889651493,0.5345554650327503,climb
0.8449865601172897,0.8538238597641746,-2.268518675564289,-0.6891167177512731,0.5566627163573994,-0.5039653529200544,1.926947839776982,0.9844982490882618,0.5332335952968357,climb
-1.4958550699422526,0.02544618420526335,-1.3950348746737538,0.2646464517880394,-0.059674849980559885,0.7623656448773867,0.5439351541157071,-1.4632574468591142,0.43964614901166355,walk
-0.24746369894996956,-1.0527635543108922,-0.316697437956274,-0.3010995678794724,0.8329288049397929,0.9554306843220872,0.38848187779952803,0.7936293125149502,0.006166861717573362,climb
-0.6662934619495048,1.3695796628329702,1.2621013894399684,0.9974828371229086,2.0533958675068895,-0.3648994032940011,0.36603189206765274,-0.8308569657184697,0.36016430919092157,walk
0.8287820671436205,-1.29183261540617,-1.0290874735131366,-0.3594490022017422,1.3578911484088345,1.261255184728271,0.20771449035967915,-0.08021404236969591,0.041994341686153236,sit
0.5854602094826249,1.7219228543851028,0.2189852513462774,-1.2756439263510848,-0.893089868006216,0.1796908238341548,-0.8132612033710676,0.0806368589386847,0.23028392062041433,stand
-0.549577831431016,-0.20732467771855972,1.167649328927305,-1.0603061824188307,-2.3445681238216554,0.8117132935272997,0.15737886527351697,0.9420078769880595,-0.18972308497416238,walk
1.9298842111315848,-0.6446890310506616,-0.4092708826660789,0.38696478355643865,0.963247267599056,0.4250069804734356,-0.6188523962002891,0.0006263876071755223,0.5961608782084746,stand
0.31039564006014864,1.3714023526517418,-0.999714022834936,0.07417712157577683,-0.6035232720797662,0.5296108452854897,-1.2603041606719956,-0.6164615533055661,-0.7592063088068841,climb
0.33369505709507896,-1.417995343769897,1.6210158049737213,2.009437167355339,-0.03908473416129575,0.06136839073418296,1.0091615036613226,1.1481008661256233,-0.30183751007267196,sit
0.007958426923423757,-0.3143475254310799,-0.09922186084930648,0.14106480838423163,-0.41795182745648685,-0.6285176617651184,-0.40251572913481726,1.0892847406856405,0.26077903049460155,run
1.6211849475847584,-1.8377167262055145,-0.8452534577310551,0.34166704763219596,0.5277738531719067,1.5149061108680324,-0.16480752194684456,0.46899096677906077,-1.3438729015867974,run
-0.1340932533981353,2.1370635119027845,0.09447753424643889,-0.8139452361814904,1.454539993734071,0.13213805653548388,-1.136453079384154,1.52139401125691,-1.2634372261867017,sit
1.553254432909397,-1.212509745480629,0.2812683043381966,0.7473294900968009,-0.503418444142304,-0.10364326289650608,-0.7313044377103204,-1.2741088030994456,-1.0859628183175023,run
0.9958682090959013,1.4777961825355537,0.2659229703662911,1.681211585392324,1.5952119247913625,1.9668057122182503,1.1044791831059846,1.9862645136538537,-1.1565116710808947,walk
1.1447736728688358,-0.9826829509323721,1.9272880302262483,-1.4955401187950084,2.0268159700373216,0.14753021342013858,1.4885662249849083,0.007147118753733396,-0.436574933053196,sit
-0.8523228499698263,1.0529153629026116,0.7861075761670184,-0.5465129577795053,1.0128305021879132,-1.5990707180292718,0.11158162166103563,1.5906893601925618,0.581188746216475,climb
-1.7468707735438298,-1.6627057494818085,-2.092365850218302,1.1861111672102749,-1.1254926249463097,1.1265719247910158,0.5720370836998208,-0.6458332850423397,0.7740207066484257,run
-1.2653841103661525,-0.5526766405945182,-1.3977490129049828,-0.7563177175438842,0.33751214270973984,-0.4764151196357212,-1.2870571111194307,-1.0750361993233482,-1.1882001675592366,sit
0.034249418152501425,-0.43406253564127906,-0.76828985229117,1.0425719361376191,1.2977301837229918,2.222851954491248,0.1777904049312265,-0.6676341810008934,-0.10107673412369216,stand
1.0528970760411167,-0.15208730587121674,-0.19767237101192814,-0.748701379631426,1.0191085250138456,1.0996269108814616,0.023733734465634117,0.9802864847701367,-0.8524355047112576,sit
-1.070654693454563,0.24386726911282217,1.052230958330887,0.12368097042249532,-0.9764291192069797,-1.4578031176317703,-0.2678527225460866,-0.45737004717051205,1.7121517780914006,climb
0.7163069224091423,-1.0736459940659713,0.5749236678415303,0.5742041474498438,-0.8419777809483496,-0.6031554813327391,-0.6833125301179219,0.9720574233112677,1.5691254966286645,run
-0.7344874698012109,-0.9522340945162546,-2.5130844959070946,1.3772953608224057,-1.0344560178984323,-1.8511607306928515,-0.9529592805731029,0.8949441177804837,-0.12002022194145956,stand
-0.7481404868856342,0.16804749982367878,-2.971664302968566,0.04134186298602887,-0.8273532546201526,1.3885959573532505,0.09765600752692068,-1.5818382579703103,0.13411590659654932,climb
1.191445767024679,-1.360707800273434,-0.05795959071454622,0.09889445334988206,-0.7609240765719876,-0.5371064107254435,-0.8017828812044152,-0.18279406879477805,-0.26366452320257927,walk
-0.4084175154621692,0.8511052675234738,-0.042930022046806494,-1.4808500946195875,0.0832126074532554,-1.8858021458328658,-0.14310642719475083,-0.24450591145259412,0.9263508281770442,sit
0.08154631800258869,-0.3709030581850063,-1.2505651864437737,0.17904266128673443,1.0988047406360935,-0.12017073234891151,-2.4044110691557066,-0.21171758280076433,0.04966739841559525,stand
0.20213044321210222,0.40896554478430364,-1.908816239041147,0.6255880655367285,0.42045423190385234,-0.4181340868359374,0.36150226275896447,1.407295475664056,2.480805069896174,stand
-0.22361957609491226,-0.35605869253063327,0.07291838949948082,-0.2901584564103527,-1.1239888101080038,-1.0128436882511813,0.06705758495964435,-0.2143462039426873,0.7033842199806469,stand
-0.2183966690840456,-0.2528109545821956,0.25441668008252905,1.4773592956732784,1.650106467648823,-0.8763409405315351,-0.3882891711745464,0.7834167821721956,-2.606290758300291,walk
-0.9586259242662314,0.24865299422059248,0.6080655875984937,0.08803871418519174,0.07782838182300396,-1.4331888981931586,-0.781722654742745,-0.27147123030201514,-0.753104468896115,walk
-0.8280835216536458,0.8264164908012263,1.1485273599587655,0.43470267185000333,1.030544753297649,-1.6559248982418187,-0.22763681853548542,0.3902736345290614,0.20046621779248106,climb
-0.8907678834230849,-0.7646093040447534,-0.5211970316216277,-0.7089146592523735,-1.3220599340315926,1.6074859807939978,-0.20311779818812314,0.035031595970376236,0.11265727895327357,stand
0.18859329317148085,-0.43720039031150376,1.5443460414246337,-0.2533103110958455,0.8986800770755391,0.7567219101398202,1.5017637395180692,-1.2133296941587441,1.3297670672045254,walk
-1.535544837241188,-0.5609741644695815,-0.2615517331561245,-0.02148256161871747,-0.5123228888424503,-1.1203671943084887,-0.21467827975833054,-1.1928554995631524,1.5527147520509004,sit
-0.26813874373419194,-2.633112010363494,1.6011683037679605,-2.942192286364504,0.8574925098224152,0.03779902502265713,-0.5729577056379801,-1.1726304710791688,2.390182819610856,climb
-0.6432143021509,-0.14804447319440503,0.486323926897607,-0.7989386057608934,-0.0788251981007216,0.6455587272111154,-0.8118694303314751,-0.4615200816537567,-0.743420350110492,run
1.0168559518368339,1.521894734360508,-0.033761091928303094,-0.2238728687833436,-1.3791306850749423,-0.8263451175709028,-0.34125962374680446,2.0506151301241635,1.2827537352358436,run
0.3931695908669512,0.006952337044635923,-1.6475243808861222,-0.8660769686033859,0.4691496822157091,-0.0017829893353172536,-0.5375109705114464,-0.6163632785051746,0.706238798485384,walk
0.49414548255851903,-0.04794902746960511,-0.24998514947970124,0.4386154321227786,-0.022510785000418407,-0.7469589078239534,0.628965519682487,-0.8225656682653167,0.6082014332649339,climb
0.30252314043632256,-0.30798954402892326,-2.1881859406996007,-1.7176239201604142,0.3082706402577465,-1.5913528058238264,0.9750496402548493,-1.8166738630932096,-0.37107382320733706,stand
-0.1913564654297799,1.5872193427698822,0.8658966177262948,-1.0687508217156176,1.1742767276419004,0.397156663857242,-0.9178742509316057,1.280202744325381,-0.7105456935917912,stand
-3.1452243320367823,-0.6848076897043284,0.06414286052620587,1.476394370098182,-0.48424240027787135,-1.4479185343801888,0.2537901065737136,-0.515196883334115,1.3063298676345112,stand
1.88121797617344,-2.1723954635340568,-0.18812119969598828,-0.5544847782247692,-1.0033612246115766,0.5447477104074145,1.7160841553188397,0.3654445274445753,0.4398139560048117,run
-1.3153178942316377,-0.45400359887586306,0.5348476751651658,1.795221549560117,1.5631812559052898,0.5872506406922144,-1.074684895712523,-0.03219990044356726,-0.6387066446439512,sit
-0.056170274744199764,0.8512320475901499,-0.7270447097103597,0.1042553874206778,-0.7409178480253863,0.8236432290361152,0.28322092074479194,0.5425813954328429,1.1459763039484558,stand
-0.15507905547100312,-1.1468910752086467,0.8468764550696528,0.4483350189542156,-0.27750678131200457,0.07325604626514633,-0.5512620760530998,0.2565226604210316,-0.6069263223053157,stand
0.001895732906921903,-0.587414136719496,0.7462074367861845,0.24475487789885775,-0.33746901292320913,0.10581440892910222,-1.4416611865176654,-1.3861360393000324,-0.5044888491165294,climb
-0.7805959946808065,-0.9985363185979432,-1.4673214376070125,-0.2437040996598401,-0.40084925379435093,-0.9714271551043835,-0.008270909865217656,0.9246263975440446,-1.1993387003913025,run
1.1687307476212838,-1.7692930594537137,0.014270374958960549,1.0854734223341047,0.8474284092923283,0.312937896657533,0.5291763401094787,0.07107858612317171,-0.14983290520456763,run
-0.6457979974194894,-0.5223841504776959,0.4165050903134825,-0.5358907634554045,-0.3264112164717182,0.6958807275198116,-0.5667461081934596,-0.09405050261437611,-0.2249536455429098,run
0.04013458710585094,-1.3977397851394826,-0.14063353529161723,0.3998032558916616,0.01898888879979456,-0.3589485937151652,-0.14009802130369353,-0.9931650114787051,1.5823352675880853,stand
2.1002953260044284,0.20920606631700384,0.4648252099631157,-0.6269959772687036,1.8089202741798625,-1.1196745395983525,0.24594796830358878,1.0974244606060422,1.6131798289257733,climb
-0.7071050037853973,0.3426276394919521,-0.8399399337321869,-0.7962559070186047,-0.5436765607579582,1.6826528506457032,0.5449481953473135,-0.6746394279953596,0.7323916415379127,sit
-0.7081759273794169,-0.35489404823113585,1.7937385247296287,2.2902272386839972,-0.8957415740792705,1.0826393172269517,0.9257304210594524,0.8234603600562233,-0.7587321292442513,walk
1.2888061337390808,-0.5530833533787526,0.24375609904376624,0.6529741616255283,-0.619787983346436,-0.35666530662302626,-2.0883645835417575,-0.8951819492912021,0.3931910833536705,sit
0.37985228098393214,-0.17409772127284065,1.6740170005241644,-0.6401093747510832,2.376340860464637,-0.6188476006622227,-0.5388538608256055,0.9067245700202416,-3.01221497293263,walk
-0.34896577660736344,-0.3867919680957342,1.414764153235955,-0.07794472255908083,1.0358244265887808,-1.136657103536729,-0.8641173675605863,-1.0380226917628907,0.32420525544135426,walk
0.282448418837253,-0.6577384589416727,-0.16354898002158275,0.7465007016975063,0.11903511505722143,-1.5121811768377489,0.30470272346085886,-0.970067255992348,1.346104825895262,sit
-0.415095522205787,-0.2623599765783758,-0.4469804729979683,0.38373199758615134,0.3044543313594784,-0.531947802310594,0.7356383113462716,-0.5978332450785626,-1.059736198643906,run
0.31953283708743974,0.5330311105075602,-2.211675507257219,-1.0598066826941661,0.9383501179122615,0.659576572653104,1.8495327861092512,-1.4468950421004043,-1.1625515376127389,stand
1.3499107779239474,-0.27453196218636833,0.8298275241621504,-0.5773582695346439,-0.7354221392678265,0.009202657405024673,0.8731787546522555,-0.8537740110048166,-0.4098246086555259,climb
0.15362858856290434,-0.8233247028996782,2.1880273138009962,0.5445846998167102,0.3860356255775172,-0.6668023662610617,-0.34950588953309775,-0.9306732310389517,0.6765296346134972,stand
-0.22328189746310922,-1.0612641133474237,-1.542325734333467,-1.8292341152272962,-1.71775680326439,-0.18891067926453672,1.3252638764669893,-0.292780311851425,-0.7498424923208633,sit
-1.1026488448851701,-2.0340777682936766,-0.6986411987584235,0.13470928729787177,-0.20204274945006856,1.160534797532684,-0.3529071512843069,0.9571100550013361,-0.8372745007317799,run
0.8427978427525383,0.8920969171333402,-0.5881681281318291,0.193485922721309,0.07687797926422969,0.647477570140067,1.2197510707352666,1.4102743598386995,-0.4021043014669874,sit
-0.09669488663552724,-1.0428841518184362,-0.4481439080300038,0.8742289397299791,0.9484470620983244,-0.10352990668874577,-1.3721299330064392,0.21652307533394657,1.1292514804374578,sit
-0.2085465004924477,1.373246165327506,-1.2341263604310297,-0.46035375109127363,1.7558196780584256,1.234495640879231,1.4539849321968017,-0.9866138172779989,1.4019971888688212,run
-2.677519566375363,-0.08039364250086307,-0.0211722992099758,-0.355554265617129,-1.138356096620545,-1.7664842218903996,0.13572624423141572,-0.16119813086542262,-0.029286938718500712,run
0.8088225183100503,-0.4042440011334292,-1.3361744999868568,0.604969342610918,1.7247537941794866,0.007293340680778348,-0.2538171843897662,-0.3215021312229135,-0.32209008377676945,climb
0.45875077778242834,1.854546850011753,-0.16450041813126604,-0.7673834667434458,0.3779874575838436,0.5205042817481274,-1.0095189021547548,1.0730891301567547,1.1556454798380214,stand
1.0937919663340472,-0.14017912036923902,0.06485372225426118,-0.8611019238689862,0.9996865471187669,-0.7412711896774951,-0.4836984133578427,0.545541016367712,0.7912642078351398,walk
-0.46790446763018684,-1.973189233711757,1.2595439596912181,0.015067148047872243,2.1962610870296664,0.12738767399188772,-1.1819117009495126,0.25441247343017326,-1.1023604702519092,climb
0.22034432611356725,0.112503646680725,0.7012697894731903,-0.3104598876794119,-1.7415014520406082,-0.6880715340010332,-0.5182505423370021,-1.082841762462112,0.4469745195209993,sit
-0.747767359485922,-1.2277435000910002,-0.9530985196335114,-0.7925545452596896,0.5480615206256413,1.7468325923147923,0.41563118896441015,0.09076756651464694,-0.09849437664592456,climb
1.0711780815671916,0.6049948722547573,1.5325583464568666,-0.17176805216415716,0.6040615264208784,0.6150268372931502,2.0315687386721213,-0.30130785019808515,0.12101420577967197,run
2.079893672863071,0.7164649536440023,0.09889722528834005,0.1238771282097627,1.1351630684256258,0.5539104388930235,1.756052668610544,1.4427702493412282,0.1171700379162935,sit
-2.1358595086293444,-0.0009882130890216806,-1.1119092680039337,-1.318315870042628,-0.7658101421130096,-0.5529405706330383,1.4005977442949387,-1.6469273560323914,0.8554855761020772,climb
-1.434707780766066,-0.3765509234378657,2.0586239885103583,-0.47807500585911034,-1.0870898985900135,-2.283365072005675,1.4594063537123194,-2.0411488055515297,-0.4692056550325093,climb
-0.15060606083675793,-0.7839491102899362,0.8780415751128517,1.0687802451520583,0.3411060061266416,-0.9931176088316321,1.1652270545551597,-2.649078125169252,1.4915845935050978,run
-0.4145108818437219,-0.8561648151476343,-0.9159119667197625,-0.24108268843812602,0.0610695780614643,-1.245582408493612,0.29096665607864736,0.6909028376247596,-1.4201780220356994,sit
1.5256507307507405,-1.3436492334445354,-0.17034692031103676,0.39893364096911077,0.08119863530399356,0.932433361335803,0.06755535350913733,-1.449245826292394,-0.7977264973936264,climb
-0.5078515608067817,1.5954214698438605,-0.3806392955022824,-1.1633626810573479,2.4117389738290282,-0.717118207201117,-0.2568365886344593,-1.601300855510692,-0.00676184253680393,sit
0.5857471503924252,0.8161085271200602,0.16786515836826518,0.202008399411653,-0.6104588638212659,-1.0288991945440786,-0.14303097570394324,-1.0948041841325156,-0.0544180366119016,run
-0.0718620968618597,-0.007689941807008137,0.11979275603812396,1.0482173271443185,-0.10126473395523845,0.5412547651671274,0.07669626117077444,0.7783128499180848,0.025136241982248578,run
-0.21913413510334342,0.7198876746112992,-0.2081193571927382,0.31645685851546523,0.8427899191357915,0.8473999639941144,-0.19012735792109492,0.48819939083026337,2.746792084602692,stand
-0.1695824679294833,0.24768061160308652,0.2327403660158563,-0.5371359842448685,-0.14608062254804804,-0.8225677435438313,0.40143414806342537,0.24926868941917918,-0.4317362082466228,sit
0.13431316291582399,-0.44047928532147823,-0.19944225386052847,0.36803724490205325,-0.8706636787903423,0.9534472424236536,-1.0458785495533551,-0.5916356060757677,-0.8445151849718867,run
-0.46976712271423826,2.0673154233341613,1.0876076167626891,1.8434870020152798,0.626419514411059,-2.043477289299125,0.14573228266922408,-0.7023438062859884,-0.44015134720096577,sit
-0.224742992699189,2.0523623411202294,-0.3562694935851211,-1.3368472297219365,0.9304017337117167,0.9562274921228974,-0.43635593137771594,0.3128468917797424,-0.35561102368981035,sit
-0.28804181858214134,-0.40052908287547934,0.9114664339432099,-1.0985761377283758,-1.408876259845014,0.9517458679332548,-0.5935864069097768,-0.25202548529836905,-2.0321748140110714,sit
1.059407103918022,-2.383032193822369,-0.29013127095448327,-0.06767382332470036,-0.6934609991721838,-0.6385590318365899,-0.19480121816402599,-0.308659799916289,-0.07643734013119244,sit
0.4660625988419215,0.15562904521803042,0.08933173063673139,-1.5807673126233337,-1.421296422994177,0.5708558787036319,-1.0712544420235959,-0.9798268701987058,1.136629045128854,walk
0.9330606803017139,1.5994849380999867,0.8912907495353156,0.7833992202238823,0.4830841228482683,0.5402478277446281,1.2554724230913494,-1.5838350968912516,-1.8822511982148091,run
0.7990821776675477,0.27088057358721596,1.6724445554333773,0.7228948308207428,1.6913867399425975,0.699525575742985,1.5000338816218066,0.8514736874775904,0.750710943299843,climb
0.8739557895848761,0.9675739631762289,-0.18167920633558768,-0.09533485390761606,0.6327296549647664,0.9147507072480703,-1.1360389068463317,0.26362769422953314,0.5538275864867057,climb
-0.1394557662865286,0.9979161764581072,-1.0766430173112251,1.4173706177362497,1.93923976823619,-0.09584079144058585,-0.22346034159205524,-0.8077142171289748,0.34792926982395694,stand
-0.8604342834808374,-1.9081406414560187,-0.7378468970815517,1.2057103957595088,-0.19620266327404629,0.1269829596974317,-0.6266424327554343,1.376997867497785,-0.622263235771537,run
-0.4854823164295738,1.0741795327981827,-2.3288090705877997,-1.0442278495964155,1.2160081563657246,-0.20943315920355654,-0.8400538247386529,-0.025523608903965128,0.11936331466020936,stand
1.2077860162237513,-0.37333214072126253,-0.6864249966621022,1.5515297635277538,1.031984065736838,0.13782418554393874,0.225895832453294,1.4198176105791882,-0.43820429071840966,run
0.5927932297034996,0.44410008989501704,-1.5075630957027604,-2.468913766663339,-0.7850918668703771,-0.4135055166468424,0.7427286410283944,-0.6882695109408004,-0.3832992416553419,walk
-1.6558444242535726,0.0016028312477181313,-0.5929685589259032,-1.0899394041083605,0.2652848541186548,-0.6343828620800801,-0.40639284176214374,0.17880834137456822,2.019197667156378,stand
0.9415437481333607,1.4658218995208165,-1.699836850623377,-0.16811604513752082,-1.5761565756434945,-0.7347695721635874,-1.9229483500513251,-1.8196239863305848,0.7429475525726706,run
0.7635621182237416,1.5710394528731138,0.19340983740076706,1.0086620135520892,0.9211686135356375,-1.3010904042853868,0.4117053531395196,0.09638905777254424,0.3046836039055343,sit
1.4288828523153836,-0.012165885355809968,-1.887596205664803,-2.403400603933439,-0.039369967965689076,-0.6592960582113305,-1.3655205732865592,-0.8757005498543585,0.9055334211066557,run
0.2938661436266207,0.024319204859374655,0.15389592197180904,0.21376615303803465,0.9400363608115341,-0.1160376497025315,-1.6581825722206216,0.2855566912647471,0.38013408048657715,run
0.3822463329700502,0.8926533870371762,-0.7466876996260029,0.6546805051439235,1.6410025804779145,-0.40493248811835914,0.1945667046289964,-0.12162591100420822,-1.173781850046697,walk
1.1872944148909685,-0.11086853113441744,-0.49342486773071326,0.7289247435998764,1.1743592976012136,-0.513235693194653,-0.14706272424981945,-0.815760002221108,-0.507068612614021,stand
-0.8950523072335131,-0.8308185210986525,-0.2649632733871822,0.46989352494062087,0.8188431781356242,-0.8805796587307582,0.39848820345047453,1.7833470145263515,-0.03147882390067582,sit
-0.3581888153749135,0.030732418706906527,0.4601295991619106,0.46912296714465945,0.51958477135739,1.3604971034068079,-0.23034772869727457,0.8032127143744435,0.2853174132654217,walk
0.5053705952817333,0.0678086660174411,0.021518934501816217,0.5206156969925367,-1.66081936739066,0.9566684702154297,-0.8500427795480426,-1.095987850298659,-1.3910056077032051,run
0.5321752792255666,-0.009809099435532192,0.7171080508760439,2.786592683201826,-1.159591142782998,0.7020081233395484,0.3404421038523808,1.4148089038626896,-1.4449055445527126,walk
-1.944538477141176,-0.401868524555741,-0.16716667133104748,-0.9372435756627846,-0.5797331481160996,0.2606969991371335,0.4945001987508614,-0.36715744570598113,0.07745503239868701,climb
-0.46358264441592417,0.7427316855507086,-0.9115604205027346,-0.5579826330841844,1.1303358972676945,-1.2369123068085952,0.011275167520850277,0.4973072749980758,1.5898607439791372,climb
-0.37616169472654937,-1.7308198714974867,-0.1295123934558791,0.11564590695940592,0.22466677556564352,-0.09901144998488777,-1.0703624677635821,-2.2509415842653886,-2.2934147877477273,climb
-1.2857569620782123,-0.3292796000170274,-0.7872027221680209,1.507247342472601,1.2434658565574819,-1.1079872704457348,-0.9482047104662441,-0.4377592383346264,-1.84630145450454,climb
1.268260997526044,0.058624417568487526,-0.3474362655199558,0.08900770241303063,1.3115814434949546,-1.3616947261263586,-0.32162236074856093,0.6355194855166963,-0.07056478991422124,sit
-0.8281783908531161,-1.3279733841246726,-0.16598605341040562,0.9605788050917627,0.383823534867798,0.8392812140291857,1.5352785870889594,-0.9590340359470625,0.17111355040426324,climb
-0.7872611517619617,-0.05816353057104161,0.8511991268145824,-0.7096085589001231,0.1627962475848397,-1.472175885391575,-0.8569348044186681,0.9376404027908736,0.2938989088424893,run
-1.6355400074684874,0.26635386810893447,-0.5925323041163156,-1.6575504074576157,-0.9889805468591146,-0.6504292478287735,0.8471277169622833,0.021180792927642203,-0.8339741718619117,run
-1.6783478313664935,2.232207784782997,-0.4443588715377353,0.5050718543218964,-1.7642304141544152,-1.1540089897242447,-0.7496550936880088,-0.03086002446321443,-0.7156262963648945,run
1.4311619571142522,1.1236417399746559,0.3594795724442639,-0.41545881208617186,-0.7213733368654222,1.5508793971671009,-1.0640984572709884,-0.29530755375273376,-1.7758320146773086,sit
-0.26955995027993884,1.280971408625708,-0.8069295204113839,2.420853447936937,1.455427510856649,-0.9181261530845829,-1.2815765316429901,-0.797024586052656,-0.3868908816642933,walk
-1.166142910224733,1.8822193730491696,0.38225584382236494,0.13938219039447453,0.489862845314101,-1.259454671997757,-0.4319369891359535,0.6694427056460543,-0.875467888466744,walk
0.6621596432099937,0.5930711550857006,0.6610532114347544,0.41785534168425253,0.06488493369169089,-0.005389353141786865,0.5353989068279774,1.048333359398814,-1.5007812452190978,sit
1.0303334813434497,-1.341367465053236,0.601002865850639,0.3906580511194833,0.14499789874162772,-1.0635953865890888,-0.2741547547045959,0.990445699944561,0.13614147311697467,run
-0.2278606370432453,0.8602292592284755,0.21485393660576504,-0.07290865726530714,-0.20358159257634573,-0.8057953932692143,-0.4328019226800517,-0.06745205332825953,0.8916204935212023,run
1.0331008035923555,-1.080796799016495,0.33924786939911444,0.3098555885341174,-1.263960451280245,-0.32133806307030094,1.779391845173016,-0.2898179068426164,-0.7232248176314019,stand
-0.5424982969325262,-0.307591080966082,-0.3896636736159799,1.1655098836162905,-1.6475218034322112,-0.22948757706836312,1.8424832720738178,0.016001139349688356,1.5104301002160316,climb
-1.057787847343382,-1.5637504419103512,1.8884751437961915,0.5227929063705725,1.0649754198005201,-0.6456717045016419,-0.08718920613686519,1.2488406835790167,-1.27604121359211,climb
0.3411873106927154,1.342815438118666,-0.3562938139554524,1.1297317675969798,-0.6642675788061153,0.6950909659165203,-0.6673013718979338,-1.8884751316576918,1.331755013438207,sit
0.6275571966466235,0.6828865888504997,0.7741163234173921,0.7657960584089647,0.1947804459624535,-0.18137111595176414,-0.6680041447344572,2.2194840708736616,-0.7902126860830521,run
-1.0253324036506353,0.06987481821522225,0.10061793248096937,0.8665556286024946,-0.909068099047269,1.1323258377881922,-0.8541702183257266,-2.2954878596173365,1.4973413498420607,sit
-0.5880855676849495,0.08433235571708333,0.8951921297170594,0.6374165421608408,-1.5161561394276912,-2.1900836077100974,-0.1864115611432057,2.275658298965856,-0.8262919061355434,stand
