date,store_id,item_id,promotion,temperature,sales
2020-01-01,52.688171872004816,30.200013810037216,71.62878161919961,92.92453786692815,20.33737422452581
2020-01-02,52.85489646157087,30.592015317377314,71.5727305855619,93.42696079149414,20.565396424222932
2020-01-03,52.824188527637496,30.156835827399668,71.37791801308941,93.74356648295564,20.125230528694686
2020-01-04,52.712682316091154,29.89946258764362,71.51783823294615,95.12506224465787,19.55877543875705
2020-01-05,52.675746431722345,29.591063325426582,71.53263799489702,94.71210815001054,19.432574384929225
2020-01-06,52.347053674543645,29.745534266145363,70.77070334836309,94.72384724555751,20.422713716829367
2020-01-07,52.34152390137703,29.339330547135752,70.27542528838914,94.77892508306442,20.76723051793945
2020-01-08,51.52967804356203,29.25151701876934,70.92771344707758,94.08130920840306,20.95747750359455
2020-01-09,51.61640080257777,28.72042088883324,71.11293829985138,93.81145274539634,20.121087331851122
2020-01-10,51.01398479191597,28.613559284086595,70.79307933434073,94.06432160710929,19.809626376528325
2020-01-11,51.06120030590566,28.58721817017074,70.60663701413776,94.31190376892101,20.525906352866798
2020-01-12,51.22167939780959,28.34206476433874,70.1756532259611,93.99204144229573,20.390922186508146
2020-01-13,51.93021398680279,27.470695883842136,69.91332955454361,93.91563822708018,21.48839172259576
2020-01-14,52.08859919801561,28.443123773689752,70.4255799088375,94.89328361000854,21.71241591900758
2020-01-15,51.955422721716396,28.63334582329199,70.33505258544828,94.87369599289596,21.637183412541777
2020-01-16,51.640989368987654,28.32040490684566,70.7516510241377,94.55130001723259,21.48019506265998
2020-01-17,51.999150325962006,28.495980447380635,71.56548498221815,95.59406986741452,21.447669748684923
2020-01-18,51.949589602896026,28.892949443478155,71.36791125968475,95.75570271374055,20.721759455873745
2020-01-19,51.573387207408395,29.128607759918538,70.72035834542201,95.32791478900249,21.208290339150643
2020-01-20,51.65008007580933,29.484075539158262,70.93682187810758,95.85261145691189,21.429139427056228
2020-01-21,50.721608524958874,30.002394364902827,70.52666832399841,95.32878692761808,21.30104304088099
2020-01-22,50.761607332653725,29.596318102926137,70.52697179376798,94.8802361740766,21.245287564951578
2020-01-23,50.37139201329975,29.4352503475247,70.61123265702602,94.62253115863695,21.650182642711112
2020-01-24,50.20821814158225,29.4746476760131,71.53983031924074,94.18336391037887,22.66506586398991
2020-01-25,51.205315066204555,29.676449883708955,71.70128199838615,93.79541533895541,23.430852100924604
2020-01-26,50.962670605692125,29.832281944138725,71.47273138503903,93.24250611488543,23.523730476632842
2020-01-27,51.35758867993729,28.776864706544085,71.78565270110589,93.29352806956524,23.112425433057144
2020-01-28,51.88219564561523,30.198316314899763,72.1932307704813,92.67290702478181,22.345770215598574
2020-01-29,52.309076122245244,31.033137047356462,72.79565361488216,91.99780369514716,22.407117324564716
2020-01-30,52.494658095689495,30.755684665737967,72.3342086094233,92.22719518034913,22.01549877508678
2020-01-31,51.940844689689456,31.092451588861817,72.9796671360815,92.115360340855,22.09309783984675
2020-02-01,51.61557075150662,30.74263869567252,74.12275132383945,92.11622187058366,22.238422022469603
2020-02-02,51.032687772992105,30.232165610272542,74.75705392331226,91.98667760644962,22.596885362451864
2020-02-03,50.85670981525323,29.787713025632645,75.48231291024739,93.09562659525064,22.01112003675939
2020-02-04,50.686549909309896,29.549912798906604,75.26494556309557,93.10518539681918,21.56755281591202
2020-02-05,50.22967047704205,29.775703493052653,76.10965804604834,93.01391704970149,21.410458458774077
2020-02-06,50.50334713182803,30.02676104203969,75.87161760284637,93.20185733331115,21.540708834836106
2020-02-07,50.25663394547356,29.921070808715665,75.85223334845101,93.36344473248795,21.641500549368438
2020-02-08,50.075253449431784,29.11772233039958,75.61997032021574,93.84570232799628,22.930536809460897
2020-02-09,49.29082534699181,29.339420383225864,75.32938062944379,93.93194455928379,21.800906232070282
2020-02-10,49.32546412785569,30.036715600963404,75.32676056268316,94.142342413807,22.356023427859583
2020-02-11,49.278352943478524,29.9266413567376,74.74988294055453,94.5265554336273,22.885383230522244
2020-02-12,48.978614745085686,29.893843590724686,74.40630775139734,95.06712079721697,22.427733881791507
2020-02-13,49.169175329578145,30.94132789489782,73.91999578648732,94.84091577000449,22.191573274063686
2020-02-14,49.22860876272313,31.378045759759566,74.68709218351623,94.10030518591583,23.072360476146912
2020-02-15,49.52239595524289,30.908661994613198,75.4971117939424,93.27097687514129,22.76127714412226
2020-02-16,49.83872450827795,30.35280083778374,76.76979346112097,93.52519450644846,22.458502175820016
2020-02-17,50.196253259155995,29.73896703113464,76.73633577934594,93.63098522019658,22.51846908035407
2020-02-18,51.030601068473025,29.928676793424934,76.75105221189158,92.96946350221562,22.77464169339338
2020-02-19,51.0949001416938,30.73020891433077,77.13678234014368,92.96950403836223,23.273421685047275
2020-02-20,50.62186659945524,31.016436715843962,76.49858858729567,92.752032821527,23.79376243977363
2020-02-21,50.4068913480873,30.535851390131374,76.00937508795822,92.35885153428272,24.184687903363084
2020-02-22,50.20526804703176,30.963733088500998,75.21079162409018,91.43897343520057,23.230678817684
2020-02-23,49.745361039490014,30.56631186468775,75.62918644676557,91.24646040460829,23.210006581417936
2020-02-24,48.48868778412691,31.814575989505332,75.19862652909895,91.42714267986979,23.542441197358148
2020-02-25,48.60429970106813,31.534880662103856,75.69944966834262,92.3248668279844,23.88481703353191
2020-02-26,48.62113302596531,31.00100671160548,75.46855044870341,91.64831180208286,23.52983309099952
2020-02-27,49.578086135197395,31.153641005720083,75.4704198295295,91.42813601087906,23.01849383842606
2020-02-28,50.50329160189019,31.59860492791273,75.38484743989581,92.2391186486253,22.472715074558987
2020-02-29,50.843203883466714,31.780983474871867,75.48001273053035,92.7301557213158,22.705478826728932
2020-03-01,51.12454427346454,31.94398392489486,75.23550380979344,93.13618822301856,23.20910687489652
2020-03-02,50.7097267881043,32.28217159949141,75.7553431243422,93.13661380258777,23.280043930820177
2020-03-03,50.80404319043909,32.32448789242262,75.67152886201345,93.54800294420203,22.74508077683607
2020-03-04,50.74577600350745,32.52642220372973,75.85352291461392,93.14406817840653,22.83488299286019
2020-03-05,50.818663337931,32.92654234693402,75.90830043465076,92.66420640945026,22.35894070582154
2020-03-06,50.43419719177683,32.31420252442013,75.40150399280256,91.86816036330255,21.99044765497261
2020-03-07,50.643754777751305,32.19035031983555,76.07612385246456,91.83983348681816,21.806139765942333
2020-03-08,49.95908372475468,32.5493874823321,75.75030474747747,92.16517888536917,21.406879009737175
2020-03-09,51.476830430338104,31.790251409518334,76.15467872242958,92.35513874225734,20.841770143931395
2020-03-10,52.20036400478844,31.96514419767612,76.51916560438197,93.21368091256228,21.61645621681717
2020-03-11,52.86397674978633,31.723203864317778,75.76970115895558,92.83476829222612,20.672529735215846
2020-03-12,52.22628908278766,31.598140702909006,75.67983923593397,93.38229401418846,20.376739997698124
2020-03-13,51.41593441513922,31.613433823199713,75.96974972154743,93.44970993939214,20.268849054278213
2020-03-14,51.55331996357212,30.826377282126046,75.82498665531895,93.9690776146736,20.882830297746825
2020-03-15,51.40109471667009,30.543522606562956,75.76100212263098,93.94569004550037,21.030163838611365
2020-03-16,52.32495769377426,31.20024114565343,75.86952561046347,93.93602514717712,20.88939175469113
2020-03-17,52.63884243307918,30.21925213446003,75.68154865983442,94.06514340880595,20.518796047913614
2020-03-18,52.61822138000977,31.025527587933237,75.86014781796753,94.07910325298182,21.09243207523534
2020-03-19,53.358163013774444,30.73850857451608,75.88143901488259,94.80044380471455,20.68911968788571
2020-03-20,53.449226347243055,30.44706278435322,75.78294310238921,93.72529990651879,20.794694517401986
2020-03-21,53.56372453936848,30.495414203671245,75.29767975154873,93.39617552615599,20.70999782254576
2020-03-22,54.084785457315995,31.215800916574395,75.50046748658191,93.08365604732683,20.950024498616138
2020-03-23,53.74603659220256,30.543882423526767,74.29594747156415,93.55781653542547,21.735578351620596
2020-03-24,54.25538368474001,30.278164443501694,74.42709430235925,93.31493297321148,22.088325787610486
2020-03-25,54.53839765627378,30.64592110995859,74.43452199018982,93.29150982128971,22.02386730456659
2020-03-26,54.07803209930617,31.03286991950843,74.02799820836044,93.10916403584835,22.861720594922765
2020-03-27,55.05705914702921,31.93617047756284,73.33325776913937,93.4534542623762,23.65162801877774
2020-03-28,54.82832442494052,31.393472735426144,73.54238783728897,93.39072131238203,24.221388736943013
2020-03-29,54.01108357454397,30.803780877623232,73.41883535863244,93.8208542150531,24.36240661403446
2020-03-30,53.622289972020425,31.21975003030774,73.48815091564131,94.31353871447041,23.976851797681327
2020-03-31,53.10442519170338,30.89002412862627,72.56942873689013,95.29021970431079,22.793831712400603
2020-04-01,53.20227194333771,31.11241064178507,72.80772005652436,95.72403629178133,22.899550222343137
2020-04-02,54.01353082932725,31.468215500171688,73.27755072945773,95.96529427259577,23.28654700649777
2020-04-03,54.13788040695366,30.64901338149897,73.20121819939882,96.87701001670214,22.617987785376318
2020-04-04,54.930811757602115,31.56754659031132,72.75276400752902,97.44471710391717,22.825730136434252
2020-04-05,55.46411723505398,31.74522773307827,72.9698305109351,97.49034729019111,22.603013165161492
2020-04-06,54.130872419093926,31.45400020733387,72.82772920722039,97.3408518292328,22.858138308646907
2020-04-07,54.58060695497038,31.507605305000823,73.25940409656432,97.94911083585652,22.549863601406024
2020-04-08,54.29011516910432,31.609192202372626,73.26977311063108,97.75673543589083,22.186836561733674
2020-04-09,54.546467296474084,31.73634996599307,72.19863324852538,97.96648922647758,22.15629351274339
2020-04-10,54.51752924000212,32.174948592820975,71.02408640819884,97.18545540627721,21.568100745608483
2020-04-11,55.910597974820455,31.891692251396115,70.66887074969517,97.09560644669686,22.048883139423626
2020-04-12,56.12863219820976,31.97484546467165,70.89532047094207,97.81544867373444,22.05900408102215
2020-04-13,56.42053375729274,31.822499779782966,70.64915652544227,97.29600224029686,21.486713921527603
2020-04-14,56.95966077865641,31.99762161618412,70.89522293342092,97.67989056163889,21.17892402216636
2020-04-15,56.215104081174296,32.07820907102902,70.56418517118573,96.59319169759084,21.47403585746322
2020-04-16,56.75683289931227,31.063185856513062,71.59549632356727,97.22596045524715,21.32331916144065
2020-04-17,56.6490306112715,30.732558151562714,71.50150387046673,96.82981806969435,21.678277999623155
2020-04-18,56.303305402288004,29.83147592998966,71.63610863337651,96.65850311787666,21.180716637155314
2020-04-19,56.7133208831651,30.720601195430227,71.15683282216003,97.36495688403247,21.040858419235622
2020-04-20,55.969159271196304,31.182682190216603,70.94773250992642,97.17662438669147,21.004756925168873
2020-04-21,56.43862872658969,30.55386232599394,71.19467052085159,97.6446864647912,22.118210087293594
2020-04-22,56.35988610139106,30.973743028977285,71.17157198990454,97.99674139295068,21.754233761750704
2020-04-23,56.309815773958206,30.747595252532374,69.78076304114366,98.61248379288573,22.067500876732446
2020-04-24,55.187713753168296,30.83538723830494,70.03031455795939,99.10419288703949,22.30323290021183
2020-04-25,55.63792397895994,29.82198832277166,70.33488905232689,99.04853969850348,23.177132717202454
2020-04-26,55.76173722258846,30.028198804084184,70.70030592113395,99.63793946011207,23.856920286686496
2020-04-27,55.528148356346776,30.236409835614698,71.25000305554781,99.76312555643811,23.625641036185204
2020-04-28,55.064429276573684,29.33909228929443,71.34037984442628,99.88306266599417,23.1009883419355
2020-04-29,55.455219844467244,29.9824345309604,72.53817177499359,100.7421907162886,22.393113329231753
2020-04-30,55.62931123303893,30.561092512977083,72.65497010534192,100.91379939425616,22.511100069804314
2020-05-01,55.63190294689904,30.656971047339024,71.50371750528765,100.84777111534265,23.018003806993114
2020-05-02,55.13777629132994,30.460059692055285,71.61555509425145,101.68287872972394,23.589911013264977
2020-05-03,55.28916958592347,30.313376282766757,72.17597419878913,101.70434203477903,23.45936448247734
2020-05-04,55.410789636034465,31.136600924615315,71.4870933346835,101.15982458133476,23.481551755915405
2020-05-05,56.068734685850615,32.048651664655054,71.35184245451995,100.37980856138438,24.19457697621242
2020-05-06,55.47001047192286,31.772687116335423,71.95826508976569,100.32050928256945,23.812979118265986
2020-05-07,55.112094408133984,30.90170055400344,71.67594442985178,100.08120503557947,22.575314609636557
2020-05-08,56.083900992683475,30.832419261839796,71.55715636285281,100.60077877408203,23.15191355242584
2020-05-09,56.17967248315687,31.47270303869886,71.94755838824813,100.32645301240782,22.57172892655941
2020-05-10,56.30603716219339,31.14502896983924,71.30653277664084,99.683970830061,22.42643593650466
2020-05-11,56.789016549937614,30.625918289599458,71.3006539597331,99.68705708199705,22.65473147542838
2020-05-12,57.695205000960534,31.573094472715535,70.81478370687454,98.88868629131203,22.423641321794108
2020-05-13,57.114278225596316,30.843951719019106,70.68070440271465,98.91594378353685,22.96381066649932
2020-05-14,58.205195283223475,31.54715120176806,70.79910012464994,98.93200934178103,24.299474335647133
2020-05-15,58.183371952828665,31.56536264305883,71.32925675535674,98.75785195017049,23.89595187100728
2020-05-16,58.31529670084278,31.53244116009597,71.48548914504431,98.11949303068899,23.96289756012836
2020-05-17,58.345329103332006,31.752435330880903,71.20291366713973,97.77822086838151,23.965391381392635
2020-05-18,59.09423611017359,31.706076185723823,71.80152276995021,97.68838056476666,24.121793292578772
2020-05-19,59.57346516529524,31.669504971086585,72.10920439302964,97.05248165488389,23.820092039447452
2020-05-20,59.50098572484327,31.232884034807544,71.13837912236892,97.23669274232905,23.494999182310345
2020-05-21,58.937526542774435,31.051726564825398,71.5573623302633,97.50046852324398,23.181740629333632
2020-05-22,58.81607818174111,31.39323146855402,71.58982019278437,97.54383638925313,22.95100930889612
2020-05-23,58.147374621516086,30.795542186978434,71.57338259954217,97.1578030318652,22.72818496322694
2020-05-24,58.59293186831909,31.232127944387827,72.16859743198685,97.03404023549533,21.475576206462243
2020-05-25,58.253710545729206,31.140436742432698,72.06644230489701,97.77607551987568,21.519883309740294
2020-05-26,58.20248518342291,30.54116057889837,72.51351681444437,98.0667506165426,21.36928649519231
2020-05-27,58.78906745235105,30.478622139507152,73.15221159723468,97.98519488187831,21.01006509651042
2020-05-28,59.192600214333105,30.688946823892593,73.18331999067908,98.3313253557952,21.056582596559252
2020-05-29,59.38419758636887,30.295392531577342,73.40700205016579,97.23544072226383,21.053835660635517
2020-05-30,58.986378509697026,31.000825601911128,73.75400500296496,98.49289094244206,20.854999495242293
2020-05-31,59.2289776033159,31.455251151891947,73.98524537926919,97.88590179047931,20.85938577562904
2020-06-01,58.83131971611946,31.77267519648292,74.42991625800751,98.02279334297783,20.56843875149481
2020-06-02,59.0784967151593,31.649353673847035,73.90771683377861,97.5674439954654,19.983941237487553
2020-06-03,58.4249711674653,32.07126144228007,73.58701114206913,97.02275078766712,20.964482851174495
2020-06-04,59.02855616744318,32.648212511652225,72.95722161387916,97.54235136452604,20.71651427773489
2020-06-05,59.12833113518291,32.34601294089175,73.80023514480675,97.479823360826,20.849285115013725
2020-06-06,59.1219453862402,32.341748249582224,72.96236186487425,97.5634799060931,22.147515126391937
2020-06-07,59.31753823399676,32.261140954837344,73.62271916489462,97.7168964401902,21.940666511657433
2020-06-08,59.25980533997035,32.15907961795394,73.85885014642076,98.01670759789626,22.170766144320854
2020-06-09,59.293808688293154,32.86055809696277,73.42074597861595,98.27881421873231,23.334111842840628
2020-06-10,59.93945796491707,33.45738679614589,72.78506469475975,98.71439211142527,22.509133898006873
2020-06-11,60.46802383516688,33.97127505403049,72.76605986225648,97.7917100408572,23.176045114783975
2020-06-12,60.82451691049049,34.271273420025864,72.65384275437644,97.39959515415477,23.28710719410423
2020-06-13,60.95051016799226,34.29605043274586,72.85159108767981,96.94668154062259,23.034517263520247
2020-06-14,60.792281042932046,34.213864388046275,71.7518611525037,97.47193377500903,23.058756294362627
2020-06-15,61.32872840154307,34.43723160025341,71.65757999659117,97.85033906204872,22.87783819165055
2020-06-16,60.87346022412603,33.65605864528297,71.2192987532757,98.17972177426978,23.665964428801182
2020-06-17,61.765452471719954,34.10327334323261,71.85755748465192,97.71788857038183,23.65795914911196
2020-06-18,62.12124845258837,34.586722320239396,72.06221009767675,97.11833065493006,24.006869559169964
2020-06-19,62.71216532981791,34.12664698893444,71.80845610126161,96.28678803198726,23.742416999718643
2020-06-20,62.94607695108358,33.452238693038026,72.51910286112201,96.45914780695595,23.88860254269169
2020-06-21,62.88490860330444,33.72644226315922,72.30125658187366,95.69427972001783,23.69719903754241
2020-06-22,63.35908493115277,32.96091603836403,72.24922747433406,96.06687163542063,22.987239894137424
2020-06-23,62.65540852366054,33.1113698848665,72.38451667977591,95.72250536899534,23.64144382725871
2020-06-24,62.361095459374155,32.72736030090491,72.83914097366446,95.46383741529819,23.815505870355874
2020-06-25,62.26555749737909,32.01964117968899,72.84508451606256,95.31484089956616,24.201118292814257
2020-06-26,61.57509272702377,32.38342016272052,73.55528067819093,94.68683422739535,23.836908667731645
2020-06-27,61.89361049612909,33.08813185086405,73.35438010063969,95.13954481629888,24.42926541745642
2020-06-28,62.52655248029471,32.893023249020686,72.86392095638169,94.57314524773143,24.663181902159824
2020-06-29,61.67213309446001,33.31111699080034,73.6602005391571,94.43686171231805,24.738297939683967
2020-06-30,61.46438496684918,32.93010876447862,73.50348954088659,94.94157099902287,25.252933180059934
2020-07-01,61.37959384876203,33.37750926672629,73.8001184215658,93.97457717308563,25.088308843757346
2020-07-02,61.54106112293941,33.135584701331155,74.18426640282799,93.29683244455859,25.73567481761145
2020-07-03,61.96853965442453,33.85201816087529,75.22562270627769,93.03674339466363,25.404548764591993
2020-07-04,61.82911096900231,32.728991879795714,75.07706973723396,93.00829100306966,25.421185803496137
2020-07-05,62.299540330951565,32.46907584762681,75.34090490525213,93.28587461545082,24.95293574059892
2020-07-06,62.343731368958636,32.28869280577216,74.94941120781832,93.34274053340613,24.378826918263158
2020-07-07,62.04230837675321,31.503823338314746,74.70879682034742,93.56800846258429,24.14594653913167
2020-07-08,62.15760975739603,31.859647879806573,74.32990207063344,93.74585014414134,24.065502394975102
2020-07-09,61.525977171244726,31.83818252777395,74.75337695968855,94.01629360914329,24.341391319974274
2020-07-10,61.39869227153497,32.22742093737827,75.21328205036177,93.33283230855726,24.01986703111394
2020-07-11,61.310945269307474,31.858027363516044,75.39771237379502,93.07269183969821,24.313321008759154
2020-07-12,61.00853658924744,31.30885076916519,75.00984012761403,92.99556802455241,24.153346812278958
2020-07-13,62.27483693795252,31.032673155522524,74.68437233608924,93.08365128330789,23.906311689535933
2020-07-14,62.92561203111832,30.430516367689627,74.333445627414,92.93237197323002,24.22103266047114
2020-07-15,63.02551587308374,30.265263315857897,74.51190458479057,92.80638729264439,23.948813611693584
2020-07-16,63.23934525707489,30.936061698669167,73.72139525389765,92.5554250521388,24.8614160762232
2020-07-17,63.497812743844406,31.072698707916693,73.52305512817118,92.5391341383522,25.077582034898796
2020-07-18,63.81009566376588,31.405123680989604,72.8535058553854,93.67334395402656,24.3937837407641
2020-07-19,64.59113650363564,31.182989976476502,73.10669101183248,93.7065813994964,24.334188013266377
2020-07-20,65.05486171904906,30.714472194563374,72.61113645624829,93.14513687871634,24.010582086230624
2020-07-21,64.06201258004585,30.80916157009608,73.59019811123797,93.62360774321608,23.189935263422434
2020-07-22,64.47880229145315,30.835175037031863,74.11287921949082,92.73648918517925,23.71887535678939
2020-07-23,64.06044979616206,31.379591066877207,74.06834180292032,92.87070839015813,24.25932612238591
2020-07-24,63.78334211245932,32.01149904358185,74.27507032328438,92.8812636865772,23.89694387666653
2020-07-25,64.27400259544082,32.48836359594313,74.50926575735551,93.67497300103943,24.25225512328145
2020-07-26,63.34241718760789,33.533525407402564,74.02914569863565,93.795672642431,24.69073848482625
2020-07-27,64.19870367267282,33.5645710841378,74.64822960578944,94.54352387448375,24.684415849249373
2020-07-28,64.60736842097305,33.88324831624489,74.60037975024724,94.55270086932954,25.160555978140867
2020-07-29,64.77422513760139,34.49381563623395,74.21642173021236,94.7512929438792,25.30781261175667
2020-07-30,65.19115245788794,34.91126611977919,74.48721514525687,94.44474512950008,25.88053457290551
2020-07-31,65.76539750923126,35.41176200185588,73.92580235175878,94.24930416913612,25.294298676756938
2020-08-01,65.87684205660514,35.44753212999328,74.25371927981692,94.55754417761464,25.368282917609278
2020-08-02,66.2638633859858,35.4149182017552,74.42522865917405,95.16300907419749,25.469048888159875
2020-08-03,65.77392626223632,35.26631543252492,74.10022144643514,94.28314292716361,24.89080509865425
2020-08-04,66.1798923867373,35.16854359362155,74.57846643335003,95.32108619577117,24.360380435757033
2020-08-05,66.48374110986046,35.19224927152292,74.93111919025732,95.54714375765094,23.568355322957665
2020-08-06,67.20335387408832,34.85806711390137,74.77018898197753,95.37753130710296,23.590956783306787
2020-08-07,67.2904251908232,34.29993379834959,75.03971845382891,95.6129225479834,23.37078504528833
2020-08-08,67.44363786738111,33.72451252910417,74.37362875719447,95.33868365924545,22.725402736278006
2020-08-09,66.98197810150748,34.36568790969228,74.61937992504306,95.71318735737046,23.3340321027856
2020-08-10,66.98170423817979,34.15335202504897,73.88988147064487,96.05791209135938,23.534183710620873
2020-08-11,67.28739188452913,34.45452657988494,73.9540782200169,96.12215485532826,23.17190904835387
2020-08-12,67.64043559600512,34.38074791472582,74.29870663357637,95.6680190364827,23.27353002823905
2020-08-13,68.49700877274009,35.04411544958512,74.4679165074451,95.68085804823079,23.154538656715737
2020-08-14,68.72775148910421,34.41704068994751,75.24460500245107,95.77730421413075,22.373345725860254
2020-08-15,68.68137090748112,34.32885654797118,74.84790530756463,96.22657650720647,22.510278106801422
2020-08-16,68.95970398213885,34.07081645064969,75.05227091067368,95.94750335947506,23.330207004530685
2020-08-17,68.6809930122682,34.06723651236042,73.98607384656634,95.77205548335083,24.036210679657124
2020-08-18,69.34352272794975,34.52318742611204,73.72998340678285,96.4128083402641,24.08790192417353
2020-08-19,68.9967592376684,34.47263837671397,73.57865717144583,97.26370352353409,23.8699066116044
2020-08-20,68.79417822540027,34.17165153738269,74.36233796955135,97.28792048024394,24.15133937892592
2020-08-21,68.25642915952133,34.17031408085903,74.35053245468546,97.90575586315457,24.284610779327185
2020-08-22,68.29785730038483,34.01229660455041,74.80708469830927,97.90443286303342,24.21530472788841
2020-08-23,68.6204497879213,34.2445787200111,74.35488249039926,97.3203834499246,25.145366953021707
2020-08-24,69.44708710708233,32.968638321954984,74.18842490786317,97.00651215500285,24.94731356669903
2020-08-25,69.41839323885145,32.7947452468628,73.77006151659147,96.65723759522074,25.425872952012146
2020-08-26,69.30618581565199,32.823102600096355,73.27315057510714,96.46931609981851,25.497802214366757
2020-08-27,67.97190692469032,33.21582967695911,72.81053066213242,96.29286521729311,25.572145617462613
2020-08-28,68.0834738418169,33.66551762345472,72.50356292701589,97.3543532425412,24.746682175790518
2020-08-29,68.09727366895936,33.328915336248336,73.52493170276342,97.00253075592148,25.297390800769186
2020-08-30,68.10517277412575,33.11791768595933,73.49568667889902,96.49702936053092,25.715768356190924
2020-08-31,68.85807592406644,32.275683759592425,72.81929617474998,97.10041066286331,25.809777894594234
2020-09-01,69.1311409368139,32.33220539502772,72.55715302471354,96.30433882750951,26.327177472911902
2020-09-02,68.92309200982865,33.5763537223878,73.06542417583388,96.44109346883371,26.534950514240162
2020-09-03,68.47021394881831,33.67177643719485,72.71456541947929,96.42978118550622,25.8862486140072
2020-09-04,67.89155267941248,33.32616897929573,73.45837555706584,96.24978886513142,25.40095150115474
2020-09-05,67.66876712908154,33.4117708534135,73.9731928000464,95.8291375906177,25.37064389882749
2020-09-06,67.85577265443702,32.3879661456116,73.87602715317205,95.29570850946945,24.524917880349467
2020-09-07,66.80092477468213,32.76437918469411,73.54803337718666,95.60210686208634,25.086134768688453
2020-09-08,66.73340122606368,33.421076442281446,73.07263808972547,96.15777264560353,24.978359696858387
2020-09-09,67.13431565966232,33.31510522663403,73.16883746966015,95.83140619186685,25.04682478211798
2020-09-10,66.61665922501821,32.89942154988311,73.37632747472567,95.74210801642577,24.556080249367426
2020-09-11,66.52757636306684,32.68194448269056,74.0463344278178,95.17566829269745,24.879328942521138
2020-09-12,66.03178612805915,32.49462247409307,74.22473437050829,95.21870398993926,24.80797184728206
2020-09-13,64.67769911004035,32.75034129034579,74.04854495797593,94.92879176484209,24.64493089613799
2020-09-14,64.27751888003736,32.883499870188636,74.73572655613508,95.03199586167788,25.350407523593166
2020-09-15,63.745749806902,32.837018855670394,75.14535987264844,94.97698577175025,26.00512395426982
2020-09-16,64.13330151039013,32.83762061674481,74.80152990326296,94.34832414172594,26.379982446572424
2020-09-17,64.3735696746027,32.51248238502769,74.75998292161567,94.40211261472271,26.48450992823748
2020-09-18,63.852668399689804,32.818415118139235,75.09021246769672,94.37073492743403,26.22646500429472
2020-09-19,64.49899295486127,32.82537694506825,75.24265830222515,94.0654859504174,26.08205085666856
2020-09-20,64.86159533237067,32.043900236555956,74.73873011235266,94.48783597565355,25.914674471104917
2020-09-21,64.7333738081984,32.40991868093838,74.82666243847073,94.43589874738426,26.110759764274576
2020-09-22,64.89840162221545,32.261750736918636,74.4888424709879,94.63382150011225,26.09489617248762
2020-09-23,64.42571566783727,32.05717118686468,74.52059171621218,95.51832840569323,26.0914955496916
2020-09-24,63.19473950596058,32.966157476228396,73.87075930078568,96.46308499756928,26.861940120208878
2020-09-25,63.24017754990894,33.17495907274334,73.42530606551226,95.83935692678378,27.433801302891375
2020-09-26,62.558124285566116,33.509308207515836,74.47462590320141,96.20328605798946,27.043204344846338
2020-09-27,62.44470696608102,33.214278319420494,74.26150708400563,96.11229724151804,27.191692846287097
2020-09-28,62.650211169159476,32.919905110406674,74.81823537820686,96.27618208054659,26.80382816010522
2020-09-29,61.67838324195186,33.63324371637788,74.75530220101449,96.85832014686001,27.105180627498417
2020-09-30,61.78170960666087,34.86926473173082,74.15384253077674,97.21939718842512,28.06978456962787
2020-10-01,62.194932480012,35.34167715495658,73.6138559081291,97.16175093647826,27.891754771945386
2020-10-02,61.15545224632492,34.07297923057695,73.21737507832526,97.67245025116954,28.287053656394388
2020-10-03,61.50817112600106,33.699175290193025,74.29024204582927,97.43439528463408,29.093833143494024
2020-10-04,62.45766157206255,33.66820895825234,74.17468510611867,97.555936816981,29.025717031290586
2020-10-05,62.33012302505074,33.591081021785875,74.26521794886247,97.91443816121036,29.272868319920832
2020-10-06,62.700332318568584,33.5126814432935,74.60611107032591,98.30429828089659,30.130284347337152
2020-10-07,62.19799253632103,32.800566403710114,74.85840683042784,97.45709739181835,29.662254008800083
2020-10-08,62.65810875330014,33.76186837184915,75.29090162873727,97.05109971893651,29.143915973058068
2020-10-09,62.913177972805215,34.042541080760785,75.02819291850582,96.66868631185054,28.521783683587202
2020-10-10,63.02205490320406,33.66085012912552,74.43627424676224,96.55679232757912,28.899260615855443
2020-10-11,63.10248502532066,33.37080693374368,73.9639990280597,96.90957406316744,28.39269177487415
2020-10-12,63.29970938913835,33.67395790240258,73.19806706171303,97.02727750137385,28.67261576875928
2020-10-13,63.267709375619155,33.547075552506705,72.93798052826443,97.46392076870987,29.352422895911406
2020-10-14,62.78124430833763,33.61184599165034,71.07490989075494,98.36261266160156,29.021483874096965
2020-10-15,62.70731865723501,33.82465979129773,71.43720920181097,98.37306748088999,28.640441904968412
2020-10-16,62.68347649116691,33.568733498092726,71.72325554919573,98.49568822861067,28.975402078367814
2020-10-17,62.09652329532527,34.43355592195246,71.23552121396597,99.14876503467228,28.99933243152968
2020-10-18,62.0412816019001,33.25860137234095,70.54709032683165,98.65681032291961,27.81788331740877
2020-10-19,62.01040586333443,32.87070891180088,71.311050382702,98.89407519543718,28.58382153519593
2020-10-20,61.750095439677146,33.27817846301716,71.79429317329729,98.90484437889218,28.859820487431286
2020-10-21,61.926240793456664,32.93549968536823,71.66560344435878,98.17075327823258,28.66963703938169
2020-10-22,62.22100450207195,32.85489711575539,71.32804526987402,98.65797559921037,28.45920186421545
2020-10-23,61.88916251941374,33.47761977011644,71.34706487216702,99.30056974694907,28.80933744929836
2020-10-24,61.96372757469382,33.71607395555931,70.62661750858912,99.76825554616035,28.786897921251597
2020-10-25,62.418323655886134,33.77653592081005,70.77310088234533,99.3962306320042,28.815522394738043
2020-10-26,61.91313912303505,34.3617408294004,70.17204290252428,100.4950744421967,28.89087719760157
2020-10-27,61.081529290537915,34.075881185245976,68.97660573715258,100.99851689041935,28.48135187454692
2020-10-28,60.61095467810815,34.2929176915314,68.56968936196007,101.35180511018038,28.300976558402112
2020-10-29,60.87440081229714,34.549763689144314,68.06214753953988,101.8195093440563,28.206813821550607
2020-10-30,60.646044215018186,33.96762488044012,68.96560497257956,102.11345353134496,27.826494653745858
2020-10-31,60.02677338029659,33.541406731922315,69.80295406090521,101.98283375950962,27.96385695246842
2020-11-01,60.66147240993334,32.68573270775005,69.24479178224973,102.21723033155484,28.20602211726117
2020-11-02,60.07130069025054,32.82118846151174,69.19474575122611,102.54872839655874,29.04926963625885
2020-11-03,59.98601208329006,33.44242423109836,68.86659346256687,102.59651488121554,28.66878321226333
2020-11-04,60.3542989078477,33.043534644984774,69.78549630558284,102.23156919373287,29.114011759801826
2020-11-05,60.689366592246216,31.866389011133947,68.87540591051844,102.33694888506126,29.82647702263624
2020-11-06,60.89802409364458,31.841587852960078,69.10796588499666,102.82415617078958,30.301271410110797
2020-11-07,60.56404813103779,32.44133655356274,69.74695666642519,102.82320159561321,30.052236742693864
2020-11-08,60.84299790009342,32.264989183502266,69.47411989592128,103.38150109123842,29.897599943976164
2020-11-09,60.850381638897815,32.52671994710771,69.48592215463184,103.24045648727008,30.65656563174208
2020-11-10,61.05366115617504,31.419456478808343,70.01247019875106,103.22789323180189,30.56332076303702
2020-11-11,61.73898169695364,31.70485263947565,69.45900316444724,102.363836101891,30.548257175836373
2020-11-12,61.142107940836695,32.46962267796564,69.77727463021516,102.57627684339299,30.30490308370449
2020-11-13,61.33472433082304,33.394286769355695,69.00306649092249,101.55469065163192,30.691812262909366
2020-11-14,61.405795083006936,33.891494552009874,68.20539128815591,101.5916349602129,29.461406889088877
2020-11-15,61.87797174668431,35.16811092622895,68.63069216258171,101.7614487244024,29.056403822643283
2020-11-16,62.767129794187014,35.60294768055584,68.14721318247332,101.77804873277739,28.566456195437084
2020-11-17,63.640709578050874,35.55466315890524,68.23688204979928,101.12609658724294,29.360648397690024
2020-11-18,64.05821224837226,35.3209741638577,67.6478184949944,101.54249394135195,29.476755156069924
2020-11-19,63.75886914466879,34.49993193045473,67.7881218078188,102.33732920982074,29.375878722655088
2020-11-20,63.54771689945638,34.18086515723358,66.95856182947905,103.36474666621092,29.27387240404522
2020-11-21,63.90841154472164,33.63155864907395,67.60638068685495,103.37611091477717,28.583091454158794
2020-11-22,63.26513542971444,34.0279533443133,68.01309212189666,103.26224701293894,29.26118897759043
2020-11-23,63.14838930379775,33.44167893306097,67.71244979384052,102.64873403282843,29.08550544804893
2020-11-24,62.779291609716964,32.92661017286235,66.78094401319628,102.89159034271657,29.38206397554879
2020-11-25,62.190918013281795,33.40557164550971,66.67859815004724,103.65651191568155,29.05380859689189
2020-11-26,62.31481885459577,33.13721526170561,66.49942968062595,103.59548683710099,29.0238277095601
2020-11-27,62.70961083553112,33.562124310873806,66.22723917199264,104.03634144623518,28.564391871874825
2020-11-28,63.00976058544692,34.44139093121384,66.75255439762374,102.69989322601563,28.440370853781985
2020-11-29,63.06884828140079,33.9780155362153,67.3593190470608,102.21702253367155,28.96076204147594
2020-11-30,62.892716160051016,34.13496022581459,67.5730985807285,102.49899094178532,29.013672825206307
2020-12-01,62.63040605769672,35.59425725603152,68.31839390798291,101.7404953519399,29.200735107012527
2020-12-02,63.066130163322356,35.92460476418851,66.91681293933598,101.34359242616954,29.23206079775975
2020-12-03,62.810379794044024,36.392514335290514,66.76476912376289,100.9940566210961,30.04763956379578
2020-12-04,62.540330558681504,36.33234549754161,66.588889107641,101.26729734495323,29.639369843120935
2020-12-05,62.74590968444769,36.424932034259044,67.00993962763987,101.3423518792338,29.570320467571847
2020-12-06,62.25536816210586,36.816976318327555,66.8507244247709,101.06932568484869,29.6642744334725
2020-12-07,62.29795219680756,36.23011625488388,67.12844043288193,100.81347438057294,29.166291244352827
2020-12-08,62.03335519451444,35.55955400346472,66.88763097006866,100.29292872107848,29.22952314058113
2020-12-09,61.6976308258875,35.761005414173795,66.55061551111125,100.31939671832708,29.244345636871923
2020-12-10,61.57265259828264,35.64378771775413,66.95115138145607,100.56579474927906,29.30130171578289
2020-12-11,61.94987749483361,34.9829583877054,66.95023541234168,100.97347643274006,29.360449562855557
2020-12-12,62.03825559421411,34.20915120224829,67.10379071342523,101.82996162969833,29.024650013004802
2020-12-13,62.18481796485335,34.72667375606258,66.4836431522153,102.11372509641107,28.212363151304206
2020-12-14,62.564290195898614,34.70873718704596,66.82255964252019,101.60153120342159,28.3039039734362
2020-12-15,62.876136221800856,34.496274795823744,66.28402006043042,101.87571307770172,27.857214959544795
2020-12-16,62.78684227646887,34.4858937742745,67.1406023861815,101.17323483482863,27.810992473267792
2020-12-17,63.06510294966269,34.504342564553376,67.01235601271436,101.09468210339186,27.436771260806776
2020-12-18,62.98088312230784,34.39844619100083,66.8053413415565,101.14786892952446,26.69639255064797
2020-12-19,63.199997508342236,33.57504274163804,67.25143503351659,101.5402419196117,26.876709621026073
2020-12-20,63.72080676890993,33.768562989243705,67.22558209532698,101.90951111132456,27.226884554087004
2020-12-21,63.98112585281559,33.27537550664689,67.58432996939783,101.8125683883843,27.778528769919475
2020-12-22,63.357921649096525,33.07354486155135,67.43487853784461,101.81725554224352,27.555003302553278
2020-12-23,63.1095297843766,33.297695121099096,67.79164071029362,102.27900890359001,27.57484830379612
2020-12-24,63.433313009561175,33.68622158839932,67.75342034276945,101.71633434443348,27.74516070086439
2020-12-25,62.35577235540515,33.845168225470765,68.18684617943123,102.29647342513398,28.255771829872188
2020-12-26,62.51756489099847,33.90434497546276,68.76221934539134,102.53623511105472,27.380735337544465
2020-12-27,62.65124226324164,34.35538980138044,67.96993963845296,101.60578876370643,26.64637549032736
2020-12-28,64.01491610763738,34.57091918953958,68.1488351729472,101.7604723037527,27.340518416153124
2020-12-29,64.23105589762903,34.10010112754722,69.06365222083754,102.31234830737371,26.497986095057517
2020-12-30,64.17681022643842,34.545657397647304,69.37254340716247,103.32237074182262,26.956670755215484
2020-12-31,64.75864703157643,34.95704964312642,70.59178517358517,103.07032276535249,27.62217643665818
2021-01-01,64.58644726648983,35.04086108551125,70.12769138343207,103.34452276815816,28.023877252527008
2021-01-02,64.60758165728133,35.35665301606418,70.25662854551581,103.64253196077343,27.522265407349824
2021-01-03,64.65200639740246,35.47973827816874,70.50045615625406,103.93872901393924,27.07636116201492
2021-01-04,64.95211665328885,33.84463038200014,70.23702141318302,103.85074968427458,27.047569352129603
2021-01-05,64.4904738120409,33.64492231203992,69.61920170803276,103.83417128536668,27.923318961706407
2021-01-06,64.90722691385038,33.564423669113225,70.70410522196084,103.67103791902834,28.795010558047167
2021-01-07,64.64435769986108,33.470590473479504,71.26520731688204,103.80841680448867,28.94447720691864
2021-01-08,65.67407609964033,33.2240122963799,71.54414233790105,104.09404761422881,28.147283527475935
2021-01-09,64.91752020604231,33.20899261752667,71.56807869906453,103.68681375712329,28.2284382163779
2021-01-10,64.53884052303707,33.59286741797951,71.63827189843205,103.92863376471259,28.124563443135727
2021-01-11,63.524195901119626,33.71603796281301,71.9522872620983,104.15576503696197,28.135936416719566
2021-01-12,65.00662156601119,33.6276821329377,72.67346078699912,104.19567819239722,27.30772113217347
2021-01-13,64.39316723340802,32.662843274265526,72.32001346624143,103.87196599182634,27.429639036196008
2021-01-14,64.77319257017916,33.19415629786661,72.37283769586868,103.3316580723893,26.677982933831743
2021-01-15,65.13671034206945,32.957959177905764,72.1878455931974,102.53824151505353,25.41299232103208
2021-01-16,64.68370926546112,33.823351282503886,71.65939810379216,101.90754037939614,25.525193619047872
2021-01-17,65.07022656112082,33.38618256277765,71.35255102500474,101.2508038905466,26.484507070327755
2021-01-18,64.5357316052959,33.74318220157086,71.46069366533013,101.56515901855975,26.066689553444757
2021-01-19,64.12895503264598,33.67743376570434,71.31104416769801,100.29827783289717,25.830298462010294
2021-01-20,63.348004830900834,33.08864068368588,71.32468590373955,100.37053027617594,26.278173304607336
2021-01-21,63.6828342093098,33.55920282478456,71.68700484480608,99.73825296887796,26.85949084098369
2021-01-22,62.70340542972552,32.751894868689824,72.2645448034335,100.09224856964752,26.912252088283964
2021-01-23,62.90013444290133,32.8366663057034,73.59144978451745,100.9141955183915,26.55804418233785
2021-01-24,62.838332061785685,32.897640437695266,73.9770712814684,101.09585887983707,27.221102723340184
2021-01-25,63.70984470136515,32.53243091900927,73.66862268460868,101.5364869997292,26.605973623403493
2021-01-26,63.72615053882172,33.13367449782555,74.2199858642738,101.79082920690334,26.34539166623847
2021-01-27,64.15013433019739,33.24873575569229,74.06104191847501,101.09553139625342,26.63953174388803
2021-01-28,64.40580241232661,34.12408926247987,73.71145188411818,101.48147917799446,25.855188396450007
2021-01-29,64.35420517901784,34.26228494931247,74.02286016316711,101.72871208859169,26.04935664629778
2021-01-30,64.91166613442732,34.5335452790213,74.7297305106005,101.96816261245462,26.61866654240222
2021-01-31,65.10161572428424,33.46617402534119,74.4269671633138,102.02611234030492,27.456936212836062
2021-02-01,65.55096278284418,33.81288603763282,74.58466724861228,101.75185548297138,27.26190205234201
2021-02-02,65.08707764167079,34.038989667065636,74.81284240351965,101.88946494166477,27.041829177810563
2021-02-03,65.35121655427021,33.78687000486528,74.33856027282488,102.4418368739774,27.39930920095142
2021-02-04,65.75209358246371,33.42168692649984,73.6228381954077,102.05852798378058,27.09040732331085
2021-02-05,65.20759169199505,33.3117950468506,72.92141116684299,101.99108989140063,26.936040280422738
2021-02-06,65.17065408049451,33.74356249447381,73.56083582928584,101.83093672973803,27.097092347947054
2021-02-07,64.30148435983745,33.163263389590554,73.3289097216165,101.9176370390837,27.28324262928802
2021-02-08,63.50798437085995,32.51658871700537,73.01377057833078,102.29879091885171,26.32968491459515
2021-02-09,63.478045905232705,32.91934290159841,73.17299746025174,102.38815404923228,25.74648118171256
2021-02-10,64.37816297390023,32.716344749755756,73.82340433670353,103.11309325482794,24.82997454655941
2021-02-11,65.3169352355739,32.64473943329968,73.24105470795853,102.89604048131851,23.996087608498097
2021-02-12,65.16448010515902,32.582767916086624,72.29696214704761,103.23171561112646,23.43673241420893
2021-02-13,64.68874034519953,32.74528203565026,73.03475063164987,103.03498497907309,23.32560040538013
2021-02-14,65.15231091874045,33.37143238886728,73.29164770524297,102.53101856301001,23.262864827590036
2021-02-15,64.1505330772188,32.83986867179848,72.7552964475361,103.26485822698922,22.18698543187885
2021-02-16,63.94894527393973,33.05470203789518,72.53614384451869,103.15956449453957,21.720398178352557
2021-02-17,63.574858028438484,33.04281462254791,72.0349609011815,102.77813945600654,20.96129629069343
2021-02-18,63.53169896698588,33.19684860564939,72.35493219703557,102.5509095031073,20.861180907608123
2021-02-19,64.21935822337846,34.31519821397116,72.86634642250348,103.00112187092124,20.533051087856187
2021-02-20,62.92520884610881,33.69913385477018,73.20098751470017,103.61652459727252,21.162318534415597
2021-02-21,63.08038684118073,34.00297035062369,73.28419405739976,104.33962161233406,21.09258513021076
2021-02-22,63.25200481916662,34.55288368265894,73.47324335732041,104.14493135277256,20.789087292724265
2021-02-23,63.22151067293335,34.05231512857416,73.102404859011,104.06874659539362,20.657942500097718
2021-02-24,63.36719979218653,33.92974894597709,72.88031991790655,104.17557838705783,20.33612212590009
2021-02-25,63.62433139561836,33.67129244157566,72.88331877105288,103.60582851808023,21.006843194560656
2021-02-26,63.70349724960397,34.37494583991641,72.74498018384409,103.73248736041604,20.839219695238803
2021-02-27,62.685994280962404,34.376841325692,72.74526173337775,103.65022886004739,21.067243372276604
2021-02-28,62.241394399689156,33.575029490337975,71.9364797724466,104.48387444176487,21.46207603791302
2021-03-01,63.04019152682614,34.71242775461813,72.3770957955251,104.27411240312557,21.13158823580213
2021-03-02,62.45667626423314,35.54537762374878,71.84103376408586,104.25998822370957,20.22976963478538
2021-03-03,62.49698334601478,36.011835092908065,70.78696041829502,105.12804445121793,19.989415646757674
2021-03-04,62.1363195212969,35.90594922717604,70.42930661618087,104.78319528119603,20.308065635664114
2021-03-05,62.43372271231658,35.35634180975019,70.32148614775952,104.87752788685914,19.460322257829063
2021-03-06,62.33240219240125,35.23009905575985,71.33032092486941,105.22437468463512,19.586726177026996
2021-03-07,62.65977111445359,35.69425096034287,71.08589792215436,104.97981391415078,20.006592339244406
2021-03-08,62.85128950873296,35.59856421818522,71.19076040634464,105.41676029599329,20.702399128666258
2021-03-09,62.65640112091141,35.31925841954204,71.35110361675521,105.30242899915173,21.0413097074797
2021-03-10,61.5418539064517,34.580619270831875,70.5936652131906,105.28111941170623,21.187660810682043
2021-03-11,61.10865438901617,34.12005596157802,70.54103837803139,104.39427282690384,21.2807007804914
2021-03-12,60.50550901534753,33.42897543547109,70.40881622587533,104.47738591231118,20.676744000786716
2021-03-13,59.89859399493704,33.488922307268474,70.4506448439518,104.09431664677629,20.203468418939106
2021-03-14,60.15035680055149,33.894213743422824,70.66217426837139,103.64776131425589,19.337357671458154
2021-03-15,61.162662975905846,33.25638659782369,71.08757357438493,104.04375141185702,19.373330000717832
2021-03-16,59.930074388795816,32.42368333900176,70.65934229028167,104.26807317309974,19.59369052761274
2021-03-17,59.176945764438194,32.42747998611197,70.90094378636785,103.73697721325337,19.65254467177399
2021-03-18,59.292991629078706,32.31302647928416,70.53671662506045,103.07906227676838,19.79438361031822
2021-03-19,59.16628472473168,32.482023455339004,70.08160471251045,102.12158737686323,20.174216604432694
2021-03-20,59.392943698076344,31.73220232978703,70.95789351018789,102.73702802641742,19.51065935820793
2021-03-21,59.36955124985365,32.29975837841706,70.05127070770905,101.18802478043636,19.542082070717257
2021-03-22,60.028323550787576,32.508487426473266,69.79295079465153,101.35661699720457,19.665334019489507
2021-03-23,60.31349147993408,33.07416172171121,69.90410384321757,100.69629623166193,19.430877649810764
2021-03-24,60.75197026413384,32.8414272368702,69.60437056193696,101.20055154940897,18.368003220230946
2021-03-25,61.26094288372954,33.34971394959592,69.67953841922831,101.66143503771438,17.855903349225073
2021-03-26,60.664635202379145,33.06596527630302,69.0081018827263,101.26606155990072,17.601769658783578
2021-03-27,60.95822445769835,33.55312382756247,68.08548470514651,100.97304084272247,17.676568272898443
2021-03-28,61.27965375121861,33.28656340742508,67.64830030595675,100.91702560148511,17.69329694537748
2021-03-29,61.108809162932445,32.33200150419959,67.72436362839905,100.60902394489469,18.65495663366414
2021-03-30,60.93477569805706,32.75255355995742,67.63858858619858,101.08244255384766,19.126792318203456
2021-03-31,60.77474236683868,32.44398351935273,67.95666702245738,101.09316221945166,19.11528242057308
2021-04-01,60.33502228467976,32.91780521468028,67.2443262344113,101.56870024580411,19.175872346135574
2021-04-02,59.64481077497154,32.10517108835781,66.95651592482204,101.4694007741122,19.81121091644202
2021-04-03,60.71762043007105,31.21782382735082,66.92054378246675,102.19768103940993,20.46575196861192
2021-04-04,61.257689826338094,31.013457458701115,66.4360516575705,101.43002664935634,20.63279916894024
2021-04-05,61.27067059486034,31.020475902367103,66.50503960421736,101.21338195258907,21.499455586122792
2021-04-06,60.536959882238165,30.150842455285936,66.36442387232839,101.5493026292037,21.050457587738673
2021-04-07,60.809855973639216,29.844817070343495,66.60784261345768,101.14424823797503,21.036031954257314
2021-04-08,60.627781113469084,29.27156136288779,66.75222802305291,100.5654041309139,22.619152119269817
2021-04-09,60.54947156354814,29.317531954569827,65.8255082559509,99.70120438482438,22.97429338710158
2021-04-10,61.67339895640888,30.431396792500514,66.56178797497594,99.85531079461462,22.903810567514796
2021-04-11,62.62236699704158,30.212533244710436,65.475636703635,100.31869864228922,22.955778929360626
2021-04-12,61.43984081435844,29.893040434690402,64.69968932142343,100.14362482895655,23.045600804588595
2021-04-13,61.62249791295776,29.955682304435005,64.66221633475519,100.43826099133263,23.88057026514771
2021-04-14,61.70528507377347,30.93594030241173,64.81019809031476,101.40028947419756,24.282669464844126
2021-04-15,61.882862212423944,30.380379678602075,64.66905844133962,101.86577864695002,24.243309628059563
2021-04-16,61.603952420790435,30.4021104436361,64.39806081732252,102.27483242742592,23.405294420085145
2021-04-17,61.60539975338713,31.649768936815715,64.35695117268412,102.05494209401296,23.041947812160796
2021-04-18,61.05845406906756,31.305595294176577,64.62054906772735,101.85794220215728,23.071980522316817
2021-04-19,61.5772053618572,31.048622470405267,64.04728773129008,102.03743379743628,23.00717797756575
2021-04-20,62.08067686739287,31.513267391567148,63.49014137688192,102.02433272907066,23.555109131870616
2021-04-21,62.9011677904723,32.41522025114727,63.05736657120599,102.26003938776759,23.43943261379657
2021-04-22,62.51430364079933,33.384812004735444,63.71740825678742,100.94590806361984,23.858767231901304
2021-04-23,62.64914607312901,33.31074008023931,63.903874408023384,100.65116179359804,23.122729939387224
2021-04-24,63.67086404147228,32.83938204353191,64.19006466197081,101.20215127365745,22.8604882164093
2021-04-25,63.33320265826234,32.527441178929145,64.98558033172961,100.27090874103793,23.207828013256627
2021-04-26,62.8285021265664,31.980848556004972,65.3792836541208,99.88822689428306,24.241471049226448
2021-04-27,62.97865232540995,32.019363698490835,65.45750175875528,99.76732750924265,24.170463488918415
2021-04-28,63.56121090025189,32.35246053316478,66.2366576545489,98.85526694998006,24.584859727580334
2021-04-29,63.227656270770794,32.45039158536285,65.75082295289758,99.1470664626006,25.252932839195214
2021-04-30,64.19408237764547,32.204209103739245,65.61816548442283,99.34241508944876,25.72953367097289
2021-05-01,63.73620592637244,32.67720608387744,66.19629448654047,98.34943399197968,26.10367035188652
2021-05-02,64.06529286397824,32.94403167135302,65.09931390504273,98.183648968417,25.926690414739138
2021-05-03,63.72696227398751,33.18553926022242,64.70093025259494,98.05492943616245,26.68643025802962
2021-05-04,63.49400067276607,33.58593739309863,65.09572260626449,98.3778322297071,26.0274134810976
2021-05-05,63.905315182636656,33.746191839499964,65.14901945409116,98.74462144464994,25.393944860884243
2021-05-06,63.80070601681899,33.688700069661415,65.40592879731777,99.15033700143313,26.327642846351118
2021-05-07,63.04113710578038,33.081457457038375,64.44771928213422,99.67701500229742,26.50845279590642
2021-05-08,62.641809287977345,32.93047311186233,64.02723194536593,99.7813784089986,25.88946280915518
2021-05-09,63.00265614428466,32.54325316383091,64.35182605241792,100.53485464977162,25.172658856891122
2021-05-10,63.20139601804043,33.42427417599053,63.90084348783185,100.82664959149474,24.434765778766224
2021-05-11,63.564179472801015,34.25517798584577,64.31326787372704,100.80574217922349,25.451944005469326
2021-05-12,63.26284200463085,34.97292990760001,64.45699678426675,101.67568613828547,25.411321509534783
2021-05-13,62.732862962552744,34.771217279500696,63.87098216382735,101.30016754976468,25.152668830831857
2021-05-14,62.32346066615821,34.71075502957455,64.04373308216861,101.35342491196246,25.967060055735782
