vibration,temperature,rpm,noise_level,oil_pressure,fault_type
0.87,77.9,3665.0,89.1,23.1,engine
1.62,73.3,3063.0,68.6,71.1,transmission
3.39,72.9,4143.0,60.1,40.3,engine
3.05,68.9,1560.0,76.9,45.9,transmission
0.38,85.6,4062.0,66.2,75.5,transmission
4.32,75.7,1814.0,72.6,46.4,suspension
1.06,113.6,1007.0,67.0,37.9,brake
2.21,101.3,1107.0,40.7,23.6,transmission
7.87,104.6,1495.0,62.6,46.6,normal
4.95,84.2,3571.0,47.0,59.3,suspension
3.73,96.0,1598.0,64.2,36.2,transmission
1.85,90.0,3217.0,37.5,63.1,suspension
8.66,70.0,1654.0,43.9,48.7,normal
9.04,62.9,2144.0,78.5,71.5,suspension
5.19,101.0,4504.0,54.3,29.7,suspension
9.21,67.3,2752.0,70.4,65.4,transmission
4.65,63.4,3201.0,59.9,76.0,engine
1.07,86.5,1352.0,50.4,64.5,suspension
0.17,104.3,1092.0,59.7,44.4,transmission
1.28,106.1,2359.0,78.8,33.8,normal
6.23,112.4,4349.0,46.9,25.9,normal
3.21,72.0,1584.0,55.3,58.5,engine
6.48,119.1,3298.0,42.2,28.6,normal
5.08,105.8,4424.0,51.1,70.3,transmission
3.33,69.4,4705.0,83.1,77.6,engine
2.19,110.4,4972.0,77.1,28.1,transmission
0.81,89.9,3933.0,52.4,42.6,engine
7.82,64.0,838.0,37.9,76.2,engine
8.19,67.9,4422.0,55.2,48.2,transmission
5.41,86.0,4485.0,76.3,52.1,engine
1.57,91.8,3008.0,32.6,64.9,transmission
2.64,116.8,803.0,74.7,32.6,normal
9.55,72.9,2645.0,70.8,78.7,normal
2.26,88.4,1448.0,33.9,66.9,suspension
0.57,73.6,2489.0,68.1,29.7,brake
5.5,93.5,3759.0,47.9,26.7,brake
2.62,114.6,3504.0,40.6,76.1,normal
9.57,94.1,4010.0,53.1,61.1,suspension
5.75,90.6,2644.0,42.3,22.3,brake
9.66,105.0,2799.0,79.5,28.5,transmission
7.86,68.9,4711.0,74.5,22.9,transmission
7.23,114.3,3340.0,88.8,78.4,engine
8.3,94.7,3864.0,62.0,49.9,brake
6.05,101.2,3490.0,35.4,47.7,transmission
0.11,109.1,3382.0,52.1,77.3,brake
3.92,98.1,4611.0,80.3,50.3,engine
2.19,98.5,2104.0,53.8,51.1,normal
4.34,103.8,2425.0,57.3,79.0,suspension
4.71,63.1,2209.0,54.7,26.7,engine
1.28,82.9,3943.0,44.1,79.1,engine
0.23,117.8,4408.0,34.4,29.9,engine
1.38,75.5,2109.0,40.8,48.4,suspension
8.57,92.5,1141.0,51.8,40.3,transmission
7.56,70.5,2723.0,44.7,77.3,brake
7.99,79.4,4929.0,64.4,49.1,normal
2.76,103.0,1417.0,66.8,21.4,normal
2.36,98.6,2534.0,64.2,33.3,suspension
0.37,84.9,1721.0,35.1,45.8,normal
4.72,116.3,4652.0,70.0,60.6,suspension
3.82,106.5,2979.0,53.1,53.7,suspension
8.36,76.1,3104.0,82.7,71.0,brake
6.82,87.9,537.0,61.5,69.7,brake
1.44,112.7,3438.0,35.1,55.4,suspension
9.87,61.3,1879.0,30.6,54.3,brake
7.71,94.9,2810.0,72.2,36.7,transmission
7.2,73.9,2890.0,54.0,77.5,engine
2.17,63.8,3165.0,47.3,24.6,normal
9.05,114.8,4206.0,56.8,43.8,normal
4.74,109.0,1845.0,34.3,59.7,normal
2.98,71.1,1653.0,53.5,76.7,normal
6.55,110.2,4081.0,48.9,50.1,transmission
2.12,68.8,3734.0,78.0,73.8,transmission
9.08,88.6,1515.0,40.5,26.3,engine
8.54,103.5,504.0,75.4,51.9,suspension
4.65,92.0,3497.0,60.0,39.0,brake
1.91,111.0,1207.0,34.9,67.7,engine
4.97,97.0,4806.0,88.2,46.7,normal
1.49,85.9,3220.0,74.1,48.5,brake
2.7,115.5,4323.0,45.6,23.9,engine
4.83,62.2,4125.0,64.9,46.3,normal
0.21,89.3,3010.0,84.0,24.8,engine
7.66,99.6,2473.0,85.8,38.0,normal
1.97,110.2,2736.0,73.9,27.6,normal
8.67,92.5,4113.0,73.7,40.1,transmission
0.22,113.1,3382.0,46.6,33.6,normal
5.32,85.6,1426.0,89.4,37.1,engine
7.77,79.0,3242.0,44.6,28.9,brake
2.38,118.4,2321.0,35.4,46.4,transmission
7.08,100.0,776.0,88.6,49.9,brake
7.21,85.5,2216.0,39.2,70.2,suspension
6.38,112.7,1524.0,61.3,52.3,brake
3.64,101.0,4274.0,58.1,33.7,suspension
7.85,98.3,972.0,80.9,64.2,suspension
6.28,103.7,2123.0,53.8,37.8,transmission
5.9,104.3,3630.0,60.1,65.4,brake
8.19,89.6,4538.0,32.6,43.2,normal
2.45,85.2,2009.0,42.5,50.8,transmission
2.32,114.6,3229.0,80.0,50.2,transmission
3.86,89.8,2181.0,58.7,77.3,normal
0.73,72.9,1413.0,43.9,29.2,brake
3.37,91.3,1966.0,52.1,76.3,transmission
4.06,62.1,3362.0,47.1,53.7,suspension
4.95,103.4,3724.0,63.4,79.6,normal
2.54,67.6,2168.0,33.1,54.4,engine
9.07,66.7,1186.0,43.5,59.4,transmission
2.85,116.8,1128.0,51.3,65.0,suspension
8.52,106.4,4157.0,85.7,69.3,brake
4.45,84.9,3440.0,67.4,48.7,brake
7.18,74.4,3776.0,60.3,60.7,normal
1.11,110.6,2697.0,41.4,56.9,suspension
5.45,118.1,2558.0,63.5,44.4,normal
9.61,90.5,1450.0,85.7,69.2,transmission
6.66,94.8,1258.0,64.0,31.5,normal
8.2,74.6,1193.0,39.9,30.0,engine
2.61,95.4,4963.0,89.8,64.2,normal
8.0,84.0,4194.0,59.9,58.2,normal
3.51,110.7,3318.0,49.2,39.1,transmission
4.85,82.6,1465.0,60.2,58.1,suspension
1.88,98.9,2019.0,45.8,66.2,engine
4.86,72.2,2079.0,31.8,33.0,normal
5.16,65.4,2650.0,83.4,54.9,transmission
6.22,62.4,2399.0,55.7,69.5,transmission
8.69,84.9,4704.0,75.2,44.7,transmission
3.05,69.8,3744.0,88.3,54.3,suspension
9.84,119.6,866.0,68.0,24.7,normal
8.48,107.9,2120.0,71.5,69.8,brake
4.03,101.6,1098.0,86.6,67.8,engine
2.27,108.2,1757.0,61.0,47.4,brake
0.71,75.8,4815.0,49.2,27.2,suspension
2.34,112.8,3674.0,85.3,59.6,normal
8.85,119.7,535.0,34.1,54.4,brake
2.92,77.4,1980.0,42.9,75.2,brake
1.38,119.1,2474.0,50.5,36.8,brake
0.23,79.2,3211.0,76.9,21.9,engine
2.98,60.7,2749.0,84.2,35.3,normal
2.16,82.0,814.0,57.1,45.7,transmission
1.02,119.9,2820.0,47.2,29.3,normal
9.51,98.1,1086.0,51.2,78.8,brake
2.68,101.7,2836.0,69.4,33.3,normal
0.06,74.3,1607.0,39.5,60.7,transmission
9.44,68.8,1149.0,62.8,47.2,engine
5.79,113.1,1796.0,65.3,53.3,normal
0.83,84.8,948.0,72.5,76.0,normal
0.31,60.2,1778.0,66.2,51.9,engine
1.08,77.7,4401.0,35.8,38.3,engine
5.91,71.7,1882.0,71.3,33.2,brake
0.62,96.2,2616.0,31.3,73.5,brake
5.68,105.4,2839.0,53.4,79.2,engine
6.53,89.8,1302.0,55.0,35.1,transmission
1.48,71.2,2488.0,37.0,63.3,brake
4.88,63.5,4338.0,30.6,50.3,transmission
9.64,78.8,862.0,34.3,61.9,engine
8.36,108.4,4653.0,56.8,77.9,normal
7.23,85.2,4420.0,44.4,36.6,engine
5.18,75.1,4351.0,34.1,64.4,engine
3.94,61.2,1393.0,45.4,46.3,suspension
4.51,89.8,2679.0,61.7,59.2,engine
7.65,101.1,3273.0,74.5,44.4,brake
5.54,71.4,950.0,54.7,62.5,normal
7.65,92.2,3006.0,66.8,40.3,transmission
9.7,85.2,4280.0,65.8,49.3,suspension
6.41,102.2,4714.0,83.8,62.5,brake
6.03,111.6,1752.0,40.8,22.6,normal
4.06,78.4,1799.0,58.6,39.7,transmission
1.97,114.3,1718.0,67.9,52.8,normal
3.74,102.4,1191.0,61.2,24.4,brake
5.2,62.2,2438.0,57.0,62.2,normal
0.35,107.5,4030.0,88.4,68.8,engine
4.76,89.7,3704.0,86.5,29.8,normal
8.62,116.7,4551.0,66.7,64.0,engine
9.77,79.4,2101.0,56.4,58.8,brake
8.56,95.5,3075.0,75.3,44.7,suspension
1.72,117.4,3949.0,60.8,29.9,engine
1.55,76.3,4542.0,89.7,77.3,normal
3.93,88.3,4423.0,71.2,47.8,normal
2.25,105.1,2595.0,34.1,31.0,normal
6.76,101.5,4581.0,54.1,63.1,brake
0.85,110.3,2498.0,73.8,56.5,transmission
4.44,91.2,4563.0,80.5,69.0,normal
2.8,79.1,3996.0,78.8,79.8,normal
5.95,92.1,1497.0,88.6,22.7,engine
7.97,81.0,4684.0,59.3,64.4,suspension
9.24,70.6,1591.0,38.4,79.3,normal
9.64,93.3,4588.0,69.1,52.3,brake
3.51,62.9,3268.0,34.2,62.9,transmission
8.56,62.2,3503.0,88.4,46.5,transmission
5.92,63.9,992.0,75.5,41.4,transmission
6.92,100.4,796.0,88.9,61.8,brake
8.51,84.4,4858.0,52.6,79.3,transmission
1.3,89.6,2016.0,30.9,25.5,transmission
9.47,80.6,4300.0,61.3,45.3,engine
5.47,75.2,3670.0,37.3,76.4,transmission
3.36,81.5,3219.0,70.8,26.8,engine
3.39,71.6,3583.0,59.9,59.1,engine
7.51,100.7,902.0,75.2,45.8,engine
6.79,66.1,2356.0,47.5,42.6,brake
7.29,91.0,3232.0,79.7,32.6,normal
2.53,88.6,4404.0,69.0,30.6,suspension
1.7,78.1,3716.0,89.3,51.0,transmission
7.22,66.1,1638.0,40.7,42.6,suspension
